Report ID,Report Version,Reporting Entity,Report Type,Report Month,Report Year,Report Submission Date,VIN,VIN - Unknown,Serial Number,Make,Model,Model - Unknown,Model Year,Model Year - Unknown,Same Vehicle ID,Mileage,Mileage - Unknown,Driver / Operator Type,ADAS/ADS System Version,ADAS/ADS System Version - Unk,ADAS/ADS System Version CBI,ADAS/ADS Hardware Version,ADAS/ADS Hardware Version - Unk,ADAS/ADS Hardware Version CBI,ADAS/ADS Software Version,ADAS/ADS Software Version - Unk,ADAS/ADS Software Version CBI,Other Reporting Entities?,Other Reporting Entities? - Unk,Other Reporting Entities? - NA,Federal Regulatory Exemption?,Other Federal Reg. Exemption,Federal Reg. Exemption - Unk,Federal Reg. Exemption - No,State or Local Permit?,State or Local Permit,ADS Equipped?,Automation System Engaged?,Operating Entity,Operating Entity - Unknown,Source - Complaint/Claim,Source - Telematics,Source - Law Enforcement,Source - Field Report,Source - Testing,Source - Media,Source - Other,Source - Other Text,Incident Date,Incident Date - Unknown,Notice Received Date,Incident Time (24:00),Incident Time - Unknown,Same Incident ID,Latitude,Latitude - Unknown,Longitude,Longitude - Unknown,Address,Address - Unknown,City,City - Unknown,State,Zip Code,Zip Code - Unknown,Roadway Type,Roadway Surface,Roadway Description,Posted Speed Limit (MPH),Posted Speed Limit - Unknown,Lighting,Weather - Clear,Weather - Snow,Weather - Cloudy,Weather - Fog/Smoke,Weather - Rain,Weather - Severe Wind,Weather - Unknown,Weather - Other,Weather - Other Text,Crash With,Highest Injury Severity Alleged,Property Damage?,CP Pre-Crash Movement,CP Any Air Bags Deployed?,CP Was Vehicle Towed?,CP Contact Area - Rear Left,CP Contact Area - Left,CP Contact Area - Front Left,CP Contact Area - Rear,CP Contact Area - Top,CP Contact Area - Front,CP Contact Area - Rear Right,CP Contact Area - Right,CP Contact Area - Front Right,CP Contact Area - Bottom,CP Contact Area - Unknown,SV Pre-Crash Movement,SV Any Air Bags Deployed?,SV Was Vehicle Towed?,SV Were All Passengers Belted?,SV Precrash Speed (MPH),SV Pre-crash Speed - Unknown,SV Contact Area - Rear Left,SV Contact Area - Left,SV Contact Area - Front Left,SV Contact Area - Rear,SV Contact Area - Top,SV Contact Area - Front,SV Contact Area - Rear Right,SV Contact Area - Right,SV Contact Area - Front Right,SV Contact Area - Bottom,SV Contact Area - Unknown,Data Availability - EDR,Data Availability - Police Rpt,Data Availability - Telematics,Data Availability - Complaints,Data Availability - Video,Data Availability - Other,Data Availability - No Data,Data Availability - Unknown,Law Enforcement Investigating?,Investigating Agency,Investigating Agency - Unknown,Rep Ent Or Mfr Investigating?,Investigating Officer Name,Inv. Officer Name - Unknown,Investigating Officer Phone,Inv. Officer Phone - Unknown,Investigating Officer Email,Inv. Officer Email - Unknown,Within ODD?,Within ODD? - CBI,Narrative,Narrative - CBI?
30410-10855,2,Motional,10-Day Update,,,MAY-2025,PFDKB4AE0RF, ,n/a,Hyundai,Ioniq 5, ,2024, ,d6e153c4454ec88,,Y,In-Vehicle (Commercial / Test),"[REDACTED, MAY CONTAIN CONFIDENTIAL BUSINESS INFORMATION]", ,Y,"[REDACTED, MAY CONTAIN CONFIDENTIAL BUSINESS INFORMATION]", ,Y,"[REDACTED, MAY CONTAIN CONFIDENTIAL BUSINESS INFORMATION]", ,Y,Hyundai Motor America, , ,,, ,Y,Yes (specify below),NV,Yes,ADS,Motional, , , , ,Y, , , ,,MAY-2025, ,MAY-2025,20:23, ,c397f44794adc7e,[MAY CONTAIN PERSONALLY IDENTIFIABLE INFORMATION], ,[MAY CONTAIN PERSONALLY IDENTIFIABLE INFORMATION], ,[MAY CONTAIN PERSONALLY IDENTIFIABLE INFORMATION], ,Las Vegas, ,NV ,[MAY CONTAIN PERSONALLY IDENTIFIABLE INFORMATION], ,Intersection,Dry,"Other, see Narrative",,Y,Dark - Lighted,Y, , , , , , , ,,Non-Motorist: Cyclist,No Injuries Reported,No,"Other, see Narrative",,, , , , , , , , , , , ,Making Left Turn,No,No,Yes,0, , , , , , , , ,Y, , , , , , , ,Y, , , ,No,, ,Yes,, ,, ,, ,Yes, ,"Motional submits this 10 Day update following continued investigation of the event. On May [XXX], 2025, at 8:25 PM PT, a Motional AV with VIN [XXX] was operating in autonomous mode in Las Vegas, Nevada. A safety driver was in the driver's seat, and a test engineer was in the passenger seat.
The AV was traveling westbound on [REDACTED, MAY CONTAIN CONFIDENTIAL BUSINESS INFORMATION] and was making a left turn onto the leftmost lane of two lanes on southbound [XXX] at a green light. In the further of the two lanes, there was a stopped construction vehicle with a construction worker walking around the outside of his vehicle. The Motional AV had the green light and right of way, and the southbound traffic had a red light. A group of cyclists on southbound [REDACTED, MAY CONTAIN CONFIDENTIAL BUSINESS INFORMATION], ignored the red light signal and began traveling southbound towards the AV located in the intersection and attempting to complete its left hand turn. The cyclists entered the intersection while the AV was partway through completing its turn. Once the AV perceived the cyclists ignoring the red light signal and moving on a trajectory towards the AV, it braked and came to a stop, maintaining distance with the construction worker outside his vehicle and on the other side of the intersection. One cyclist (the first cyclist of the group to pass through the intersection) made contact with the stopped AV but did not fall, stop, or sustain any injury. The cyclist then continued riding along with and caught up to the larger group of cyclists.
Following the contact, the safety driver assumed control of the vehicle and safely pulled over to the side of the road to initiate Motional's incident response protocol. No damage was sustained, and there were no injuries. Law enforcement was not contacted.",Y
30270-10836,2,Waymo LLC,10-Day Update,,,MAY-2025,SADHW2S11M1, ,N/A,JLR,I-PACE, ,2021, ,8bde2442583b079,155878, ,None,5th Generation ADS, , ,5th Generation, , ,Version 9, , ,, ,Y,,, ,Y,Yes (specify below),ADOT,Yes,ADS,Waymo LLC, , ,Y, , , , , ,,MAY-2025, ,MAY-2025,21:49, ,21e573eb1486b06,[MAY CONTAIN PERSONALLY IDENTIFIABLE INFORMATION], ,[MAY CONTAIN PERSONALLY IDENTIFIABLE INFORMATION], ,[MAY CONTAIN PERSONALLY IDENTIFIABLE INFORMATION], ,Phoenix, ,AZ ,[MAY CONTAIN PERSONALLY IDENTIFIABLE INFORMATION], ,Intersection,Dry,No Unusual Conditions,35, ,Dark - Lighted,Y, , , , , , , ,,Non-Motorist: Other,No Injuries Reported,Yes,Making Left Turn,,, , , , , , , , , , , ,Proceeding Straight,No,No,No Passengers in Vehicle,6, , , , , , , , , ,Y, , , , ,Y, ,Y,Y, , ,Yes,,Y,Yes,,Y,,Y,,Y,Yes, ,"The content of this report is unchanged from the initial report submitted on May 18, 2025 [REDACTED, MAY CONTAIN CONFIDENTIAL BUSINESS INFORMATION]. 
On May [XXX], 2025 at 9:49 PM PT a Waymo Autonomous Vehicle (""Waymo AV"") operating in Phoenix, Arizona was involved in a collision involving a vulnerable road user on a scooter (""scooterist"") at the intersection of [XXX] and [XXX].
The Waymo AV was in autonomous mode traveling northbound on [XXX] in the left of two lanes headed straight. As the Waymo AV entered the intersection with [XXX] facing a green light, a scooterist traveling west on [XXX] entered the intersection against the red light and turned left into the path of the Waymo AV. The Waymo AV braked but the scooterist continued forward and made contact with the front bumper of the Waymo AV. After contact, the scooterist left the scene with no reported or apparent injuries. At the time of the impact, the Waymo AV's Level 4 ADS was engaged in autonomous mode. The Waymo AV sustained damage. 
Waymo is reporting this crash under Request No. 1 of Standing General Order 2021-01 because a vulnerable road user was involved. Waymo may supplement or correct its reporting with additional information as it may become available.", 
30270-10869,1,Waymo LLC,5-Day,,,MAY-2025,SADHW2S10R1, ,N/A,Jaguar,I-Pace, ,2024, ,a9c5edef0ceff01,37218, ,None,5th Generation ADS, , ,5th Generation, , ,Version 9, , ,, ,Y,,, ,Y,Yes (specify below),ADOT,Yes,ADS,Waymo LLC, , ,Y, , , , , ,,MAY-2025, ,MAY-2025,07:36, ,aa2bae513094cf7,[MAY CONTAIN PERSONALLY IDENTIFIABLE INFORMATION], ,[MAY CONTAIN PERSONALLY IDENTIFIABLE INFORMATION], ,[MAY CONTAIN PERSONALLY IDENTIFIABLE INFORMATION], ,Chandler, ,AZ ,[MAY CONTAIN PERSONALLY IDENTIFIABLE INFORMATION], ,Intersection,Dry,No Unusual Conditions,45, ,Daylight,Y, , , , , , , ,,SUV,No Injuries Reported,Yes,Proceeding Straight,No,No, , , , , ,Y, , , , , ,Proceeding Straight,No,Yes,No Passengers in Vehicle,33, , , , , , , , ,Y, , , , , ,Y, ,Y,Y, , ,Yes,Chandler Police Department, ,Yes,[MAY CONTAIN PERSONALLY IDENTIFIABLE INFORMATION], ,,Y,,Y,Yes, ,"On May [XXX], 2025 at 7:36 AM MT a Waymo Autonomous Vehicle (""Waymo AV"") operating in Chandler, Arizona was in a collision involving an SUV on [XXX] at [XXX]. 
The Waymo AV was traveling northbound on [XXX] in the left lane. As the Waymo AV proceeded through the intersection at [XXX], an SUV traveling westbound on [XXX] emerged from around and behind a stopped heavy truck, entering the intersection and the Waymo AV's lane of travel. The front of the SUV made contact with the passenger side of the Waymo AV. At the time of the impact, the Waymo AV's Level 4 ADS was engaged in autonomous mode. Both vehicles sustained damage.
Waymo is reporting this crash under Request No. 1 of Standing General Order 2021-01 because a vehicle involved was towed away. Waymo may supplement or correct its reporting with additional information as it may become available.", 
30270-10863,1,Waymo LLC,5-Day,,,MAY-2025,SADHW2S1XR1, ,N/A,Jaguar,I-PACE, ,2024, ,8e26baf28251fab,11781, ,None,5th Generation ADS, , ,5th Generation, , ,Version 9, , ,, ,Y,,, ,Y,Yes (specify below),ADOT,Yes,ADS,Waymo LLC, , ,Y, , , , , ,,MAY-2025, ,MAY-2025,09:27, ,f28c3fe08136617,[MAY CONTAIN PERSONALLY IDENTIFIABLE INFORMATION], ,[MAY CONTAIN PERSONALLY IDENTIFIABLE INFORMATION], ,[MAY CONTAIN PERSONALLY IDENTIFIABLE INFORMATION], ,Chandler, ,AZ ,[MAY CONTAIN PERSONALLY IDENTIFIABLE INFORMATION], ,Parking Lot,Dry,No Unusual Conditions,15, ,Daylight,Y, , , , , , , ,,"Other, see Narrative",No Injuries Reported,Yes,"Other, see Narrative",Not Applicable,Not Applicable, , , , , , , , , , ,Y,Proceeding Straight,No,Yes,No Passengers in Vehicle,9, , , , , , , , , , ,Y, , , ,Y, ,Y,Y, , ,No,, ,Yes,, ,, ,, ,Yes, ,"On May [XXX], 2025 at 9:27 AM MT a Waymo Autonomous Vehicle (""Waymo AV"") operating in Chandler, Arizona was in a collision involving an elevated gate track in a parking lot at [XXX]. 
The Waymo AV was traveling eastbound in a parking lot at [XXX] through a gate opening when the bottom of the Waymo AV made contact with the elevated gate track. At the time of the impact, the Waymo AV's Level 4 ADS was engaged in autonomous mode. The Waymo AV sustained damage.
Waymo is reporting this crash under Request No. 1 of Standing General Order 2021-01 because a vehicle involved was towed away. Waymo may supplement or correct its reporting with additional information as it may become available.", 
669-10862,1,Hyundai Motor America,1-Day,,,MAY-2025,PFDKB4AE0RF, ,N/A,Hyundai,IONIQ 5, ,2024, ,d6e153c4454ec88,,Y,In-Vehicle (Commercial / Test),,Y, ,,Y, ,,Y, ,Motional, , ,,, ,Y,Yes (specify below),Nevada,Yes,ADS,Motional, , , , ,Y, , , ,,MAY-2025, ,MAY-2025,08:23, ,c397f44794adc7e,[MAY CONTAIN PERSONALLY IDENTIFIABLE INFORMATION], ,[MAY CONTAIN PERSONALLY IDENTIFIABLE INFORMATION], ,[MAY CONTAIN PERSONALLY IDENTIFIABLE INFORMATION], ,Las Vegas, ,NV ,[MAY CONTAIN PERSONALLY IDENTIFIABLE INFORMATION], ,Intersection,Dry,"Other, see Narrative",,Y,Dark - Lighted,Y, , , , , , , ,,Non-Motorist: Cyclist,No Injuries Reported,No,"Other, see Narrative",,, , , , , , , , , , , ,Making Left Turn,No,No,Yes,0, , , , , , , , , , , ,Y, , , , , , ,Y, ,No,, ,Yes,, ,, ,, ,Yes, ,"In collaboration with Motional, below is a summary based on their provided statement:
A Motional AV with VIN [XXX] was operating in autonomous mode in Las Vegas, Nevada at approximately 8:23PM PT, with a safety driver at the wheel and an engineer in the front passenger seat.
The AV was traveling westbound on [XXX] and was making a left turn onto the leftmost lane of two lanes on southbound [XXX] at a green light. The Motional AV stopped in the intersection based on the perceived movement of the construction worker into its lane and while westbound traffic had the right of way and north and southbound traffic had a red light.
A cyclist ignored the signal and began traveling southbound toward the AV. While the larger group of cyclists ignored the red light, the one cyclist made contact with the stopped AV but did not fall, stop, or sustain any injury. The cyclist then continued riding along and caught up with the larger group of cyclists.
Law enforcement was not contacted at the time of the incident if a police report becomes available, a copy will be provided.", 
30270-10852,1,Waymo LLC,5-Day,,,MAY-2025,SADHW2S19R1, ,N/A,Jaguar,I-Pace, ,2024, ,e01ebdec587ae9c,23825, ,None,5th Generation ADS, , ,5th Generation, , ,Version 9, , ,, ,Y,,, ,Y,Yes (specify below),ADOT,Yes,ADS,Waymo LLC, , ,Y, , , , , ,,MAY-2025, ,MAY-2025,22:37, ,ded401a445ecb83,[MAY CONTAIN PERSONALLY IDENTIFIABLE INFORMATION], ,[MAY CONTAIN PERSONALLY IDENTIFIABLE INFORMATION], ,[MAY CONTAIN PERSONALLY IDENTIFIABLE INFORMATION], ,Phoenix, ,AZ ,[MAY CONTAIN PERSONALLY IDENTIFIABLE INFORMATION], ,Parking Lot,Dry,No Unusual Conditions,15, ,Dark - Lighted,Y, , , , , , , ,,SUV,No Injuries Reported,Yes,Proceeding Straight,No,No, , ,Y, , , , , , , , ,Making Left Turn,No,Yes,"No, see Narrative",6, , , , , , , , , ,Y, , , , ,Y, ,Y,Y, , ,Yes,Phoenix Police Department, ,Yes,[MAY CONTAIN PERSONALLY IDENTIFIABLE INFORMATION], ,[MAY CONTAIN PERSONALLY IDENTIFIABLE INFORMATION], ,,Y,Yes, ,"On May [XXX], 2025 at 10:37 PM MST a Waymo Autonomous Vehicle (""Waymo AV"") operating in Phoenix, Arizona was in a collision involving an SUV in the parking lot of [XXX]. 
The Waymo AV was traveling westbound in a parking lot at [XXX] after a passenger pick-up and approached the corner of a building to the right of the Waymo AV. The Waymo AV began a left turn where the parking lot intersects the corner of the building and an SUV traveling southbound emerged from behind the corner of the building. The front passenger side of the Waymo AV made contact with the front driver side of the SUV. At the time of the impact, the Waymo AV's Level 4 ADS was engaged in autonomous mode. Two of the three passengers seated in the Waymo AV were not belted at the time of the collision, which occurred at the start of the trip. Both vehicles sustained damage.
Waymo is reporting this crash under Request No. 1 of Standing General Order 2021-01 because a vehicle involved was towed away. Waymo may supplement or correct its reporting with additional information as it may become available.", 
30410-10855,1,Motional,1-Day,,,MAY-2025,PFDKB4AE0RF, ,n/a,Hyundai,Ioniq 5, ,2024, ,d6e153c4454ec88,,Y,In-Vehicle (Commercial / Test),,Y, ,,Y, ,,Y, ,Hyundai Motor America, , ,,, ,Y,Yes (specify below),NV,Yes,ADS,Motional, , , , ,Y, , , ,,MAY-2025, ,MAY-2025,20:23, ,c397f44794adc7e,[MAY CONTAIN PERSONALLY IDENTIFIABLE INFORMATION], ,[MAY CONTAIN PERSONALLY IDENTIFIABLE INFORMATION], ,[MAY CONTAIN PERSONALLY IDENTIFIABLE INFORMATION], ,Las Vegas, ,NV ,[MAY CONTAIN PERSONALLY IDENTIFIABLE INFORMATION], ,Intersection,Dry,"Other, see Narrative",,Y,Dark - Lighted,Y, , , , , , , ,,Non-Motorist: Cyclist,No Injuries Reported,No,"Other, see Narrative",,, , , , , , , , , , , ,Making Left Turn,No,No,Yes,0, , , , , , , , ,Y, , , , , , , ,Y, , , ,No,, ,Yes,, ,, ,, ,Yes, ,"On May [XXX], 2025, at 8:25 PM PT, a Motional AV with VIN [XXX] was operating in autonomous mode in Las Vegas, Nevada. A safety driver was in the driver's seat, and a test engineer was in the passenger seat.
The AV was traveling westbound on [XXX] and was making a left turn onto the leftmost lane of two lanes on southbound [XXX] at a green light. In the further of the two lanes, there was a stopped construction vehicle. Partway through the turn, the AV perceived a construction worker intending to step around the stopped construction vehicle to place traffic cones around the construction vehicle.   The Motional AV subsequently stopped in the intersection based on the perceived movement of the construction worker into its lane, while westbound traffic had the right of way, and the southbound traffic had a red light.
A cyclist, who had previously been stopped at a red light on southbound [XXX] along with a larger group of cyclists, ignored the signal and began traveling southbound toward the AV. While the larger group of cyclists ignored the red light, the one cyclist made contact with the stopped AV but did not fall, stop, or sustain any injury. The cyclist then continued riding along with and caught up to the larger group of cyclists.
Following the contact, the safety driver assumed control of the vehicle and safely pulled over to the side of the road to initiate Motional's incident response protocol. No damage was sustained, and there were no injuries. Law enforcement was not contacted.", 
30270-10836,1,Waymo LLC,1-Day,,,MAY-2025,SADHW2S11M1, ,N/A,JLR,I-PACE, ,2021, ,8bde2442583b079,155878, ,None,5th Generation ADS, , ,5th Generation, , ,Version 9, , ,, ,Y,,, ,Y,Yes (specify below),ADOT,Yes,ADS,Waymo LLC, , ,Y, , , , , ,,MAY-2025, ,MAY-2025,21:49, ,21e573eb1486b06,[MAY CONTAIN PERSONALLY IDENTIFIABLE INFORMATION], ,[MAY CONTAIN PERSONALLY IDENTIFIABLE INFORMATION], ,[MAY CONTAIN PERSONALLY IDENTIFIABLE INFORMATION], ,Phoenix, ,AZ ,[MAY CONTAIN PERSONALLY IDENTIFIABLE INFORMATION], ,Intersection,Dry,No Unusual Conditions,35, ,Dark - Lighted,Y, , , , , , , ,,Non-Motorist: Other,No Injuries Reported,Yes,Making Left Turn,,, , , , , , , , , , , ,Proceeding Straight,No,No,No Passengers in Vehicle,6, , , , , , , , , ,Y, , , , ,Y, ,Y,Y, , ,Yes,,Y,Yes,,Y,,Y,,Y,Yes, ,"On May [XXX], 2025 at 9:49 PM PT a Waymo Autonomous Vehicle (Waymo AV) operating in Phoenix, Arizona was involved in a collision involving a vulnerable road user on a scooter (scooterist) at the intersection of [XXX] and [XXX].
The Waymo AV was in autonomous mode traveling northbound on [XXX] in the left of two lanes headed straight. As the Waymo AV entered the intersection with [XXX] facing a green light, a scooterist traveling west on [XXX] entered the intersection against the red light and turned left into the path of the Waymo AV. The Waymo AV braked but the scooterist continued forward and made contact with the front bumper of the Waymo AV. After contact, the scooterist left the scene with no reported or apparent injuries. At the time of the impact, the Waymo AVs Level 4 ADS was engaged in autonomous mode. The Waymo AV sustained damage. 
Waymo is reporting this crash under Request No. 1 of Standing General Order 2021-01 because a vulnerable road user was involved. Waymo may supplement or correct its reporting with additional information as it may become available.", 
30270-10833,1,Waymo LLC,5-Day,,,MAY-2025,SADHW2S10R1, ,N/A,Jaguar,I-PACE, ,2024, ,4ad5ae69bab291a,9945, ,None,5th Generation ADS, , ,5th Generation, , ,Version 9, , ,, ,Y,,, ,Y,Yes (specify below),ADOT,Yes,ADS,Waymo LLC, , ,Y, , , , , ,,MAY-2025, ,MAY-2025,05:28, ,f2792c77e77c962,[MAY CONTAIN PERSONALLY IDENTIFIABLE INFORMATION], ,[MAY CONTAIN PERSONALLY IDENTIFIABLE INFORMATION], ,[MAY CONTAIN PERSONALLY IDENTIFIABLE INFORMATION], ,Tempe, ,AZ ,[MAY CONTAIN PERSONALLY IDENTIFIABLE INFORMATION], ,Intersection,Dry,No Unusual Conditions,35, ,Daylight,Y, , , , , , , ,,Passenger Car,No Injuries Reported,Yes,Stopped,No,No, , , , , , , , ,Y, , ,Stopped,No,No,Yes,0, , , , ,Y, , , , , , , , , ,Y, ,Y,Y, , ,Yes,Tempe Police Department, ,Yes,[MAY CONTAIN PERSONALLY IDENTIFIABLE INFORMATION], ,[MAY CONTAIN PERSONALLY IDENTIFIABLE INFORMATION], ,,Y,Yes, ,"On May [XXX], 2025 at 5:28 AM MST a Waymo Autonomous Vehicle (""Waymo AV"") operating in Tempe, Arizona was in a collision involving a passenger car on [XXX] at [XXX]. 
The Waymo AV was stopped facing south in the leftmost lane on [XXX] for a red light at the intersection of [XXX]. A passenger car traveling southbound on [XXX] slowed to a stop directly behind the Waymo AV. While the Waymo AV and the passenger car remained stopped, a second passenger car traveling southbound on [XXX] approached the passenger car from behind and began crossing the lane line between the leftmost lane and the second-from-leftmost lane. As the second passenger car was passing between lanes, the front of the second passenger car made contact with the rear of the passenger car stopped directly behind the Waymo AV. The front passenger side of the passenger car that was stopped behind the Waymo AV then made contact with the rear of the stationary Waymo AV. At the time of the impact, the Waymo AV's Level 4 ADS was engaged in autonomous mode. The passenger car sustained damage.
Waymo is reporting this crash under Request No. 1 of Standing General Order 2021-01 because a vehicle involved was towed away. Waymo may supplement or correct its reporting with additional information as it may become available.", 
30270-10800,1,Waymo LLC,Monthly,4,2025,MAY-2025,SADHW2S19R1, ,N/A,Jaguar,I-Pace, ,2024, ,5fe5a739dad0e4a,4170, ,None,5th Generation ADS, , ,5th Generation, , ,Version 9, , ,, ,Y,,, ,Y,No,,Yes,ADS,Waymo LLC, , ,Y, , , , , ,,APR-2025, ,APR-2025,02:37, ,11907705768898a,[MAY CONTAIN PERSONALLY IDENTIFIABLE INFORMATION], ,[MAY CONTAIN PERSONALLY IDENTIFIABLE INFORMATION], ,[MAY CONTAIN PERSONALLY IDENTIFIABLE INFORMATION], ,Austin, ,TX ,[MAY CONTAIN PERSONALLY IDENTIFIABLE INFORMATION], ,Street,Dry,No Unusual Conditions,25, ,Dark - Lighted,Y, , , , , , , ,,Passenger Car,No Injuries Reported,Yes,Backing,No,No, , , ,Y, , , , , , , ,Parked,No,No,No Passengers in Vehicle,0, , , , , , ,Y, , , , , , , ,Y, ,Y,Y, , ,No,, ,Yes,, ,, ,, ,Yes, ,"On Tuesday, April [XXX], 2025 at 2:37 AM CDT, a Waymo Autonomous Vehicle (""Waymo AV"") operating in Austin, Texas was in a collision involving a passenger car on [XXX] at [XXX].
The Waymo AV was parked at the curb facing south on [XXX] when a passenger car reversed into the vacant parallel parking space in front of the Waymo AV. The rear of the passenger car made contact with the front of the Waymo AV. At the time of the impact, the Waymo AV's Level 4 ADS was engaged in autonomous mode. The Waymo AV sustained damage.
Waymo is reporting this crash under Request No. 2 of Standing General Order 2021-01. Waymo may supplement or correct its reporting with additional information as it may become available.", 
988-10802,1,PACCAR Incorporated,Monthly,5,2025,MAY-2025,1XPBD49X4RD, ,N/A,Peterbilt,579, ,2024, ,1029b2a7d8c28c9,120020, ,In-Vehicle (Commercial / Test),"[REDACTED, MAY CONTAIN CONFIDENTIAL BUSINESS INFORMATION]", ,Y,, , ,, , ,"Aurora Operations, Inc.", , ,,, ,Y,No,,Yes,ADS,"Aurora Operations, Inc.", , ,Y, ,Y,Y, , ,,APR-2025, ,APR-2025,15:57, ,b6f8c5a9a4cdd22,[MAY CONTAIN PERSONALLY IDENTIFIABLE INFORMATION], ,[MAY CONTAIN PERSONALLY IDENTIFIABLE INFORMATION], ,[MAY CONTAIN PERSONALLY IDENTIFIABLE INFORMATION], ,Centerville, ,TX ,[MAY CONTAIN PERSONALLY IDENTIFIABLE INFORMATION], ,Highway / Freeway,Dry,No Unusual Conditions,75, ,Daylight,Y, , , , , , , ,,"Other, see Narrative",No Injuries Reported,Yes,"Other, see Narrative",Not Applicable,Not Applicable, , , , , , , , , , ,Y,Proceeding Straight,No,No,Yes,65, , , ,Y, , , , , , , , ,Y, ,Y, ,Y,Y, , ,No,, ,No,, ,, ,, ,Yes, ,"At approximately 3:57 PM CDT on April [XXX], an Aurora truck was traveling northbound on [XXX] in autonomy north of Centerville, TX. The Aurora truck encountered shreds of tire in the roadway. The left lane was blocked by another truck and not clear for the Aurora truck to merge away from the tire shreds. Per the company's protocol and when there is a vehicle operator providing supervision, the vehicle operator elected to disengage autonomy to navigate through the tire shreds. The vehicle operator pulled over to the shoulder to inspect the truck and found a torn air hose causing the air tanks to lose pressure. The vehicle operator drove to a nearby truck stop to enable the repair work to be completed. No injuries were reported.", 
30270-10749,1,Waymo LLC,Monthly,4,2025,MAY-2025,SADHW2S19R1, ,N/A,Jaguar,I-PACE, ,2024, ,99b39c0fae9a593,16177, ,None,5th Generation ADS, , ,5th Generation, , ,Version 9, , ,, ,Y,,, ,Y,Yes (specify below),ADOT,Yes,ADS,Waymo LLC, , ,Y, , , , , ,,APR-2025, ,APR-2025,20:17, ,8ce026066e22e1f,[MAY CONTAIN PERSONALLY IDENTIFIABLE INFORMATION], ,[MAY CONTAIN PERSONALLY IDENTIFIABLE INFORMATION], ,[MAY CONTAIN PERSONALLY IDENTIFIABLE INFORMATION], ,Phoenix, ,AZ ,[MAY CONTAIN PERSONALLY IDENTIFIABLE INFORMATION], ,Intersection,Dry,No Unusual Conditions,45, ,Dark - Lighted,Y, , , , , , , ,,Pickup Truck,No Injuries Reported,Yes,Proceeding Straight,No,No, , , , , ,Y, , , , , ,Stopped,No,No,No Passengers in Vehicle,0, , , , ,Y, , , , , , , , , ,Y, ,Y,Y, , ,No,, ,Yes,, ,, ,, ,Yes, ,"On April [XXX], 2025 at 8:17 PM MST a Waymo Autonomous Vehicle (""Waymo AV"") operating in Phoenix, Arizona was in a collision involving a pickup truck on [XXX] at [XXX]. 
The Waymo AV was stopped facing east on [XXX] in the rightmost lane for a red light at the intersection of [XXX]. While the Waymo AV remained stopped for the red light, a pickup truck approached the Waymo AV from behind and the front of the pickup truck made contact with the rear of the stationary Waymo AV. At the time of the impact, the Waymo AV's Level 4 ADS was engaged in autonomous mode. The Waymo AV sustained damage.
Waymo is reporting this crash under Request No. 2 of Standing General Order 2021-01. Waymo may supplement or correct its reporting with additional information as it may become available.", 