Report ID,Report Version,Reporting Entity,Report Type,Report Month,Report Year,Report Submission Date,VIN,VIN - Unknown,Serial Number,Make,Model,Model - Unknown,Model Year,Model Year - Unknown,Same Vehicle ID,Mileage,Mileage - Unknown,Driver / Operator Type,ADAS/ADS System Version,ADAS/ADS System Version - Unk,ADAS/ADS System Version CBI,ADAS/ADS Hardware Version,ADAS/ADS Hardware Version - Unk,ADAS/ADS Hardware Version CBI,ADAS/ADS Software Version,ADAS/ADS Software Version - Unk,ADAS/ADS Software Version CBI,Other Reporting Entities?,Other Reporting Entities? - Unk,Other Reporting Entities? - NA,Federal Regulatory Exemption?,Other Federal Reg. Exemption,Federal Reg. Exemption - Unk,Federal Reg. Exemption - No,State or Local Permit?,State or Local Permit,ADS Equipped?,Automation System Engaged?,Operating Entity,Operating Entity - Unknown,Source - Complaint/Claim,Source - Telematics,Source - Law Enforcement,Source - Field Report,Source - Testing,Source - Media,Source - Other,Source - Other Text,Incident Date,Incident Date - Unknown,Notice Received Date,Incident Time (24:00),Incident Time - Unknown,Same Incident ID,Latitude,Latitude - Unknown,Longitude,Longitude - Unknown,Address,Address - Unknown,City,City - Unknown,State,Zip Code,Zip Code - Unknown,Roadway Type,Roadway Surface,Roadway Description,Posted Speed Limit (MPH),Posted Speed Limit - Unknown,Lighting,Weather - Clear,Weather - Snow,Weather - Cloudy,Weather - Fog/Smoke,Weather - Rain,Weather - Severe Wind,Weather - Unknown,Weather - Other,Weather - Other Text,Crash With,Highest Injury Severity Alleged,Property Damage?,CP Pre-Crash Movement,CP Any Air Bags Deployed?,CP Was Vehicle Towed?,CP Contact Area - Rear Left,CP Contact Area - Left,CP Contact Area - Front Left,CP Contact Area - Rear,CP Contact Area - Top,CP Contact Area - Front,CP Contact Area - Rear Right,CP Contact Area - Right,CP Contact Area - Front Right,CP Contact Area - Bottom,CP Contact Area - Unknown,SV Pre-Crash Movement,SV Any Air Bags Deployed?,SV Was Vehicle Towed?,SV Were All Passengers Belted?,SV Precrash Speed (MPH),SV Pre-crash Speed - Unknown,SV Contact Area - Rear Left,SV Contact Area - Left,SV Contact Area - Front Left,SV Contact Area - Rear,SV Contact Area - Top,SV Contact Area - Front,SV Contact Area - Rear Right,SV Contact Area - Right,SV Contact Area - Front Right,SV Contact Area - Bottom,SV Contact Area - Unknown,Data Availability - EDR,Data Availability - Police Rpt,Data Availability - Telematics,Data Availability - Complaints,Data Availability - Video,Data Availability - Other,Data Availability - No Data,Data Availability - Unknown,Law Enforcement Investigating?,Investigating Agency,Investigating Agency - Unknown,Rep Ent Or Mfr Investigating?,Investigating Officer Name,Inv. Officer Name - Unknown,Investigating Officer Phone,Inv. Officer Phone - Unknown,Investigating Officer Email,Inv. Officer Email - Unknown,Within ODD?,Within ODD? - CBI,Narrative,Narrative - CBI?
30270-10751,1,Waymo LLC,5-Day,,,MAY-2025,SADHW2S17M1, ,N/A,Jaguar,I-Pace, ,2021, ,8d461142a6059de,204672, ,None,5th Generation ADS, , ,5th Generation, , ,Version 9, , ,, ,Y,,, ,Y,Yes (specify below),ADOT,Yes,ADS,Waymo LLC, , ,Y, , , , , ,,MAY-2025, ,MAY-2025,23:23, ,f110e2392e5e442,[MAY CONTAIN PERSONALLY IDENTIFIABLE INFORMATION], ,[MAY CONTAIN PERSONALLY IDENTIFIABLE INFORMATION], ,[MAY CONTAIN PERSONALLY IDENTIFIABLE INFORMATION], ,Phoenix, ,AZ ,[MAY CONTAIN PERSONALLY IDENTIFIABLE INFORMATION], ,Intersection,Dry,No Unusual Conditions,40, ,Dark - Lighted,Y, , , , , , , ,,Pickup Truck,No Injuries Reported,Yes,Proceeding Straight,No,No, , , , , ,Y, , , , , ,Stopped,No,Yes,No Passengers in Vehicle,0, , , , ,Y, , , , , , , , , ,Y, ,Y,Y, , ,No,, ,Yes,, ,, ,, ,Yes, ,"On May [XXX], 2025 at 11:23 PM MT a Waymo Autonomous Vehicle (""Waymo AV"") operating in Phoenix, Arizona was in a collision involving a pickup truck on [XXX] at [XXX]. 
The Waymo AV was stopped facing west on [XXX] for a red traffic light at the intersection with [XXX]. A pickup truck traveling westbound on [XXX] approached the Waymo AV from behind and the front of the pickup truck made contact with the rear of the stationary Waymo AV. At the time of the impact, the Waymo AV's Level 4 ADS was engaged in autonomous mode. Both vehicles sustained damage.
Waymo is reporting this crash under Request No. 1 of Standing General Order 2021-01 because a vehicle involved was towed away. Waymo may supplement or correct its reporting with additional information as it may become available.", 
30270-10642,2,Waymo LLC,10-Day Update,,,MAY-2025,SADHW2S13R1, ,N/A,Jaguar,I-Pace, ,2024, ,e5b7eeb0f172bcb,32207, ,In-Vehicle (Commercial / Test),5th Generation ADS, , ,5th Generation, , ,Version 10, , ,Transdev Alternative Services, , ,,, ,Y,No,,Yes,ADS,Waymo LLC, , ,Y, , , , , ,,MAY-2025, ,MAY-2025,15:20, ,8a1786924262b79,[MAY CONTAIN PERSONALLY IDENTIFIABLE INFORMATION], ,[MAY CONTAIN PERSONALLY IDENTIFIABLE INFORMATION], ,[MAY CONTAIN PERSONALLY IDENTIFIABLE INFORMATION], ,Austin, ,TX ,[MAY CONTAIN PERSONALLY IDENTIFIABLE INFORMATION], ,Street,Dry,No Unusual Conditions,25, ,Daylight,Y, , , , , , , ,,SUV,No Injuries Reported,Yes,Passing,No,No, , , , , , ,Y, , , , ,Stopped,No,No,Yes,0, ,Y, , , , , , , , , , , , ,Y, ,Y,Y, , ,Yes,Austin Police Department, ,Yes,[MAY CONTAIN PERSONALLY IDENTIFIABLE INFORMATION], ,[MAY CONTAIN PERSONALLY IDENTIFIABLE INFORMATION], ,,Y,Yes, ,"The content of this report is unchanged from the initial report submitted on May 4, 2025 [REDACTED, MAY CONTAIN CONFIDENTIAL BUSINESS INFORMATION]. 
On May [XXX], 2025 at 3:20 PM CDT a Waymo Autonomous Vehicle (""Waymo AV"") operating in Austin, Texas was in a collision involving a SUV on [XXX] at [XXX]. 
The Waymo AV was traveling eastbound on [XXX] preparing to make a right turn onto [XXX]. The Waymo AV came to a stop prior to making the right turn while yielding to pedestrians in the crosswalk crossing [XXX]. While the Waymo AV was stopped, the SUV traveling behind the Waymo AV passed the Waymo AV on the left and the right rear of the SUV made contact with the left rear of the Waymo AV. At the time of the impact, the Waymo AV's Level 4 ADS was engaged in autonomous mode, and a test driver was present in the driver's seating position. The SUV sustained damage.
Waymo is reporting this crash under Request No. 1 of Standing General Order 2021-01 because a vulnerable road user influenced the driving task of a vehicle involved. Waymo may supplement or correct its reporting with additional information as it may become available.", 
30413-10764,1,May Mobility,Monthly,4,2025,MAY-2025,5TDYRKEC8RS, ,N/A,Toyota,Sienna, ,2024, ,9c5785705dc5d3c,4345, ,In-Vehicle (Commercial / Test),3, , ,5.2, , ,23.2.12, , ,, ,Y,,, ,Y,No,,Yes,ADS,May Mobility, , ,Y, ,Y, , , ,,APR-2025, ,APR-2025,8:33, ,6788b2ddc444d5b,[MAY CONTAIN PERSONALLY IDENTIFIABLE INFORMATION], ,[MAY CONTAIN PERSONALLY IDENTIFIABLE INFORMATION], ,[MAY CONTAIN PERSONALLY IDENTIFIABLE INFORMATION], ,Ann Arbor, ,MI ,[MAY CONTAIN PERSONALLY IDENTIFIABLE INFORMATION], ,Intersection,Dry,No Unusual Conditions,40, ,Daylight,Y, , , , , , , ,,Passenger Car,No Injuries Reported,Yes,Proceeding Straight,No,No, , , , , ,Y, , , , , ,Stopped,No,No,Yes,0, , , , ,Y, , , , , , , , ,Y,Y, ,Y, , , ,No,, ,No,, ,, ,, ,Yes, ,"A May autonomous shuttle (ego) was stopped at a traffic light in autonomous mode. A vehicle approaching from behind coasted into the ego vehicle. Our system responded with a software Health Drop, which immediately took the ego out of autonomous mode (for safety).
Minor damage was reported to our rear sensor and bumper.", 
30413-10763,1,May Mobility,Monthly,4,2025,MAY-2025,5TDYRKEC2RS, ,N/A,Toyota,Sienna, ,2024, ,c61027d6b726b73,8971, ,In-Vehicle (Commercial / Test),3, , ,5.2, , ,test-atl-4.19-experimental, , ,, ,Y,,, ,Y,No,,Yes,ADS,May Mobility, , , , ,Y, , , ,,APR-2025, ,APR-2025,8:55, ,6f14fafb6b8706a,[MAY CONTAIN PERSONALLY IDENTIFIABLE INFORMATION], ,[MAY CONTAIN PERSONALLY IDENTIFIABLE INFORMATION], ,[MAY CONTAIN PERSONALLY IDENTIFIABLE INFORMATION], ,Atlanta, ,GA ,[MAY CONTAIN PERSONALLY IDENTIFIABLE INFORMATION], ,Street,Dry,No Unusual Conditions,25, ,Daylight,Y, , , , , , , ,,Passenger Car,No Injuries Reported,Yes,Parked,No,No, ,Y, , ,Y, , , , , , ,Proceeding Straight,No,No,Yes,13, , , , , ,Y, , ,Y, , , , , ,Y, ,Y, , , ,No,, ,No,, ,, ,, ,Yes, ,"Manual control was initiated by a May autonomous shuttle operator for a right turn onto [XXX] in Atlanta, GA.  Autonomous mode was then engaged.  The autonomous system executed a stop due to a narrow passage obstructed by parked vehicles on both sides of the roadway and an approaching vehicle.  Following the departure of the first vehicle and the next oncoming vehicle 80m away, the Autonomous Vehicle Operator (AVO) disengages and proceeds in manual.  The AVO overcorrects to the right slightly and a minor contact with the parked car's mirror occurs.  Our team looked at the incident and determined that this event was caused by human error - no autonomy software defects led to this incident.", 
30413-10762,1,May Mobility,Monthly,4,2025,MAY-2025,5TDYRKEC2PS, ,N/A,Toyota,Sienna, ,2023, ,ceebe6bc6835051,17986, ,In-Vehicle (Commercial / Test),3, , ,4.5, , ,23.2.11.1, , ,, ,Y,,, ,Y,No,,Yes,ADS,May Mobility, , , , ,Y, , , ,,APR-2025, ,APR-2025,11:28, ,c49c24770dd5ae0,[MAY CONTAIN PERSONALLY IDENTIFIABLE INFORMATION], ,[MAY CONTAIN PERSONALLY IDENTIFIABLE INFORMATION], ,[MAY CONTAIN PERSONALLY IDENTIFIABLE INFORMATION], ,Detroit, ,MI ,[MAY CONTAIN PERSONALLY IDENTIFIABLE INFORMATION], ,Intersection,Dry,No Unusual Conditions,,Y,Daylight,Y, , , , , , , ,,Passenger Car,No Injuries Reported,Yes,Stopped,No,No, , , , , ,Y, , , , , ,Backing,No,No,Yes,1, , , , ,Y, , , , , , , , ,Y,Y, ,Y, , , ,No,, ,No,, ,, ,, ,Yes, ,"A large semi-trailer truck is making a left turn from a street on the right into the oncoming lane in Detroit, MI.  As the May autonomous shuttle (Ego) is slowing, the Autonomous Vehicle Operator (AVO) intervenes to stop earlier.  The manually controlled Ego remains stationary for five seconds.  The AVO then manually reverses two meters to create more space for the trailer intruding into the Egos lane, making contact with a rear vehicle at 0.6 m/s.  Our team looked at the incident and determined that this event was caused by human error - no autonomy software defects led to this incident.", 
30270-10695,1,Waymo LLC,5-Day,,,MAY-2025,SADHW2S10M1, ,N/A,Jaguar,I-Pace, ,2021, ,16240a7a0c2eb78,192577, ,None,5th Generation ADS, , ,5th Generation, , ,Version 9, , ,, ,Y,,, ,Y,Yes (specify below),ADOT,Yes,ADS,Waymo LLC, , ,Y, , , , , ,,MAY-2025, ,MAY-2025,08:50, ,7bf2bd79eaff634,[MAY CONTAIN PERSONALLY IDENTIFIABLE INFORMATION], ,[MAY CONTAIN PERSONALLY IDENTIFIABLE INFORMATION], ,[MAY CONTAIN PERSONALLY IDENTIFIABLE INFORMATION], ,Paradise Valley, ,AZ ,[MAY CONTAIN PERSONALLY IDENTIFIABLE INFORMATION], ,Street,Dry,No Unusual Conditions,45, ,Daylight,Y, , , , , , , ,,SUV,No Injuries Reported,Yes,Proceeding Straight,Yes,Yes, , , , , ,Y, , , , , ,"Other, see Narrative",No,Yes,Yes,0, , , , , , , ,Y, , , , , , ,Y, ,Y,Y, , ,Yes,Phoenix Police Department, ,Yes,[MAY CONTAIN PERSONALLY IDENTIFIABLE INFORMATION], ,[MAY CONTAIN PERSONALLY IDENTIFIABLE INFORMATION], ,,Y,Yes, ,"On May [XXX], 2025 at 8:50 AM MT a Waymo Autonomous Vehicle (""Waymo AV"") operating in Paradise Valley, Arizona was in a collision involving an animal and subsequently an SUV on [XXX] at [XXX]. 
The Waymo AV was traveling southbound on [XXX] in the leftmost lane, proceeding through a green light at the intersection with [XXX]. As the Waymo AV exited the intersection, a cat crossed [XXX] from the east side of the street, and began to enter the Waymo AV's lane of travel. As the Waymo AV braked, the front of the Waymo AV made contact with the cat, which subsequently ran away, and the Waymo AV came to a stop. The front of an SUV traveling directly behind the Waymo AV then made contact with the right rear of the stationary Waymo AV. A passenger car then braked to a stop behind the Waymo and to the left of the SUV. A second passenger car then made contact with the SUV and the first passenger car. At the time of the impact, the Waymo AV's Level 4 ADS was engaged in autonomous mode. All involved vehicles sustained damage.
Waymo is reporting this crash under Request No. 1 of Standing General Order 2021-01 because a vehicle involved was towed away and because of airbag deployment. Waymo may supplement or correct its reporting with additional information as it may become available.", 
30634-10693,1,PlusAI Inc,5-Day,,,MAY-2025,1XKYDP9XXLJ, ,N/A,KENWORTH,T680, ,2020, ,c85cbc0da3b99a9,228000, ,In-Vehicle (Commercial / Test),"[REDACTED, MAY CONTAIN CONFIDENTIAL BUSINESS INFORMATION]", ,Y,"[REDACTED, MAY CONTAIN CONFIDENTIAL BUSINESS INFORMATION]", ,Y,"[REDACTED, MAY CONTAIN CONFIDENTIAL BUSINESS INFORMATION]", ,Y,, ,Y,,, ,Y,No,,Yes,ADS,"PLUSAI, INC", , , , , ,Y, , ,,MAY-2025, ,MAY-2025,11:47, ,f0ae0f1d67d9a27,[MAY CONTAIN PERSONALLY IDENTIFIABLE INFORMATION], ,[MAY CONTAIN PERSONALLY IDENTIFIABLE INFORMATION], ,[MAY CONTAIN PERSONALLY IDENTIFIABLE INFORMATION], ,Oak Ridge North, ,TX ,[MAY CONTAIN PERSONALLY IDENTIFIABLE INFORMATION], ,Highway / Freeway,Dry,"Other, see Narrative",65, ,Daylight,Y, , , , , , , ,,"Other, see Narrative",No Injuries Reported,Yes,"Other, see Narrative",No,Yes,Y,Y, , , , , , , , , ,"Other, see Narrative",No,No,Yes,53, , , , , , , , ,Y,Y, , ,Y,Y,Y, ,Y, , , ,Yes,Houston Police Department, ,Yes,,Y,,Y,,Y,"[REDACTED, MAY CONTAIN CONFIDENTIAL BUSINESS INFORMATION]",Y,"On May [XXX], 2025, a Plus autonomous test truck was driving in autonomous mode on a public highway in Texas with a Safety Driver.  Plus's safety drivers are experienced and well-trained. The Safety Driver operating the particular vehicle has 12-years of over-the-road commercial vehicle driving experience. All safety drivers are trained to manage potential hazards they may encounter on the roads and are encouraged to retake control of the vehicle whenever necessary to ensure safe operation.  
Here, the Plus vehicle was traveling Northbound on [XXX] at approximately 63 mph in mild to moderate traffic with clear weather conditions.  According to the video camera log, the truck was in autonomous mode when a black SUV traveling in the right-most driving lane swerved to the right into the emergency lane (i.e., the shoulder) to avoid a vehicle that had stopped before it in the driving lane. Seeing the disabled vehicle in the driving lane, the Plus Safety Driver took control of the truck by applying the brakes and began to decelerate the vehicle. Two vehicles traveling behind the black SUV in the same lane then swerved to the left and into the lane in which the Plus vehicle was traveling.  The left side of the second of these vehicles (a minivan) made contact with the Plus truck's right side. [REDACTED, MAY CONTAIN CONFIDENTIAL BUSINESS INFORMATION]
The Plus truck swerved slightly into the lane to its left as a result of the contact, avoiding a pickup truck that was passing by it. The Safety Driver then re-centered the vehicle into the truck's original lane. After the contact, the minivan moved into the rightmost lane and then ultimately came to a stop in the emergency lane.  The Plus Safety Driver changed lanes and also brought the truck to a stop in the emergency lane.
A Police report was taken at the scene, but the Plus Safety Driver did not receive a copy of it.  Based on our best information, none of the passengers in the minivan reported injuries and the only damage was to the vehicle's driver-side tire.  The minivan nevertheless was towed away from the scene.  The Plus truck did not have any damage and was able to continue driving to its destination.",Y
30270-10675,1,Waymo LLC,5-Day,,,MAY-2025,SADHW2S10M1, ,N/A,Jaguar,I-PACE, ,2021, ,fc507050d262298,216079, ,None,5th Generation ADS, , ,5th Generation, , ,Version 10, , ,, ,Y,,, ,Y,Yes (specify below),ADOT,Yes,ADS,Waymo LLC, , ,Y, , , , , ,,MAY-2025, ,MAY-2025,11:42, ,79df0042efd5698,[MAY CONTAIN PERSONALLY IDENTIFIABLE INFORMATION], ,[MAY CONTAIN PERSONALLY IDENTIFIABLE INFORMATION], ,[MAY CONTAIN PERSONALLY IDENTIFIABLE INFORMATION], ,Phoenix, ,AZ ,[MAY CONTAIN PERSONALLY IDENTIFIABLE INFORMATION], ,Street,Wet,No Unusual Conditions,35, ,Daylight, , , , ,Y, , , ,,Passenger Car,No Injuries Reported,Yes,Stopped,No,Yes, , , , , ,Y, , , , , ,Stopped,No,No,Yes,0, , , , ,Y, , , , , , , , , ,Y, ,Y,Y, , ,Yes,Phoenix Police Department, ,Yes,[MAY CONTAIN PERSONALLY IDENTIFIABLE INFORMATION], ,,Y,,Y,Yes, ,"On May [XXX], 2025 at 11:42 AM MST a Waymo Autonomous Vehicle (""Waymo AV"") operating in Phoenix, Arizona was in a collision involving a passenger car on [XXX] at [XXX]. 
The Waymo AV was stopped in the second to the right lane facing east on [XXX] in a queue of traffic for a red light at the intersection with N[XXX]. While the Waymo AV remained stopped, a van traveling eastbound in the third to the right lane made contact with a pickup truck traveling directly in front of the van. The van then entered the second to the right lane, and the front of the van made contact with the rear of a passenger car located two vehicles behind the Waymo AV. The front of this passenger car then made contact with the rear of the passenger car stopped directly behind the Waymo AV. The front of that passenger car then made contact with the rear of the Waymo AV. At the time of the impact, the Waymo AV's Level 4 ADS was engaged in autonomous mode. The Waymo AV sustained damage.
Waymo is reporting this crash under Request No. 1 of Standing General Order 2021-01 because a vehicle involved was towed away. Waymo may supplement or correct its reporting with additional information as it may become available.", 
30270-10674,1,Waymo LLC,5-Day,,,MAY-2025,SADHW2S14R1, ,N/A,Jaguar,I-PACE, ,2024, ,497e6e5cfab8d6c,26562, ,None,5th Generation ADS, , ,5th Generation, , ,Version 9, , ,, ,Y,,, ,Y,Yes (specify below),ADOT,Yes,ADS,Waymo LLC, , ,Y, , , , , ,,MAY-2025, ,MAY-2025,11:36, ,7a7b2577ac47f2f,[MAY CONTAIN PERSONALLY IDENTIFIABLE INFORMATION], ,[MAY CONTAIN PERSONALLY IDENTIFIABLE INFORMATION], ,[MAY CONTAIN PERSONALLY IDENTIFIABLE INFORMATION], ,Phoenix, ,AZ ,[MAY CONTAIN PERSONALLY IDENTIFIABLE INFORMATION], ,Street,Dry,No Unusual Conditions,35, ,Daylight,Y, , , , , , , ,,"Other, see Narrative",No Injuries Reported,Yes,"Other, see Narrative",Not Applicable,Not Applicable, , , , , , , , , , ,Y,Proceeding Straight,No,Yes,No Passengers in Vehicle,33, , , ,Y, , , , , , , , , , ,Y, ,Y,Y, , ,No,, ,Yes,, ,, ,, ,Yes, ,"On May [XXX], 2025 at 11:36 AM MT a Waymo Autonomous Vehicle (""Waymo AV"") operating in Phoenix, Arizona was in a collision involving a wheel and tire on [XXX] near [XXX]. 
The Waymo AV was traveling northbound on [XXX] in the middle lane when the left front wheel from an SUV traveling in the right most lane of [XXX] separated from the SUV and rolled into the Waymo AV's lane of travel. The front driver side of the Waymo AV made contact with the wheel and tire. At the time of the impact, the Waymo AV's Level 4 ADS was engaged in autonomous mode. The Waymo AV sustained damage.
Waymo is reporting this crash under Request No. 1 of Standing General Order 2021-01 because a vehicle involved was towed away. Waymo may supplement or correct its reporting with additional information as it may become available.", 
30270-10589,2,Waymo LLC,10-Day Update,,,MAY-2025,SADHW2S14M1, ,N/A,Jaguar,I-PACE, ,2021, ,3f1e3d345cb4788,182307, ,None,5th Generation ADS, , ,5th Generation, , ,Version 9, , ,, ,Y,,, ,Y,Yes (specify below),ADOT,Yes,ADS,Waymo LLC, , ,Y, , , , , ,,APR-2025, ,APR-2025,02:43, ,37801826060a9bf,[MAY CONTAIN PERSONALLY IDENTIFIABLE INFORMATION], ,[MAY CONTAIN PERSONALLY IDENTIFIABLE INFORMATION], ,[MAY CONTAIN PERSONALLY IDENTIFIABLE INFORMATION], ,Phoenix, ,AZ ,[MAY CONTAIN PERSONALLY IDENTIFIABLE INFORMATION], ,Parking Lot,Dry,No Unusual Conditions,15, ,Dark - Lighted,Y, , , , , , , ,,SUV,No Injuries Reported,Yes,Passing,No,No, , , , , , , ,Y, , , ,Stopped,No,No,No Passengers in Vehicle,0, ,Y, , , , , , , , , , , , ,Y, ,Y,Y, , ,No,, ,Yes,, ,, ,, ,Yes, ,"The content of this report is unchanged from the initial report submitted on April 28, 2025 [REDACTED, MAY CONTAIN CONFIDENTIAL BUSINESS INFORMATION]. 
On April [XXX], 2025 at 2:43 AM MST a Waymo Autonomous Vehicle (""Waymo AV"") operating in Phoenix, Arizona was in a collision involving an SUV in a parking lot at [XXX]. 
The Waymo AV was stopped facing east in a parking lot at [XXX] after a stop for a passenger pick-up. While the Waymo AV remained stopped, an SUV began to pass the Waymo AV on the left and the passenger side of the SUV made contact with the rear driver side of the stationary Waymo AV. At the time of the impact, the Waymo AV's Level 4 ADS was engaged in autonomous mode. The SUV sustained damage.
Waymo is reporting this crash under Request No. 1 of Standing General Order 2021-01 because a vulnerable road user influenced the driving task of a vehicle involved. Waymo may supplement or correct its reporting with additional information as it may become available.", 
30270-10640,1,Waymo LLC,5-Day,,,MAY-2025,SADHW2S19M1, ,N/A,Jaguar,I-Pace, ,2021, ,7af0c529e6e4096,123779, ,None,5th Generation ADS, , ,5th Generation, , ,Version 9, , ,, ,Y,,, ,Y,Yes (specify below),ADOT,Yes,ADS,Waymo LLC, , ,Y, , , , , ,,APR-2025, ,APR-2025,12:47, ,6d1ed008786c526,[MAY CONTAIN PERSONALLY IDENTIFIABLE INFORMATION], ,[MAY CONTAIN PERSONALLY IDENTIFIABLE INFORMATION], ,[MAY CONTAIN PERSONALLY IDENTIFIABLE INFORMATION], ,Phoenix, ,AZ ,[MAY CONTAIN PERSONALLY IDENTIFIABLE INFORMATION], ,Parking Lot,Dry,No Unusual Conditions,15, ,Daylight,Y, , , , , , , ,,SUV,No Injuries Reported,Yes,Backing,No,No, , , , , , ,Y, , , , ,Stopped,No,Yes,No Passengers in Vehicle,0, , ,Y, , , , , , , , , , , ,Y, ,Y,Y, , ,No,, ,Yes,, ,, ,, ,Yes, ,"On April [XXX], 2025 at 12:47 PM MST a Waymo Autonomous Vehicle (""Waymo AV"") operating in Phoenix, Arizona was in a collision involving an SUV in the West Parking Lot off of [XXX] at the [XXX]. 
The Waymo AV was parked facing south in a parking stall in the West Parking Lot off of [XXX}. The Waymo AV proceeded to reverse to exit the parking stall, and came to a stop to yield to an SUV that was stopped in-lane facing east to the left of the Waymo AV, at an intersection within the parking lot. As the Waymo AV was preparing to maneuver around the SUV, a second Waymo AV approached both vehicles from the south in the north-south travel lane of the parking lot and came to a stop in front of the SUV. The SUV reversed and the rear passenger side of the SUV made contact with the driver side of the Waymo AV. At the time of the impact, the Waymo AV's Level 4 ADS was engaged in autonomous mode. Both vehicles sustained damage.
Waymo is reporting this crash under Request No. 1 of Standing General Order 2021-01 because a vehicle involved was towed away. Waymo may supplement or correct its reporting with additional information as it may become available.", 
30270-10639,1,Waymo LLC,5-Day,,,MAY-2025,SADHW2S18M1, ,N/A,Jaguar,I-Pace, ,2021, ,04f736aacb7513d,188700, ,In-Vehicle (Commercial / Test),5th Generation ADS, , ,5th Generation, , ,Version 10, , ,Transdev Alternative Services, , ,,, ,Y,Yes (specify below),ADOT,Yes,ADS,Waymo LLC, , ,Y, , , , , ,,APR-2025, ,APR-2025,07:41, ,fa8eb0357a82255,[MAY CONTAIN PERSONALLY IDENTIFIABLE INFORMATION], ,[MAY CONTAIN PERSONALLY IDENTIFIABLE INFORMATION], ,[MAY CONTAIN PERSONALLY IDENTIFIABLE INFORMATION], ,Tempe, ,AZ ,[MAY CONTAIN PERSONALLY IDENTIFIABLE INFORMATION], ,Intersection,Dry,No Unusual Conditions,65, ,Daylight,Y, , , , , , , ,,Passenger Car,No Injuries Reported,Yes,Proceeding Straight,No,No, , , , , ,Y, , ,Y, , ,Stopped,No,Yes,Yes,0, ,Y, , ,Y, , ,Y, , , , , , ,Y, ,Y,Y, , ,No,, ,Yes,, ,, ,, ,Yes, ,"On April [XXX], 2025 at 7:41 AM MST a Waymo Autonomous Vehicle (""Waymo AV"") operating in Tempe, Arizona was in a collision involving a passenger car on [XXX] at an off-ramp onto [XXX]. 
The Waymo AV was stopped in a queue of traffic facing north on an off-ramp of [XXX] at the T-intersection with [XXX] in the leftmost right turn lane waiting for eastbound traffic to clear before proceeding to merge right onto [XXX]. The Waymo AV began to proceed forward once the vehicle ahead made its turn, then came to a stop as it moved forward onto [XXX]. A passenger car traveling directly behind the Waymo AV approached the Waymo AV from behind, and the front of the passenger car made contact with the rear of the Waymo AV. At the time of the impact, the Waymo AV's Level 4 ADS was engaged in autonomous mode, and a test driver was present in the driver's seating position. Both vehicles sustained damage.
Waymo is reporting this crash under Request No. 1 of Standing General Order 2021-01 because a vehicle involved was towed away. Waymo may supplement or correct its reporting with additional information as it may become available.", 
30531-10650,1,Transdev Alternative Services,1-Day,,,MAY-2025,SADHW2S13R1, ,N/A,Jaguar,I-Pace, ,2024, ,e5b7eeb0f172bcb,32207, ,In-Vehicle (Commercial / Test),5th Generation ADS, , ,5th Generation, , ,Version 10, , ,Waymo LLC, , ,,, ,Y,No,,Yes,ADS,Waymo LLC, , ,Y, , , , , ,,MAY-2025, ,MAY-2025,15:20, ,8a1786924262b79,[MAY CONTAIN PERSONALLY IDENTIFIABLE INFORMATION], ,[MAY CONTAIN PERSONALLY IDENTIFIABLE INFORMATION], ,[MAY CONTAIN PERSONALLY IDENTIFIABLE INFORMATION], ,Austin, ,TX ,[MAY CONTAIN PERSONALLY IDENTIFIABLE INFORMATION], ,Street,Dry,No Unusual Conditions,25, ,Daylight,Y, , , , , , , ,,SUV,No Injuries Reported,Yes,Passing,No,No, , , , , , ,Y, , , , ,Stopped,No,No,Yes,0, ,Y, , , , , , , , , , , , ,Y, ,Y,Y, , ,Yes,Austin Police Department, ,Yes,[MAY CONTAIN PERSONALLY IDENTIFIABLE INFORMATION], ,[MAY CONTAIN PERSONALLY IDENTIFIABLE INFORMATION], ,,Y,Yes, ,"On May [XXX], 2025 at 3:20 PM CDT a Waymo Autonomous Vehicle (""Waymo AV"") operating in Austin, Texas was in a collision involving a SUV on [XXX] at [XXX].
The Waymo AV was traveling eastbound on [XXX] preparing to make a right turn onto [XXX].  The Waymo AV came to a stop prior to making the right turn while yielding to pedestrians in the crosswalk crossing [XXX]. While the Waymo AV was stopped, the SUV traveling behind the Waymo AV passed the Waymo AV on the left and the right rear of the SUV made contact with the left rear of the Waymo AV.  At the time of the impact, the Waymo AV's Level 4 ADS was engaged in autonomous mode, and a test driver was present in the driver's seating position.  The SUV sustained damage.
Transdev Alternative Services is reeporting this crash under Request No. 1 of Standing General Order 2021-01 because a vulnerable road user influenced the driving task of a vehicle involved.  Transdev may supplement or correct its reporting with additional information as it may become available.  This is a duplicate of Report ID 30270-10642-1.", 