Report ID,Report Version,Reporting Entity,Report Type,Report Month,Report Year,Report Submission Date,VIN,VIN - Unknown,Serial Number,Make,Model,Model - Unknown,Model Year,Model Year - Unknown,Same Vehicle ID,Mileage,Mileage - Unknown,Driver / Operator Type,ADAS/ADS System Version,ADAS/ADS System Version - Unk,ADAS/ADS System Version CBI,ADAS/ADS Hardware Version,ADAS/ADS Hardware Version - Unk,ADAS/ADS Hardware Version CBI,ADAS/ADS Software Version,ADAS/ADS Software Version - Unk,ADAS/ADS Software Version CBI,Other Reporting Entities?,Other Reporting Entities? - Unk,Other Reporting Entities? - NA,Federal Regulatory Exemption?,Other Federal Reg. Exemption,Federal Reg. Exemption - Unk,Federal Reg. Exemption - No,State or Local Permit?,State or Local Permit,ADS Equipped?,Automation System Engaged?,Operating Entity,Operating Entity - Unknown,Source - Complaint/Claim,Source - Telematics,Source - Law Enforcement,Source - Field Report,Source - Testing,Source - Media,Source - Other,Source - Other Text,Incident Date,Incident Date - Unknown,Notice Received Date,Incident Time (24:00),Incident Time - Unknown,Same Incident ID,Latitude,Latitude - Unknown,Longitude,Longitude - Unknown,Address,Address - Unknown,City,City - Unknown,State,Zip Code,Zip Code - Unknown,Roadway Type,Roadway Surface,Roadway Description,Posted Speed Limit (MPH),Posted Speed Limit - Unknown,Lighting,Weather - Clear,Weather - Snow,Weather - Cloudy,Weather - Fog/Smoke,Weather - Rain,Weather - Severe Wind,Weather - Unknown,Weather - Other,Weather - Other Text,Crash With,Highest Injury Severity Alleged,Property Damage?,CP Pre-Crash Movement,CP Any Air Bags Deployed?,CP Was Vehicle Towed?,CP Contact Area - Rear Left,CP Contact Area - Left,CP Contact Area - Front Left,CP Contact Area - Rear,CP Contact Area - Top,CP Contact Area - Front,CP Contact Area - Rear Right,CP Contact Area - Right,CP Contact Area - Front Right,CP Contact Area - Bottom,CP Contact Area - Unknown,SV Pre-Crash Movement,SV Any Air Bags Deployed?,SV Was Vehicle Towed?,SV Were All Passengers Belted?,SV Precrash Speed (MPH),SV Pre-crash Speed - Unknown,SV Contact Area - Rear Left,SV Contact Area - Left,SV Contact Area - Front Left,SV Contact Area - Rear,SV Contact Area - Top,SV Contact Area - Front,SV Contact Area - Rear Right,SV Contact Area - Right,SV Contact Area - Front Right,SV Contact Area - Bottom,SV Contact Area - Unknown,Data Availability - EDR,Data Availability - Police Rpt,Data Availability - Telematics,Data Availability - Complaints,Data Availability - Video,Data Availability - Other,Data Availability - No Data,Data Availability - Unknown,Law Enforcement Investigating?,Investigating Agency,Investigating Agency - Unknown,Rep Ent Or Mfr Investigating?,Investigating Officer Name,Inv. Officer Name - Unknown,Investigating Officer Phone,Inv. Officer Phone - Unknown,Investigating Officer Email,Inv. Officer Email - Unknown,Within ODD?,Within ODD? - CBI,Narrative,Narrative - CBI?
30270-10642,1,Waymo LLC,1-Day,,,MAY-2025,SADHW2S13R1, ,N/A,Jaguar,I-Pace, ,2024, ,e5b7eeb0f172bcb,32207, ,In-Vehicle (Commercial / Test),5th Generation ADS, , ,5th Generation, , ,Version 10, , ,Transdev Alternative Services, , ,,, ,Y,No,,Yes,ADS,Waymo LLC, , ,Y, , , , , ,,MAY-2025, ,MAY-2025,15:20, ,8a1786924262b79,[MAY CONTAIN PERSONALLY IDENTIFIABLE INFORMATION], ,[MAY CONTAIN PERSONALLY IDENTIFIABLE INFORMATION], ,[MAY CONTAIN PERSONALLY IDENTIFIABLE INFORMATION], ,Austin, ,TX ,[MAY CONTAIN PERSONALLY IDENTIFIABLE INFORMATION], ,Street,Dry,No Unusual Conditions,25, ,Daylight,Y, , , , , , , ,,SUV,No Injuries Reported,Yes,Passing,No,No, , , , , , ,Y, , , , ,Stopped,No,No,Yes,0, ,Y, , , , , , , , , , , , ,Y, ,Y,Y, , ,Yes,Austin Police Department, ,Yes,[MAY CONTAIN PERSONALLY IDENTIFIABLE INFORMATION], ,[MAY CONTAIN PERSONALLY IDENTIFIABLE INFORMATION], ,,Y,Yes, ,"On May [XXX], 2025 at 3:20 PM CDT a Waymo Autonomous Vehicle (""Waymo AV"") operating in Austin, Texas was in a collision involving a SUV on [XXX] at [XXX]. 
The Waymo AV was traveling eastbound on [XXX] preparing to make a right turn onto [XXX]. The Waymo AV came to a stop prior to making the right turn while yielding to pedestrians in the crosswalk crossing [XXX]. While the Waymo AV was stopped, the SUV traveling behind the Waymo AV passed the Waymo AV on the left and the right rear of the SUV made contact with the left rear of the Waymo AV. At the time of the impact, the Waymo AV's Level 4 ADS was engaged in autonomous mode, and a test driver was present in the driver's seating position. The SUV sustained damage.
Waymo is reporting this crash under Request No. 1 of Standing General Order 2021-01 because a vulnerable road user influenced the driving task of a vehicle involved. Waymo may supplement or correct its reporting with additional information as it may become available.", 
30270-10589,1,Waymo LLC,1-Day,,,APR-2025,SADHW2S14M1, ,N/A,Jaguar,I-PACE, ,2021, ,3f1e3d345cb4788,182307, ,None,5th Generation ADS, , ,5th Generation, , ,Version 9, , ,, ,Y,,, ,Y,Yes (specify below),ADOT,Yes,ADS,Waymo LLC, , ,Y, , , , , ,,APR-2025, ,APR-2025,02:43, ,37801826060a9bf,[MAY CONTAIN PERSONALLY IDENTIFIABLE INFORMATION], ,[MAY CONTAIN PERSONALLY IDENTIFIABLE INFORMATION], ,[MAY CONTAIN PERSONALLY IDENTIFIABLE INFORMATION], ,Phoenix, ,AZ ,[MAY CONTAIN PERSONALLY IDENTIFIABLE INFORMATION], ,Parking Lot,Dry,No Unusual Conditions,15, ,Dark - Lighted,Y, , , , , , , ,,SUV,No Injuries Reported,Yes,Passing,No,No, , , , , , , ,Y, , , ,Stopped,No,No,No Passengers in Vehicle,0, ,Y, , , , , , , , , , , , ,Y, ,Y,Y, , ,No,, ,Yes,, ,, ,, ,Yes, ,"On April [XXX], 2025 at 2:43 AM MST a Waymo Autonomous Vehicle (""Waymo AV"") operating in Phoenix, Arizona was in a collision involving an SUV in a parking lot at [XXX]. 
The Waymo AV was stopped facing east in a parking lot at [XXX] after a stop for a passenger pick-up. While the Waymo AV remained stopped, an SUV began to pass the Waymo AV on the left and the passenger side of the SUV made contact with the rear driver side of the stationary Waymo AV. At the time of the impact, the Waymo AV's Level 4 ADS was engaged in autonomous mode. The SUV sustained damage.
Waymo is reporting this crash under Request No. 1 of Standing General Order 2021-01 because a vulnerable road user influenced the driving task of a vehicle involved. Waymo may supplement or correct its reporting with additional information as it may become available.", 
30270-10570,1,Waymo LLC,5-Day,,,APR-2025,SADHW2S14R1, ,N/A,Jaguar,I-Pace, ,2024, ,ef666322b8a5cee,112054, ,None,5th Generation ADS, , ,5th Generation, , ,Version 9, , ,, ,Y,,, ,Y,Yes (specify below),ADOT,Yes,ADS,Waymo LLC, , ,Y, , , , , ,,APR-2025, ,APR-2025,00:48, ,c11ef1833b15d5e,[MAY CONTAIN PERSONALLY IDENTIFIABLE INFORMATION], ,[MAY CONTAIN PERSONALLY IDENTIFIABLE INFORMATION], ,[MAY CONTAIN PERSONALLY IDENTIFIABLE INFORMATION], ,Scottsdale, ,AZ ,[MAY CONTAIN PERSONALLY IDENTIFIABLE INFORMATION], ,Street,Wet,No Unusual Conditions,15, ,Dark - Lighted,Y, , , , , , , ,,SUV,No Injuries Reported,Yes,Proceeding Straight,No,No, , ,Y, , , , , , , , ,Proceeding Straight,No,Yes,No Passengers in Vehicle,10, , , , , , , , , ,Y, , , , ,Y, ,Y,Y, , ,Yes,Scottsdale Police Department, ,Yes,[MAY CONTAIN PERSONALLY IDENTIFIABLE INFORMATION], ,[MAY CONTAIN PERSONALLY IDENTIFIABLE INFORMATION], ,,Y,Yes, ,"On April [XXX], 2025 at 12:48 AM MST a Waymo Autonomous Vehicle (""Waymo AV"") operating in Scottsdale, Arizona was in a collision involving an SUV in an alley behind [XXX]. 
The Waymo AV was traveling northbound in the alley behind [XXX] when an SUV parked in a carport to the right of the Waymo AV began to exit its parking stall and proceed into the alley. As the Waymo AV passed the wall of the carport stall, the front driver side of the SUV made contact with the front passenger side of the Waymo AV. At the time of the impact, the Waymo AV's Level 4 ADS was engaged in autonomous mode. Both vehicles sustained damage.
Waymo is reporting this crash under Request No. 1 of Standing General Order 2021-01 because a vehicle involved was towed away. Waymo may supplement or correct its reporting with additional information as it may become available.", 
30270-10558,1,Waymo LLC,5-Day,,,APR-2025,SADHW2S15R1, ,N/A,Jaguar,I-Pace, ,2024, ,788a4eb8ba61f72,16934, ,In-Vehicle (Commercial / Test),5th Generation ADS, , ,5th Generation, , ,Version 10, , ,Transdev Alternative Services, , ,,, ,Y,Yes (specify below),ADOT,Yes,ADS,Waymo LLC, , ,Y, , , , , ,,APR-2025, ,APR-2025,14:32, ,5fbc5372ff3cbb0,[MAY CONTAIN PERSONALLY IDENTIFIABLE INFORMATION], ,[MAY CONTAIN PERSONALLY IDENTIFIABLE INFORMATION], ,[MAY CONTAIN PERSONALLY IDENTIFIABLE INFORMATION], ,Scottsdale, ,AZ ,[MAY CONTAIN PERSONALLY IDENTIFIABLE INFORMATION], ,Highway / Freeway,Dry,No Unusual Conditions,65, ,Daylight, , ,Y, , , , , ,,"Other, see Narrative",No Injuries Reported,Yes,"Other, see Narrative",Not Applicable,Not Applicable, , , , , , , , , , ,Y,Proceeding Straight,No,Yes,Yes,65, , , ,Y, , , , , , , , , , ,Y, ,Y,Y, , ,No,, ,Yes,, ,, ,, ,Yes, ,"On April [XXX], 2025 at 2:32 PM MT a Waymo Autonomous Vehicle (""Waymo AV"") operating in Scottsdale, Arizona was in a collision involving a piece of metal debris on [XXX] ([XXX]) just before Exit [XXX] to [XXX]. 
The Waymo AV was traveling north on [XXX] when its front driver side tire made contact with a piece of metal debris in the roadway and immediately deflated. At the time of the impact, the Waymo AV's Level 4 ADS was engaged in autonomous mode, and a test driver was present (in the driver's seating position). The Waymo AV sustained damage.
Waymo is reporting this crash under Request No. 1 of Standing General Order 2021-01 because a vehicle involved was towed away. Waymo may supplement or correct its reporting with additional information as it may become available.", 
30270-10557,1,Waymo LLC,5-Day,,,APR-2025,SADHW2S16R1, ,N/A,Jaguar,I-Pace, ,2024, ,a4a290ec3edccd1,20872, ,None,5th Generation ADS, , ,5th Generation, , ,Version 9, , ,, ,Y,,, ,Y,No,,Yes,ADS,Waymo LLC, , ,Y, , , , , ,,APR-2025, ,APR-2025,13:09, ,338a4cb5b1c8f1c,[MAY CONTAIN PERSONALLY IDENTIFIABLE INFORMATION], ,[MAY CONTAIN PERSONALLY IDENTIFIABLE INFORMATION], ,[MAY CONTAIN PERSONALLY IDENTIFIABLE INFORMATION], ,Austin, ,TX ,[MAY CONTAIN PERSONALLY IDENTIFIABLE INFORMATION], ,Intersection,Dry,No Unusual Conditions,45, ,Daylight,Y, , , , , , , ,,Passenger Car,No Injuries Reported,Yes,Proceeding Straight,No,No, , , , , , , , ,Y, , ,Stopped,No,Yes,No Passengers in Vehicle,0, ,Y, , ,Y, , , , , , , , , ,Y, ,Y,Y, , ,No,, ,Yes,, ,, ,, ,Yes, ,"On April [XXX], 2025 at 1:09 PM CT a Waymo Autonomous Vehicle (""Waymo AV"") operating in Austin, Texas was in a collision involving a passenger car near [XXX] and [XXX]. 
The Waymo AV was preparing to make a right turn and merge into [XXX] from a roadway that was located south of [XXX]. While the Waymo AV remained stopped at a stop sign yielding to traffic, a passenger car traveling directly behind the Waymo AV made contact with the rear of the Waymo AV. At the time of the impact, the Waymo AV's Level 4 ADS was engaged in autonomous mode. Both vehicles sustained damage.
Waymo is reporting this crash under Request No. 1 of Standing General Order 2021-01 because a vehicle involved was towed away. Waymo may supplement or correct its reporting with additional information as it may become available.", 
30270-10556,1,Waymo LLC,5-Day,,,APR-2025,SADHW2S18M1, ,N/A,Jaguar,I-Pace, ,2021, ,3fa13431ff0349d,227255, ,None,5th Generation ADS, , ,5th Generation, , ,Version 9, , ,, ,Y,,, ,Y,Yes (specify below),ADOT,Yes,ADS,Waymo LLC, , ,Y, , , , , ,,APR-2025, ,APR-2025,13:36, ,3e20827af0b4001,[MAY CONTAIN PERSONALLY IDENTIFIABLE INFORMATION], ,[MAY CONTAIN PERSONALLY IDENTIFIABLE INFORMATION], ,[MAY CONTAIN PERSONALLY IDENTIFIABLE INFORMATION], ,Phoenix, ,AZ ,[MAY CONTAIN PERSONALLY IDENTIFIABLE INFORMATION], ,Parking Lot,Dry,"Other, see Narrative",15, ,Daylight,Y, , , , , , , ,,Heavy Truck,No Injuries Reported,Yes,Backing,No,No, , , , , , , ,Y, , , ,Stopped,No,Yes,No Passengers in Vehicle,0, , , ,Y, , , , , , , , , , ,Y, ,Y,Y, , ,No,, ,Yes,, ,, ,, ,Yes, ,"On April [XXX], 2025 at 1:36 PM MST a Waymo Autonomous Vehicle (""Waymo AV"") operating in Phoenix, Arizona was in a collision involving a heavy truck in a parking lot near [XXX]. 
The Waymo AV was traveling through a parking lot near [XXX] when it made a right turn between two heavy trucks partially blocking the roadway. The heavy truck to the left of the Waymo AV then began to reverse and the Waymo AV slowed to a stop to yield to the heavy truck. While the Waymo AV remained stopped, the heavy truck continued to reverse and the passenger side of the heavy trucks trailer then made contact with the front driver side of the Waymo AV. At the time of the impact, the Waymo AV's Level 4 ADS was engaged in autonomous mode. The Waymo AV sustained damage. 
Waymo is reporting this crash under Request No. 1 of Standing General Order 2021-01 because a vehicle involved was towed away. Waymo may supplement or correct its reporting with additional information as it may become available.", 
30270-10527,1,Waymo LLC,5-Day,,,APR-2025,SADHW2S18M1, ,N/A,Jaguar,I-Pace, ,2021, ,b19cc252a27de4e,168434, ,None,5th Generation ADS, , ,5th Generation, , ,Version 9, , ,, ,Y,,, ,Y,Yes (specify below),ADOT,Yes,ADS,Waymo LLC, , ,Y, , , , , ,,APR-2025, ,APR-2025,18:25, ,40db72302f3550d,[MAY CONTAIN PERSONALLY IDENTIFIABLE INFORMATION], ,[MAY CONTAIN PERSONALLY IDENTIFIABLE INFORMATION], ,[MAY CONTAIN PERSONALLY IDENTIFIABLE INFORMATION], ,Phoenix, ,AZ ,[MAY CONTAIN PERSONALLY IDENTIFIABLE INFORMATION], ,Street,Dry,No Unusual Conditions,25, ,Daylight, , ,Y, , , , , ,,Pickup Truck,No Injuries Reported,Yes,Backing,No,No, , , ,Y, , ,Y, , , , ,Parked,No,Yes,No Passengers in Vehicle,0, , , ,Y, , ,Y, , , , , , , ,Y, ,Y,Y, , ,No,, ,Yes,, ,, ,, ,Yes, ,"On April [XXX], 2025 at 6:25 PM MT a Waymo Autonomous Vehicle (""Waymo AV"") operating in Phoenix, Arizona was in a collision involving a pickup truck on [XXX] near [XXX]. 
The Waymo AV was parked at the curb facing east on [XXX] when a pickup truck in front of the Waymo AV began to reverse. The rear of the pickup truck then made contact with the front of the parked Waymo AV. At the time of the impact, the Waymo AV's Level 4 ADS was engaged in autonomous mode. Both vehicles sustained damage.
Waymo is reporting this crash under Request No. 1 of Standing General Order 2021-01 because a vehicle involved was towed away. Waymo may supplement or correct its reporting with additional information as it may become available.", 
30270-10422,2,Waymo LLC,10-Day Update,,,APR-2025,SADHW2S15M1, ,N/A,Jaguar,I-PACE, ,2021, ,8ea0174dd0121de,163442, ,None,5th Generation ADS, , ,5th Generation, , ,Version 9, , ,, ,Y,,, ,Y,Yes (specify below),ADOT,Yes,ADS,Waymo LLC, , ,Y, , , , , ,,APR-2025, ,APR-2025,02:11, ,c08d233638f4698,[MAY CONTAIN PERSONALLY IDENTIFIABLE INFORMATION], ,[MAY CONTAIN PERSONALLY IDENTIFIABLE INFORMATION], ,[MAY CONTAIN PERSONALLY IDENTIFIABLE INFORMATION], ,Scottsdale, ,AZ ,[MAY CONTAIN PERSONALLY IDENTIFIABLE INFORMATION], ,Street,Dry,Traffic Incident,15, ,Dark - Lighted,Y, , , , , , , ,,SUV,No Injuries Reported,Yes,Proceeding Straight,No,No, , , , , , , ,Y, , , ,Stopped,No,No,"No, see Narrative",0, , , , , , , ,Y, , , , , , ,Y, ,Y,Y, , ,Yes,Scottsdale Police Department, ,Yes,[MAY CONTAIN PERSONALLY IDENTIFIABLE INFORMATION], ,,Y,,Y,Yes, ,"The content of this report is unchanged from the initial report submitted on April 9, 2025 [REDACTED, MAY CONTAIN CONFIDENTIAL BUSINESS INFORMATION]. 
On April [XXX], 2025 at 2:11 AM MST a Waymo Autonomous Vehicle (""Waymo AV"") operating in Scottsdale, Arizona was in a collision involving an SUV in an alley behind [XXX]. 
The Waymo AV was stopped facing south in a narrow alley behind [XXX] following a passenger pick-up. While attempting to reverse to exit the alley, the Waymo AV yielded to multiple pedestrians in front and behind the Waymo AV. An SUV traveling northbound down the alley then began to maneuver past the Waymo AV on the right. As the SUV passed by the stationary Waymo AV, the passenger side of the SUV made contact with the rear passenger side of the Waymo AV. At the time of the impact, the Waymo AV's Level 4 ADS was engaged in autonomous mode. Both vehicles sustained damage. One of the passengers in the Waymo AV was not belted.
Waymo is reporting this crash under Request No. 1 of Standing General Order 2021-01 because on 4/9/2025 it was determined that a vulnerable road user influenced the driving task of a vehicle involved. Waymo may supplement or correct its reporting with additional information as it may become available.", 
30610-10516,1,"Zoox, Inc.",Monthly,3,2025,APR-2025,5TDDGRFH1HS, ,N/A,Toyota,Highlander, ,2017, ,18e0636c317f80e,86339, ,In-Vehicle (Commercial / Test),203.25.03.28, , ,203.25.03.28, , ,203.25.03.28, , ,, ,Y,,, ,Y,Yes (specify below),NV DMV AVT Permit,Yes,ADS,Zoox, , , , ,Y,Y, , ,,MAR-2025, ,MAR-2025,21:31, ,82ab32ab92788c5,[MAY CONTAIN PERSONALLY IDENTIFIABLE INFORMATION], ,[MAY CONTAIN PERSONALLY IDENTIFIABLE INFORMATION], ,[MAY CONTAIN PERSONALLY IDENTIFIABLE INFORMATION], ,Las Vegas, ,NV ,[MAY CONTAIN PERSONALLY IDENTIFIABLE INFORMATION], ,Street,Dry,No Unusual Conditions,30, ,Dark - Lighted,Y, , , , , , , ,,Passenger Car,No Injuries Reported,Yes,Changing Lanes,No,No, , ,Y, , , , , , , , ,Stopped,No,No,Yes,0, , , , ,Y, , , , , , , , , ,Y, ,Y, , , ,Yes,Las Vegas Metro Police Department, ,No,,Y,,Y,,Y,Yes, ,"A Zoox vehicle (Vehicle 1), operating in autonomous mode, was stopped behind traffic in the right through-lane for a red traffic light on southbound [XXX] at [XXX] in Las Vegas. A passenger car (Vehicle 2) was also stopped for the same traffic light, directly behind the Zoox vehicle. After a few seconds, the Vehicle 2 driver, attempting to change lanes to the right, tapped the rear bumper of the Zoox vehicle with their front bumper. The Zoox operator then disengaged from autonomy. The Vehicle 2 driver then reversed and reattempted their lane change maneuver and tapped the stationary Zoox vehicle another time before merging into the right-turn-only lane. The Vehicle 2 driver did not stop to exchange information. The Zoox vehicle sustained minor damage to the rear bumper. There were no reported injuries. The police were notified by the Zoox vehicle operator but were not dispatched to the scene.", 
30610-10511,1,"Zoox, Inc.",Monthly,3,2025,APR-2025,5TDDGRFH5KS, ,N/A,Toyota,Highlander, ,2019, ,11cf7f140115c4a,61172, ,In-Vehicle (Commercial / Test),346.25.03.16, , ,346.25.03.16, , ,346.25.03.16, , ,, ,Y,,, ,Y,Yes (specify below),NV DMV AVT Permit,Yes,ADS,Zoox, , , , ,Y,Y, , ,,MAR-2025, ,MAR-2025,12:22, ,a930be0f965eab9,[MAY CONTAIN PERSONALLY IDENTIFIABLE INFORMATION], ,[MAY CONTAIN PERSONALLY IDENTIFIABLE INFORMATION], ,[MAY CONTAIN PERSONALLY IDENTIFIABLE INFORMATION], ,Las Vegas, ,NV ,[MAY CONTAIN PERSONALLY IDENTIFIABLE INFORMATION], ,Intersection,Dry,No Unusual Conditions,35, ,Daylight,Y, , , , , , , ,,Passenger Car,No Injuries Reported,Yes,Making Right Turn,No,No, , , , , , , , ,Y, , ,Making Right Turn,No,No,Yes,1, ,Y, , , , , , , , , , , , ,Y, ,Y, , , ,No,, ,No,, ,, ,, ,Yes, ,"A Zoox vehicle (Vehicle 1) operating in autonomous mode was stopped in the right turn lane on eastbound [XXX], attempting a right turn at a traffic light onto [XXX] in Las Vegas. The Zoox vehicle began to move forward and then slowed gradually to yield to cross traffic with right of way when it was rear ended by a passenger car (Vehicle 2) behind. The Zoox vehicle operator then disengaged and pulled over. Both vehicles sustained minor damage. There were no reported injuries and the police were not called.", 
30610-10508,1,"Zoox, Inc.",Monthly,3,2025,APR-2025,5TDDGRFH2HS, ,N/A,Toyota,Highlander, ,2017, ,be60d93b8e54402,114644, ,In-Vehicle (Commercial / Test),180.25.03.07, , ,180.25.03.07, , ,180.25.03.07, , ,, ,Y,,, ,Y,Yes (specify below),NV DMV AVT Permit,Yes,ADS,Zoox, , , , ,Y,Y, , ,,MAR-2025, ,MAR-2025,16:20, ,ec72f29fe65a97f,[MAY CONTAIN PERSONALLY IDENTIFIABLE INFORMATION], ,[MAY CONTAIN PERSONALLY IDENTIFIABLE INFORMATION], ,[MAY CONTAIN PERSONALLY IDENTIFIABLE INFORMATION], ,Las Vegas, ,NV ,[MAY CONTAIN PERSONALLY IDENTIFIABLE INFORMATION], ,Street,Dry,No Unusual Conditions,35, ,Daylight,Y, , , , , , , ,,"Other, see Narrative",No Injuries Reported,Yes,"Other, see Narrative",No,No, , , , , , ,Y, , , , ,Stopped,No,No,Yes,0, ,Y, , ,Y, , , , , , , , , ,Y, ,Y, , , ,No,, ,No,, ,, ,, ,Yes, ,"A Zoox vehicle (Vehicle 1), operating in autonomous mode, was stopped behind traffic in the left turn lane (lane #2) on southbound [XXX] at the intersection with [XXX] in Las Vegas when a forklift operator hauling a dumpster, crossed [XXX] behind the stopped Zoox vehicle and tapped the rear end of the Zoox vehicle with the dumpster. The Zoox vehicle operator then disengaged from autonomy. The forklift operator did not stop and left the scene without exchanging information. The Zoox vehicle sustained minor damage. There were no reported injuries and the police were not called.", 
30270-10448,1,Waymo LLC,Monthly,3,2025,APR-2025,SADHW2S14R1, ,N/A,Jaguar,I-PACE, ,2024, ,58de7f4311cc07b,21101, ,None,5th Generation ADS, , ,5th Generation, , ,Version 9, , ,, ,Y,,, ,Y,No,,Yes,ADS,Waymo LLC, , ,Y, , , , , ,,MAR-2025, ,MAR-2025,17:40, ,d8217fb75609518,[MAY CONTAIN PERSONALLY IDENTIFIABLE INFORMATION], ,[MAY CONTAIN PERSONALLY IDENTIFIABLE INFORMATION], ,[MAY CONTAIN PERSONALLY IDENTIFIABLE INFORMATION], ,Austin, ,TX ,[MAY CONTAIN PERSONALLY IDENTIFIABLE INFORMATION], ,Street,Dry,No Unusual Conditions,25, ,Daylight,Y, , , , , , , ,,Heavy Truck,No Injuries Reported,Yes,Proceeding Straight,No,No,Y, , , , , , , , , , ,Stopped,No,No,No Passengers in Vehicle,0, , , ,Y, , , , , , , , , , ,Y, ,Y,Y, , ,No,, ,Yes,, ,, ,, ,Yes, ,"On March [XXX], 2025 at 5:40 PM CDT a Waymo Autonomous Vehicle (""Waymo AV"") operating in Austin, Texas was in a collision involving a swing-out tailgate of a trailer being towed by a heavy-duty pickup truck on [XXX] at [XXX]. 
The Waymo AV was traveling east on [XXX] when a heavy-duty pickup truck towing a dump trailer  traveling west on [XXX] approached the Waymo AV. The dump trailer was equipped with a swing-out tailgate that was open and had begun protruding across the center line and into the lane occupied by the Waymo AV. The Waymo AV came to a stop as the vehicle approached and the swung-out tailgate made contact with the front driver side of the stationary Waymo AV. At the time of the impact, the Waymo AV's Level 4 ADS was engaged in autonomous mode. The Waymo AV sustained damage.
Waymo is reporting this crash under Request No. 2 of Standing General Order 2021-01. Waymo may supplement or correct its reporting with additional information as it may become available.", 
30270-10450,1,Waymo LLC,Monthly,3,2025,APR-2025,SADHW2S19R1, ,N/A,Jaguar,I-Pace, ,2024, ,fbc392705616c62,22591, ,None,5th Generation ADS, , ,5th Generation, , ,Version 9, , ,, ,Y,,, ,Y,No,,Yes,ADS,Waymo LLC, , ,Y, , , , , ,,MAR-2025, ,MAR-2025,00:51, ,700b400d685d07b,[MAY CONTAIN PERSONALLY IDENTIFIABLE INFORMATION], ,[MAY CONTAIN PERSONALLY IDENTIFIABLE INFORMATION], ,[MAY CONTAIN PERSONALLY IDENTIFIABLE INFORMATION], ,Austin, ,TX ,[MAY CONTAIN PERSONALLY IDENTIFIABLE INFORMATION], ,Street,Dry,No Unusual Conditions,25, ,Dark - Lighted,Y, , , , , , , ,,Van,No Injuries Reported,Yes,Passing,No,No, , , , , , , ,Y, , , ,Parked,No,No,No Passengers in Vehicle,0, ,Y, , , , , , , , , , , , ,Y, ,Y,Y, , ,No,, ,Yes,, ,, ,, ,Yes, ,"On March [XXX], 2025 at 12:51 AM CT a Waymo Autonomous Vehicle (""Waymo AV"") operating in Austin, Texas was in a collision involving a van on [XXX] near [XXX]. 
The Waymo AV was stopped facing north on [XXX] for a rider pickup when a van traveling directly behind the parked Waymo AV proceeded to pass the Waymo AV. As the van passed the parked Waymo AV, the passenger side of the van made contact with the rear driver side of the Waymo AV. At the time of the impact, the Waymo AV's Level 4 ADS was engaged in autonomous mode. The van sustained damage.
Waymo is reporting this crash under Request No. 2 of Standing General Order 2021-01. Waymo may supplement or correct its reporting with additional information as it may become available.", 
30270-10435,1,Waymo LLC,Monthly,3,2025,APR-2025,SADHW2S18R1, ,N/A,Jaguar,I-Pace, ,2024, ,98deb204146ceda,20728, ,None,5th Generation ADS, , ,5th Generation, , ,Version 9, , ,, ,Y,,, ,Y,Yes (specify below),ADOT,Yes,ADS,Waymo LLC, , ,Y, , , , , ,,MAR-2025, ,MAR-2025,06:49, ,8cadeeb4404ec67,[MAY CONTAIN PERSONALLY IDENTIFIABLE INFORMATION], ,[MAY CONTAIN PERSONALLY IDENTIFIABLE INFORMATION], ,[MAY CONTAIN PERSONALLY IDENTIFIABLE INFORMATION], ,Phoenix, ,AZ ,[MAY CONTAIN PERSONALLY IDENTIFIABLE INFORMATION], ,Street,Dry,No Unusual Conditions,25, ,Daylight,Y, , , , , , , ,,Passenger Car,No Injuries Reported,Yes,Backing,No,No, , , ,Y, , , , , , , ,Parked,No,No,No Passengers in Vehicle,0, , , , , , ,Y, , , , , , , ,Y, ,Y,Y, , ,No,, ,Yes,, ,, ,, ,Yes, ,"On March [XXX], 2025 at 6:49 AM MT a Waymo Autonomous Vehicle (""Waymo AV"") operating in Phoenix, Arizona was in a collision involving a passenger car on [XXX] near [XXX]. 
The Waymo AV was parked at the curb facing south on [XXX] when a passenger car attempting to parallel park directly in front of the Waymo AV reversed, and the rear of the passenger car made contact with the front of the stationary Waymo AV. At the time of the impact, the Waymo AV's Level 4 ADS was engaged in autonomous mode. Both vehicles sustained damage.
Waymo is reporting this crash under Request No. 2 of Standing General Order 2021-01. Waymo may supplement or correct its reporting with additional information as it may become available.", 
30270-10427,1,Waymo LLC,Monthly,3,2024,APR-2025,SADHW2S12R1, ,N/A,Jaguar,I-PACE, ,2024, ,1022c75a9f37dda,16868, ,None,5th Generation ADS, , ,5th Generation, , ,Version 9, , ,, ,Y,,, ,Y,Yes (specify below),ADOT,Yes,ADS,Waymo LLC, , ,Y, , , , , ,,MAR-2025, ,MAR-2025,16:10, ,3196dae38a5f098,[MAY CONTAIN PERSONALLY IDENTIFIABLE INFORMATION], ,[MAY CONTAIN PERSONALLY IDENTIFIABLE INFORMATION], ,[MAY CONTAIN PERSONALLY IDENTIFIABLE INFORMATION], ,Phoenix, ,AZ ,[MAY CONTAIN PERSONALLY IDENTIFIABLE INFORMATION], ,Intersection,Dry,No Unusual Conditions,35, ,Daylight,Y, , , , , , , ,,Passenger Car,No Injuries Reported,Yes,Proceeding Straight,No,No, , , , , ,Y, , , , , ,Stopped,No,No,Yes,0, , , , ,Y, , , , , , , , , ,Y, ,Y,Y, , ,No,, ,Yes,, ,, ,, ,Yes, ,"On March [XXX], 2025 at 4:10 PM MST a Waymo Autonomous Vehicle (""Waymo AV"") operating in Phoenix, Arizona was in a collision involving a passenger car on [XXX] at [XXX]. 
The Waymo AV was traveling northbound on [XXX] in the rightmost lane and came to a stop for a red light at the intersection at [XXX]. As the light remained red, a passenger car that was stopped directly behind the Waymo AV proceeded forward and the front of the passenger car made contact with the rear of the stationary Waymo AV. At the time of the impact, the Waymo AV's Level 4 ADS was engaged in autonomous mode. The Waymo AV sustained damage.
Waymo is reporting this crash under Request No. 2 of Standing General Order 2021-01. Waymo may supplement or correct its reporting with additional information as it may become available.", 