Report ID,Report Version,Reporting Entity,Report Type,Report Month,Report Year,Report Submission Date,VIN,VIN - Unknown,Serial Number,Make,Model,Model - Unknown,Model Year,Model Year - Unknown,Same Vehicle ID,Mileage,Mileage - Unknown,Driver / Operator Type,ADAS/ADS System Version,ADAS/ADS System Version - Unk,ADAS/ADS System Version CBI,ADAS/ADS Hardware Version,ADAS/ADS Hardware Version - Unk,ADAS/ADS Hardware Version CBI,ADAS/ADS Software Version,ADAS/ADS Software Version - Unk,ADAS/ADS Software Version CBI,Other Reporting Entities?,Other Reporting Entities? - Unk,Other Reporting Entities? - NA,Federal Regulatory Exemption?,Other Federal Reg. Exemption,Federal Reg. Exemption - Unk,Federal Reg. Exemption - No,State or Local Permit?,State or Local Permit,ADS Equipped?,Automation System Engaged?,Operating Entity,Operating Entity - Unknown,Source - Complaint/Claim,Source - Telematics,Source - Law Enforcement,Source - Field Report,Source - Testing,Source - Media,Source - Other,Source - Other Text,Incident Date,Incident Date - Unknown,Notice Received Date,Incident Time (24:00),Incident Time - Unknown,Same Incident ID,Latitude,Latitude - Unknown,Longitude,Longitude - Unknown,Address,Address - Unknown,City,City - Unknown,State,Zip Code,Zip Code - Unknown,Roadway Type,Roadway Surface,Roadway Description,Posted Speed Limit (MPH),Posted Speed Limit - Unknown,Lighting,Weather - Clear,Weather - Snow,Weather - Cloudy,Weather - Fog/Smoke,Weather - Rain,Weather - Severe Wind,Weather - Unknown,Weather - Other,Weather - Other Text,Crash With,Highest Injury Severity Alleged,Property Damage?,CP Pre-Crash Movement,CP Any Air Bags Deployed?,CP Was Vehicle Towed?,CP Contact Area - Rear Left,CP Contact Area - Left,CP Contact Area - Front Left,CP Contact Area - Rear,CP Contact Area - Top,CP Contact Area - Front,CP Contact Area - Rear Right,CP Contact Area - Right,CP Contact Area - Front Right,CP Contact Area - Bottom,CP Contact Area - Unknown,SV Pre-Crash Movement,SV Any Air Bags Deployed?,SV Was Vehicle Towed?,SV Were All Passengers Belted?,SV Precrash Speed (MPH),SV Pre-crash Speed - Unknown,SV Contact Area - Rear Left,SV Contact Area - Left,SV Contact Area - Front Left,SV Contact Area - Rear,SV Contact Area - Top,SV Contact Area - Front,SV Contact Area - Rear Right,SV Contact Area - Right,SV Contact Area - Front Right,SV Contact Area - Bottom,SV Contact Area - Unknown,Data Availability - EDR,Data Availability - Police Rpt,Data Availability - Telematics,Data Availability - Complaints,Data Availability - Video,Data Availability - Other,Data Availability - No Data,Data Availability - Unknown,Law Enforcement Investigating?,Investigating Agency,Investigating Agency - Unknown,Rep Ent Or Mfr Investigating?,Investigating Officer Name,Inv. Officer Name - Unknown,Investigating Officer Phone,Inv. Officer Phone - Unknown,Investigating Officer Email,Inv. Officer Email - Unknown,Within ODD?,Within ODD? - CBI,Narrative,Narrative - CBI?
30270-10148,1,Waymo LLC,Monthly,2,2025,MAR-2025,SADHW2S13R1, ,N/A,Jaguar,I-PACE, ,2024, ,9df799516bace2a,36281, ,In-Vehicle and Remote (Commercial / Test),5th Generation ADS, , ,5th Generation, , ,,Y, ,Transdev Alternative Services, , ,,, ,Y,No,,Yes,ADS,Waymo LLC, , ,Y, , , , , ,,FEB-2025, ,FEB-2025,16:13, ,eb89a7c26f836d3,[MAY CONTAIN PERSONALLY IDENTIFIABLE INFORMATION], ,[MAY CONTAIN PERSONALLY IDENTIFIABLE INFORMATION], ,[MAY CONTAIN PERSONALLY IDENTIFIABLE INFORMATION], ,Atlanta, ,GA ,[MAY CONTAIN PERSONALLY IDENTIFIABLE INFORMATION], ,Street,Dry,No Unusual Conditions,35, ,Daylight, , ,Y, , , , , ,,SUV,No Injuries Reported,Yes,Proceeding Straight,No,No, , ,Y, , , , , , , , ,Making Left Turn,No,No,Yes,2, , , , , , , ,Y, , , , , , ,Y, ,Y,Y, , ,No,, ,Yes,, ,, ,, ,Yes, ,"On February [XXX], 2025 at 4:13 PM ET a Waymo Autonomous Vehicle (""Waymo AV"") operating in Atlanta, Georgia was in a collision involving an SUV on [XXX]. 
The Waymo AV was stopped at a red light in the far left turn lane on westbound [XXX] preparing to make a protected left turn onto [XXX].  As the light at [XXX] turned green, the Waymo AV began to advance through the intersection and came to a stop for a van that was blocking the intersection.  While the Waymo AV remained stopped, the front driver side of an SUV in the process of turning left onto Piedmont Avenue from the second from the left lane made contact with the rear passenger side of the Waymo AV.  At the time of the impact, the Waymo AV's Level 4 ADS was not engaged and a test driver was operating the Waymo AV in manual mode. The SUV sustained damage.
Waymo is reporting this crash under Request No. 2 of Standing General Order 2021-01. Waymo may supplement or correct its reporting with additional information as it may become available.", 
30270-10087,1,Waymo LLC,Monthly,2,2025,MAR-2025,SADHW2S19M1, ,N/A,Jaguar,I-PACE, ,2021, ,3bef8ad28561c33,179896, ,None,5th Generation ADS, , ,5th Generation, , ,Version 9, , ,, ,Y,,, ,Y,Yes (specify below),ADOT,Yes,ADS,Waymo LLC, , ,Y, , , , , ,,FEB-2025, ,FEB-2025,23:43, ,07949a4fab0d337,[MAY CONTAIN PERSONALLY IDENTIFIABLE INFORMATION], ,[MAY CONTAIN PERSONALLY IDENTIFIABLE INFORMATION], ,[MAY CONTAIN PERSONALLY IDENTIFIABLE INFORMATION], ,Phoenix, ,AZ ,[MAY CONTAIN PERSONALLY IDENTIFIABLE INFORMATION], ,Street,Dry,"Other, see Narrative",35, ,Dark - Lighted,Y, , , , , , , ,,"Other, see Narrative",No Injuries Reported,Yes,"Other, see Narrative",Not Applicable,Not Applicable, , , , , , , , , , ,Y,Making Right Turn,No,No,No Passengers in Vehicle,6, , , , , , , , , , ,Y, , , ,Y, ,Y,Y, , ,No,, ,Yes,, ,, ,, ,Yes, ,"On February [XXX], 2025 at 11:43 PM MT a Waymo Autonomous Vehicle (""Waymo AV"") operating in Phoenix, Arizona made contact with raised pavement in a parking lot driveway entrance on [XXX]. 
The Waymo AV was traveling southbound on [XXX] in the right lane, and began to turn right into a parking lot driveway entrance when the underside of the Waymo AV made contact with the raised pavement. At the time of the impact, the Waymo AV's Level 4 ADS was engaged in autonomous mode. The Waymo AV sustained damage.
Waymo is reporting this crash under Request No. 2 of Standing General Order 2021-01. Waymo may supplement or correct its reporting with additional information as it may become available.", 
30270-10085,1,Waymo LLC,Monthly,2,2025,MAR-2025,SADHW2S10M1, ,N/A,Jaguar,I-PACE, ,2021, ,eb8a0c2bd48a564,198129, ,None,5th Generation ADS, , ,5th Generation, , ,Version 9, , ,, ,Y,,, ,Y,Yes (specify below),ADOT,Yes,ADS,Waymo LLC, , ,Y, , , , , ,,FEB-2025, ,FEB-2025,21:02, ,be3d629bd7d432c,[MAY CONTAIN PERSONALLY IDENTIFIABLE INFORMATION], ,[MAY CONTAIN PERSONALLY IDENTIFIABLE INFORMATION], ,[MAY CONTAIN PERSONALLY IDENTIFIABLE INFORMATION], ,Phoenix, ,AZ ,[MAY CONTAIN PERSONALLY IDENTIFIABLE INFORMATION], ,Street,Dry,No Unusual Conditions,35, ,Dark - Lighted,Y, , , , , , , ,,Passenger Car,No Injuries Reported,Yes,Proceeding Straight,No,No, , , , , ,Y, , , , , ,Proceeding Straight,No,No,Yes,12, , , , ,Y, , , , , , , , , ,Y, ,Y,Y, , ,Yes,Phoenix Police Department, ,Yes,[MAY CONTAIN PERSONALLY IDENTIFIABLE INFORMATION], ,[MAY CONTAIN PERSONALLY IDENTIFIABLE INFORMATION], ,,Y,Yes, ,"On February [XXX], 2025 at 9:02 PM MT a Waymo Autonomous Vehicle (""Waymo AV"") operating in Phoenix, Arizona was in a collision involving a passenger car on[XXX]. 
The Waymo AV was traveling northbound on [XXX] in the dedicated left turn lane, slowing for a queue of traffic stopped at the intersection at [XXX]. A passenger car approached the Waymo AV from behind, and the front of the passenger car made contact with the rear of the Waymo AV. At the time of the impact, the Waymo AV's Level 4 ADS was engaged in autonomous mode. The Waymo AV sustained damage.
Waymo is reporting this crash under Request No. 2 of Standing General Order 2021-01. Waymo may supplement or correct its reporting with additional information as it may become available.", 
30270-10091,1,Waymo LLC,Monthly,2,2025,MAR-2025,SADHW2S12M1, ,N/A,Jaguar,I-PACE, ,2021, ,e70a7f8b565506c,184649, ,None,5th Generation ADS, , ,5th Generation, , ,Version 9, , ,, ,Y,,, ,Y,Yes (specify below),ADOT,Yes,ADS,Waymo LLC, , ,Y, , , , , ,,FEB-2025, ,FEB-2025,20:35, ,2cb2aade63ee8f6,[MAY CONTAIN PERSONALLY IDENTIFIABLE INFORMATION], ,[MAY CONTAIN PERSONALLY IDENTIFIABLE INFORMATION], ,[MAY CONTAIN PERSONALLY IDENTIFIABLE INFORMATION], ,Phoenix, ,AZ ,[MAY CONTAIN PERSONALLY IDENTIFIABLE INFORMATION], ,Intersection,Dry,No Unusual Conditions,35, ,Dark - Lighted,Y, , , , , , , ,,SUV,No Injuries Reported,Yes,Backing,No,No, , , , , , ,Y, , , , ,Stopped,No,No,No Passengers in Vehicle,0, , , , , , , ,Y, , , , , , ,Y, ,Y,Y, , ,No,, ,Yes,, ,, ,, ,Yes, ,"On February [XXX], 2025 at 8:35 PM MT a Waymo Autonomous Vehicle (""Waymo AV"") operating in Phoenix, Arizona was in a collision involving an SUV on[XXX]. 
The Waymo AV was traveling westbound on [XXX] and came to a stop at a stop sign at the intersection at [XXX], preparing to make a right turn. While the Waymo AV was stopped, an SUV that was parked facing eastbound at the north curb on E. Brill Street reversed, and the rear of the SUV made contact with the rear passenger side of the stationary Waymo AV. At the time of the impact, the Waymo AV's Level 4 ADS was engaged in autonomous mode. The Waymo AV sustained damage.
Waymo is reporting this crash under Request No. 2 of Standing General Order 2021-01. Waymo may supplement or correct its reporting with additional information as it may become available.", 
988-10265,1,PACCAR Incorporated,Monthly,3,2025,MAR-2025,1XKYD49X3PJ, ,[MAY CONTAIN PERSONALLY IDENTIFIABLE INFORMATION],Kenworth,T680, ,2023, ,c287a5f63edf401,52447, ,In-Vehicle (Commercial / Test),Candidate, , ,, , ,, , ,Kodiak Robotics, , ,,, ,Y,No,,Yes,ADS,"Kodiak Robotics, Inc.", , ,Y, , , , , ,,MAR-2025, ,MAR-2025,14:20, ,9fc2807aedfa970,[MAY CONTAIN PERSONALLY IDENTIFIABLE INFORMATION], ,[MAY CONTAIN PERSONALLY IDENTIFIABLE INFORMATION], ,[MAY CONTAIN PERSONALLY IDENTIFIABLE INFORMATION], ,Odessa, ,TX ,[MAY CONTAIN PERSONALLY IDENTIFIABLE INFORMATION], ,Highway / Freeway,Dry,Work Zone,55, ,Daylight,Y, , , , , , , ,,Heavy Truck,No Injuries Reported,Yes,Proceeding Straight,Not Applicable,Not Applicable, , , , , , , ,Y, , , ,Proceeding Straight,No,No,Yes,54, , ,Y, , , , , , , , , , , ,Y, ,Y,Y, , ,No,, ,No,, ,, ,, ,Yes, ,"On March [XXX] at approximately 2:20 PM CT, the passenger-side mirror of a lifted Ford F-350 with dual rear wheels made light contact with a Kodiak Driver-equipped autonomous trucks drivers side mirror. The Kodiak truck was Westbound on [XXX] Midland and Odessa, Texas. The driver of the F-350 continued down the road without stopping. The Kodiak truck has been operating in manual mode for approximately 10 seconds prior to the incident.
The Kodiak safety driver pulled over at the next exit to inspect the vehicle and found minor surface abrasion on the drivers side mirror. There were no injuries reported, and no vehicles were towed from the scene.", 
669-10259,1,Hyundai Motor America,Monthly,2,2025,MAR-2025,PFDKB4AE4RF, ,N/A,Hyundai,IONIQ 5, ,2024, ,2d388d4948c1138,,Y,In-Vehicle (Commercial / Test),"[REDACTED, MAY CONTAIN CONFIDENTIAL BUSINESS INFORMATION]", ,Y,"[REDACTED, MAY CONTAIN CONFIDENTIAL BUSINESS INFORMATION]", ,Y,"[REDACTED, MAY CONTAIN CONFIDENTIAL BUSINESS INFORMATION]", ,Y,Hyundai Motor America, , ,,, ,Y,Yes (specify below),Nevada,Yes,ADS,Motional, , , , ,Y, , , ,,FEB-2025, ,FEB-2025,15:38, ,4ce5e32b26da9ff,[MAY CONTAIN PERSONALLY IDENTIFIABLE INFORMATION], ,[MAY CONTAIN PERSONALLY IDENTIFIABLE INFORMATION], ,[MAY CONTAIN PERSONALLY IDENTIFIABLE INFORMATION], ,Las Vegas, ,NV ,[MAY CONTAIN PERSONALLY IDENTIFIABLE INFORMATION], ,Intersection,Dry,No Unusual Conditions,35, ,Unknown,Y, , , , , , , ,,Passenger Car,No Injuries Reported,Yes,"Other, see Narrative",No,No, , , , , ,Y, , , , , ,"Other, see Narrative",No,No,Yes,0, , , , ,Y, , , , , , , , , , , ,Y, , , ,No,, ,Yes,, ,, ,, ,Yes, ,"In cooperation with Motional, the following is their summary of the incident:
On February [XXX], 2025, at 3:38 PM PT, a Motional AV with VIN PFDKB4AE4RF[XXX] was operating in autonomous mode in Las Vegas, Nevada. A safety driver was in the driver's seat, and two Motional employees were in the backseat.
The AV was traveling [REDACTED, MAY CONTAIN CONFIDENTIAL BUSINESS INFORMATION], preparing to make a right turn onto [REDACTED, MAY CONTAIN CONFIDENTIAL BUSINESS INFORMATION]. While in the right-turn lane, the AV came to a complete stop at a yield sign and a Mazda vehicle rear-ended the AV at approximately 5-10 MPH. Following the impact, the safety driver assumed control of the vehicle and pulled safety over to exchange information.
No injuries were reported by any of the vehicle occupants, and no airbags deployed. The AV sustained damage to the trunk. All vehicles remained drivable and left the scene
under their own power without needing a tow truck. Law enforcement was not contacted at the time of the incident however, if a police report becomes available, a copy will be
provided.",Y
669-10257,1,Hyundai Motor America,Monthly,2,2025,MAR-2025,PFDKB4AE3RF, ,N/A,Hyundai,IONIQ 5, ,2024, ,48d0706c1e92595,5831, ,In-Vehicle (Commercial / Test),"[REDACTED, MAY CONTAIN CONFIDENTIAL BUSINESS INFORMATION]", ,Y,"[REDACTED, MAY CONTAIN CONFIDENTIAL BUSINESS INFORMATION]", ,Y,"[REDACTED, MAY CONTAIN CONFIDENTIAL BUSINESS INFORMATION]", ,Y,Motional, , ,,, ,Y,Yes (specify below),Nevada,Yes,ADS,Motional, , , , ,Y, , , ,,FEB-2025, ,FEB-2025,21:50, ,b42deb39142d807,[MAY CONTAIN PERSONALLY IDENTIFIABLE INFORMATION], ,[MAY CONTAIN PERSONALLY IDENTIFIABLE INFORMATION], ,[MAY CONTAIN PERSONALLY IDENTIFIABLE INFORMATION], ,Las Vegas, ,NV ,[MAY CONTAIN PERSONALLY IDENTIFIABLE INFORMATION], ,Intersection,Dry,No Unusual Conditions,35, ,Dark - Lighted,Y, , , , , , , ,,Van,No Injuries Reported,Yes,Making Left Turn,No,No, , ,Y, , ,Y, , ,Y, , ,Making Left Turn,No,No,Yes,2, ,Y, , ,Y, , ,Y, , , , , , , , ,Y, , , ,No,, ,Yes,, ,, ,, ,Yes, ,"In collaboration with Motional, below is a summary based on their statement:
On February [XXX], 2025, at approximately 9:50 PM PT, a Motional AV with VIN PFDKB4AE3RF[XXX] was operating in autonomous mode in Las Vegas, Nevada. The vehicle was stopped in a left-turn lane on [REDACTED, MAY CONTAIN CONFIDENTIAL BUSINESS INFORMATION], preparing to turn left onto [REDACTED, MAY CONTAIN CONFIDENTIAL BUSINESS INFORMATION]. A safety driver was in the driver's seat, and an engineer was in the front passenger seat.
When the light turned from red to a left green arrow, the AV began making a left turn onto [XXX] when a vehicle, two cars behind the AV, rear-ended the cargo van
immediately behind the AV, causing the cargo van to rear-end the AV at approximately 2-5 MPH. Following the impact, the safety driver assumed control of the AV and pulled over safely to the side of Russell Road.
No injuries were reported in any of the vehicles, and no airbags deployed. The AV sustained damage to its rear bumper. Both vehicles remained drivable and departed the scene under their own power. Law enforcement was not contacted at the time of the incident if a police report becomes available, a copy will be provided.", 
669-10258,1,Hyundai Motor America,Monthly,2,2025,MAR-2025,PFDKB4AE1RF, ,N/A,Hyundai,IONIQ 5, ,2024, ,ea1383b24e0401b,4947, ,In-Vehicle (Commercial / Test),"[REDACTED, MAY CONTAIN CONFIDENTIAL BUSINESS INFORMATION]", ,Y,"[REDACTED, MAY CONTAIN CONFIDENTIAL BUSINESS INFORMATION]", ,Y,"[REDACTED, MAY CONTAIN CONFIDENTIAL BUSINESS INFORMATION]", ,Y,Motional, , ,,, ,Y,Yes (specify below),Nevada,Yes,ADS,Motional, , , , ,Y, , , ,,FEB-2025, ,FEB-2025,14:44, ,2fa56e3fae57fff,[MAY CONTAIN PERSONALLY IDENTIFIABLE INFORMATION], ,[MAY CONTAIN PERSONALLY IDENTIFIABLE INFORMATION], ,[MAY CONTAIN PERSONALLY IDENTIFIABLE INFORMATION], ,Las Vegas, ,NV ,[MAY CONTAIN PERSONALLY IDENTIFIABLE INFORMATION], ,Intersection,Dry,No Unusual Conditions,45, ,Daylight,Y, , , , , , , ,,Pickup Truck,No Injuries Reported,Yes,"Other, see Narrative",No,No, , , , , ,Y, , , , , ,Stopped,No,No,Yes,0, , , , ,Y, , , , , , , , , , , ,Y, , , ,No,, ,Yes,, ,, ,, ,Yes, ,"In collaboration with Motional, below is a summary based on their statement:
On February [XXX], 2025, at 2:44 PM PT, a Motional AV with VIN PFDKB4AE1RF[XXX] was operating in autonomous mode in Las Vegas, Nevada. A safety driver was in the driver's seat, and a test engineer was in the front passenger seat.
The AV was traveling [REDACTED, MAY CONTAIN CONFIDENTIAL BUSINESS INFORMATION], preparing to make a right turn onto [REDACTED, MAY CONTAIN CONFIDENTIAL BUSINESS INFORMATION]. While in the right-turn lane, the AV came to a complete stop at a yield sign and a truck rear-ended the AV at approximately 5-10 MPH. Following the impact, the safety driver assumed control of the vehicle and, after a brief conversation with the truck driver, pulled into a nearby gas station to exchange information.
No injuries were reported by any of the vehicle occupants, and no airbags deployed. The AV sustained damage to the trunk and rear camera. All vehicles remained drivable and left the scene under their own power without needing a tow truck. Law enforcement was not contacted at the time of the incident however, if a police report becomes available, a copy will be provided.", 
669-10260,1,Hyundai Motor America,Monthly,2,2025,MAR-2025,PFDKB4AE1RF, ,N/A,Hyundai,IONIQ 5, ,2024, ,cbf168dd2910c18,12524, ,In-Vehicle (Commercial / Test),"[REDACTED, MAY CONTAIN CONFIDENTIAL BUSINESS INFORMATION]", ,Y,"[REDACTED, MAY CONTAIN CONFIDENTIAL BUSINESS INFORMATION]", ,Y,"[REDACTED, MAY CONTAIN CONFIDENTIAL BUSINESS INFORMATION]", ,Y,Motional, , ,,, ,Y,Yes (specify below),Nevada,Yes,ADS,Motional, , , , ,Y, , , ,,FEB-2025, ,FEB-2025,15:00, ,276c44175c4e6fa,[MAY CONTAIN PERSONALLY IDENTIFIABLE INFORMATION], ,[MAY CONTAIN PERSONALLY IDENTIFIABLE INFORMATION], ,[MAY CONTAIN PERSONALLY IDENTIFIABLE INFORMATION], ,Las Vegas, ,NV ,[MAY CONTAIN PERSONALLY IDENTIFIABLE INFORMATION], ,Intersection,Dry,No Unusual Conditions,15, ,Daylight,Y, , , , , , , ,,SUV,No Injuries Reported,Yes,"Other, see Narrative",No,No, , , , , ,Y, , , , , ,"Other, see Narrative",No,No,Yes,2, , , , ,Y, , , , , , , , , , , ,Y, , , ,No,, ,Yes,, ,, ,, ,Yes, ,"In collaboration with Motional, below is a summary based on their statement:
On February [XXX], 2025, at 3:00 PM PT, a Motional AV with VIN PFDKB4AE1RF[XXX] was operating in autonomous mode in Las Vegas, Nevada. A safety driver was in the driver's seat, a test engineer was in the passenger seat, and one Motional employee was in the backseat.
The AV was traveling [REDACTED, MAY CONTAIN CONFIDENTIAL BUSINESS INFORMATION], preparing to make a right turn onto [REDACTED, MAY CONTAIN CONFIDENTIAL BUSINESS INFORMATION].
While in the right-turn lane, the AV was slowing to stop at a yield sign for cross traffic, and a Cadilac SUV rear-ended the AV at approximately 1-5 MPH. Following the impact, the safety driver assumed control of the vehicle and pulled safety over to exchange information.
No injuries were reported by any of the vehicle occupants, and no airbags deployed. The AV sustained damage to the trunk. All vehicles remained drivable and left the scene
under their own power without needing a tow truck. Law enforcement was not contacted at the time of the incident however, if a police report becomes available, a copy will be
provided", 
30270-10196,1,Waymo LLC,5-Day,,,MAR-2025,SADHW2S19M1, ,N/A,Jaguar,I-PACE, ,2021, ,275f73fb6f3996f,193783, ,None,5th Generation ADS, , ,5th Generation, , ,Version 9, , ,, ,Y,,, ,Y,Yes (specify below),ADOT,Yes,ADS,Waymo LLC, , ,Y, , , , , ,,MAR-2025, ,MAR-2025,11:48, ,034925e7c1a3566,[MAY CONTAIN PERSONALLY IDENTIFIABLE INFORMATION], ,[MAY CONTAIN PERSONALLY IDENTIFIABLE INFORMATION], ,[MAY CONTAIN PERSONALLY IDENTIFIABLE INFORMATION], ,Scottsdale, ,AZ ,[MAY CONTAIN PERSONALLY IDENTIFIABLE INFORMATION], ,Street,Dry,"Other, see Narrative",45, ,Daylight,Y, , , , , , , ,,Passenger Car,No Injuries Reported,Yes,Proceeding Straight,No,No, , ,Y, , ,Y, , , , , ,Stopped,No,Yes,No Passengers in Vehicle,0, , , , ,Y, , ,Y, , , , , , ,Y, ,Y,Y, , ,No,, ,Yes,, ,, ,, ,Yes, ,"On March [XXX], 2025 at 11:48 AM MST a Waymo Autonomous Vehicle (""Waymo AV"") operating in Scottsdale, Arizona was in a collision involving a passenger car on [XXX]. 
The Waymo AV was traveling east on [XXX] when it slowed to a stop at a red light in the dedicated right turn lane at the intersection with [XXX]. When the traffic light turned green, the Waymo AV proceeded forward to initiate its right turn, but slowed to a stop before the crosswalk due to the uncertainty about the state of a traffic signal at the crosswalk. While the Waymo AV remained stopped, a passenger car approached the Waymo AV from behind and the front of the passenger car made contact with the rear of the stationary Waymo AV. At the time of the impact, the Waymo AV's Level 4 ADS was engaged in autonomous mode. Both vehicles sustained damage. 
Waymo is reporting this crash under Request No. 1 of Standing General Order 2021-01 because a vehicle involved was towed away. Waymo may supplement or correct its reporting with additional information as it may become available.", 
30410-9804,1,Motional,Monthly,2,2025,MAR-2025,PFDKB4AE3RF, ,n/a,Hyundai,Ioniq 5, ,2024, ,48d0706c1e92595,5831, ,In-Vehicle (Commercial / Test),"[REDACTED, MAY CONTAIN CONFIDENTIAL BUSINESS INFORMATION]", ,Y,"[REDACTED, MAY CONTAIN CONFIDENTIAL BUSINESS INFORMATION]", ,Y,"[REDACTED, MAY CONTAIN CONFIDENTIAL BUSINESS INFORMATION]", ,Y,Hyundai Motor America, , ,,, ,Y,Yes (specify below),Nevada,Yes,ADS,Motional, , , , ,Y, , , ,,FEB-2025, ,FEB-2025,21:50, ,b42deb39142d807,[MAY CONTAIN PERSONALLY IDENTIFIABLE INFORMATION], ,[MAY CONTAIN PERSONALLY IDENTIFIABLE INFORMATION], ,[MAY CONTAIN PERSONALLY IDENTIFIABLE INFORMATION], ,Las Vegas, ,NV ,[MAY CONTAIN PERSONALLY IDENTIFIABLE INFORMATION], ,Intersection,Dry,No Unusual Conditions,35, ,Dark - Lighted,Y, , , , , , , ,,Van,No Injuries Reported,Yes,Making Left Turn,No,No, , ,Y, , ,Y, , ,Y, , ,Making Left Turn,No,No,Yes,2, ,Y, , ,Y, , ,Y, , , , , , , , ,Y, , , ,No,, ,Yes,, ,, ,, ,Yes, ,"On February [XXX], 2025, at approximately 9:50 PM PT, a Motional AV with VIN PFDKB4AE3RF000093 was operating in autonomous mode in Las Vegas, Nevada. The vehicle was stopped in a left-turn lane on [REDACTED, MAY CONTAIN CONFIDENTIAL BUSINESS INFORMATION], preparing to turn left onto [REDACTED, MAY CONTAIN CONFIDENTIAL BUSINESS INFORMATION]. A safety driver was in the driver's seat, and an engineer was in the front passenger seat.
When the light turned from red to a left green arrow, the AV began making a left turn onto [REDACTED, MAY CONTAIN CONFIDENTIAL BUSINESS INFORMATION] when a vehicle, two cars behind the AV, rear-ended the cargo van immediately behind the AV, causing the cargo van to rear-end the AV at approximately 2-5 MPH. Following the impact, the safety driver assumed control of the AV and pulled over safely to the side of Russell Road.
No injuries were reported in any of the vehicles, and no airbags deployed. The AV sustained damage to its rear bumper. Both vehicles remained drivable and departed the scene under their own power. Law enforcement was not contacted at the time of the incident if a police report becomes available, a copy will be provided.",Y
30410-10072,1,Motional,Monthly,2,2025,MAR-2025,PFDKB4AE1RF, ,n/a,Hyundai,Ioniq 5, ,2024, ,cbf168dd2910c18,12524, ,In-Vehicle (Commercial / Test),"[REDACTED, MAY CONTAIN CONFIDENTIAL BUSINESS INFORMATION]", ,Y,"[REDACTED, MAY CONTAIN CONFIDENTIAL BUSINESS INFORMATION]", ,Y,AV-DEV-66650-20250225-a76aeca4, , ,Hyundai Motor America, , ,,, ,Y,Yes (specify below),Nevada,Yes,ADS,Motional, , , , ,Y, , , ,,FEB-2025, ,FEB-2025,15:00, ,276c44175c4e6fa,[MAY CONTAIN PERSONALLY IDENTIFIABLE INFORMATION], ,[MAY CONTAIN PERSONALLY IDENTIFIABLE INFORMATION], ,[MAY CONTAIN PERSONALLY IDENTIFIABLE INFORMATION], ,Las Vegas, ,NV ,[MAY CONTAIN PERSONALLY IDENTIFIABLE INFORMATION], ,Intersection,Dry,No Unusual Conditions,15, ,Daylight,Y, , , , , , , ,,SUV,No Injuries Reported,Yes,"Other, see Narrative",No,No, , , , , ,Y, , , , , ,"Other, see Narrative",No,No,Yes,2, , , , ,Y, , , , , , , , , , , ,Y, , , ,No,, ,Yes,, ,, ,, ,Yes, ,"On February [XXX], 2025, at 3:00 PM PT, a Motional AV with VIN PFDKB4AE1RF[XXX] was operating in autonomous mode in Las Vegas, Nevada. A safety driver was in the driver's seat, a test engineer was in the passenger seat, and one Motional employee was in the backseat.
The AV was traveling [REDACTED, MAY CONTAIN CONFIDENTIAL BUSINESS INFORMATION], preparing to make a right turn onto [REDACTED, MAY CONTAIN CONFIDENTIAL BUSINESS INFORMATION]. While in the right-turn lane, the AV was slowing to stop at a yield sign for cross traffic, and a Cadilac SUV rear-ended the AV at approximately 1-5 MPH. Following the impact, the safety driver assumed control of the vehicle and pulled safety over to exchange information.
No injuries were reported by any of the vehicle occupants, and no airbags deployed. The AV sustained damage to the trunk. All vehicles remained drivable and left the scene under their own power without needing a tow truck. Law enforcement was not contacted at the time of the incident however, if a police report becomes available, a copy will be provided",Y
30410-9946,1,Motional,Monthly,2,2025,MAR-2025,PFDKB4AE4RF, ,n/a,Hyundai,Ioniq 5, ,2024, ,2d388d4948c1138,6792, ,In-Vehicle (Commercial / Test),"[REDACTED, MAY CONTAIN CONFIDENTIAL BUSINESS INFORMATION]", ,Y,"[REDACTED, MAY CONTAIN CONFIDENTIAL BUSINESS INFORMATION]", ,Y,"[REDACTED, MAY CONTAIN CONFIDENTIAL BUSINESS INFORMATION]", ,Y,Hyundai Motor America, , ,,, ,Y,Yes (specify below),Nevada ,Yes,ADS,Motional, , , , ,Y, , , ,,FEB-2025, ,FEB-2025,15:38, ,4ce5e32b26da9ff,[MAY CONTAIN PERSONALLY IDENTIFIABLE INFORMATION], ,[MAY CONTAIN PERSONALLY IDENTIFIABLE INFORMATION], ,[MAY CONTAIN PERSONALLY IDENTIFIABLE INFORMATION], ,Las Vegas, ,NV ,[MAY CONTAIN PERSONALLY IDENTIFIABLE INFORMATION], ,Intersection,Dry,No Unusual Conditions,35, ,Daylight,Y, , , , , , , ,,Passenger Car,No Injuries Reported,Yes,"Other, see Narrative",No,No, , , , , ,Y, , , , , ,"Other, see Narrative",No,No,Yes,0, , , , ,Y, , , , , , , , , , , ,Y, , , ,No,, ,Yes,, ,, ,, ,Yes, ,"On February [XXX], 2025, at 3:38 PM PT, a Motional AV with VIN PFDKB4AE4RF[XXX] was operating in autonomous mode in Las Vegas, Nevada. A safety driver was in the driver's seat, and two Motional employees were in the backseat.
The AV was traveling [REDACTED, MAY CONTAIN CONFIDENTIAL BUSINESS INFORMATION], preparing to make a right turn onto [REDACTED, MAY CONTAIN CONFIDENTIAL BUSINESS INFORMATION]. While in the right-turn lane, the AV came to a complete stop at a yield sign and a Mazda vehicle rear-ended the AV at approximately 5-10 MPH. Following the impact, the safety driver assumed control of the vehicle and pulled safety over to exchange information.
No injuries were reported by any of the vehicle occupants, and no airbags deployed. The AV sustained damage to the trunk. All vehicles remained drivable and left the scene under their own power without needing a tow truck. Law enforcement was not contacted at the time of the incident however, if a police report becomes available, a copy will be provided",Y