Report ID,Report Version,Reporting Entity,Report Type,Report Month,Report Year,Report Submission Date,VIN,VIN - Unknown,Serial Number,Make,Model,Model - Unknown,Model Year,Model Year - Unknown,Same Vehicle ID,Mileage,Mileage - Unknown,Driver / Operator Type,ADAS/ADS System Version,ADAS/ADS System Version - Unk,ADAS/ADS System Version CBI,ADAS/ADS Hardware Version,ADAS/ADS Hardware Version - Unk,ADAS/ADS Hardware Version CBI,ADAS/ADS Software Version,ADAS/ADS Software Version - Unk,ADAS/ADS Software Version CBI,Other Reporting Entities?,Other Reporting Entities? - Unk,Other Reporting Entities? - NA,Federal Regulatory Exemption?,Other Federal Reg. Exemption,Federal Reg. Exemption - Unk,Federal Reg. Exemption - No,State or Local Permit?,State or Local Permit,ADS Equipped?,Automation System Engaged?,Operating Entity,Operating Entity - Unknown,Source - Complaint/Claim,Source - Telematics,Source - Law Enforcement,Source - Field Report,Source - Testing,Source - Media,Source - Other,Source - Other Text,Incident Date,Incident Date - Unknown,Notice Received Date,Incident Time (24:00),Incident Time - Unknown,Same Incident ID,Latitude,Latitude - Unknown,Longitude,Longitude - Unknown,Address,Address - Unknown,City,City - Unknown,State,Zip Code,Zip Code - Unknown,Roadway Type,Roadway Surface,Roadway Description,Posted Speed Limit (MPH),Posted Speed Limit - Unknown,Lighting,Weather - Clear,Weather - Snow,Weather - Cloudy,Weather - Fog/Smoke,Weather - Rain,Weather - Severe Wind,Weather - Unknown,Weather - Other,Weather - Other Text,Crash With,Highest Injury Severity Alleged,Property Damage?,CP Pre-Crash Movement,CP Any Air Bags Deployed?,CP Was Vehicle Towed?,CP Contact Area - Rear Left,CP Contact Area - Left,CP Contact Area - Front Left,CP Contact Area - Rear,CP Contact Area - Top,CP Contact Area - Front,CP Contact Area - Rear Right,CP Contact Area - Right,CP Contact Area - Front Right,CP Contact Area - Bottom,CP Contact Area - Unknown,SV Pre-Crash Movement,SV Any Air Bags Deployed?,SV Was Vehicle Towed?,SV Were All Passengers Belted?,SV Precrash Speed (MPH),SV Pre-crash Speed - Unknown,SV Contact Area - Rear Left,SV Contact Area - Left,SV Contact Area - Front Left,SV Contact Area - Rear,SV Contact Area - Top,SV Contact Area - Front,SV Contact Area - Rear Right,SV Contact Area - Right,SV Contact Area - Front Right,SV Contact Area - Bottom,SV Contact Area - Unknown,Data Availability - EDR,Data Availability - Police Rpt,Data Availability - Telematics,Data Availability - Complaints,Data Availability - Video,Data Availability - Other,Data Availability - No Data,Data Availability - Unknown,Law Enforcement Investigating?,Investigating Agency,Investigating Agency - Unknown,Rep Ent Or Mfr Investigating?,Investigating Officer Name,Inv. Officer Name - Unknown,Investigating Officer Phone,Inv. Officer Phone - Unknown,Investigating Officer Email,Inv. Officer Email - Unknown,Within ODD?,Within ODD? - CBI,Narrative,Narrative - CBI?
30391-10111,1,Kodiak Robotics,Monthly,2,2025,MAR-2025,1XKYDP9X8LJ, ,N/A,Kenworth,T680, ,2020, ,fbd7a440e34169b,327663, ,In-Vehicle (Commercial / Test),Candidate, , ,Gen 3, , ,Candidate, , ,PACCAR Incorporated, , ,,, ,Y,No,,Yes,ADS,"Kodiak Robotics, Inc", , , , ,Y,Y, , ,,FEB-2025, ,FEB-2025,19:08, ,58ed5a4d4e93504,[MAY CONTAIN PERSONALLY IDENTIFIABLE INFORMATION], ,[MAY CONTAIN PERSONALLY IDENTIFIABLE INFORMATION], ,[MAY CONTAIN PERSONALLY IDENTIFIABLE INFORMATION], ,Thackerville, ,OK ,[MAY CONTAIN PERSONALLY IDENTIFIABLE INFORMATION], ,Highway / Freeway,Dry,Work Zone,65, ,Dark - Unknown Lighting,Y, , , , , , , ,,Heavy Truck,No Injuries Reported,Yes,Proceeding Straight,No,No, , , , , , , ,Y, , , ,Proceeding Straight,No,No,Yes,56, , , ,Y, , , , , , , , , , ,Y, ,Y,Y, , ,No,, ,Yes,, ,, ,, ,Yes, ,"On February 3 at 7:08 PM CT, a tractor-trailer encroached into the lane of a Kodiak Driver-equipped autonomous truck traveling Northbound on I-35 in Thackerville, Oklahoma. The truck's trailer made light contact with the Kodiak trucks drivers side mirror. The driver of the other tractor-trailer continued down the road without stopping.
No material property damage occurred, just surface abrasion to the drivers side mirror SensorPod. There were no injuries reported, and no vehicles were towed from the scene.", 
30270-9992,2,Waymo LLC,10-Day Update,,,FEB-2025,SADHW2S17R1, ,N/A,Jaquar,I-PACE, ,2024, ,99694462520af1f,14519, ,None,5th Generation ADS, , ,5th Generation, , ,Version 9, , ,, ,Y,,, ,Y,Yes (specify below),ADOT,Yes,ADS,Waymo LLC, , ,Y, , , , , ,,FEB-2025, ,FEB-2025,13:39, ,a44c6cf951c17dc,[MAY CONTAIN PERSONALLY IDENTIFIABLE INFORMATION], ,[MAY CONTAIN PERSONALLY IDENTIFIABLE INFORMATION], ,[MAY CONTAIN PERSONALLY IDENTIFIABLE INFORMATION], ,Phoenix, ,AZ ,[MAY CONTAIN PERSONALLY IDENTIFIABLE INFORMATION], ,Intersection,Dry,No Unusual Conditions,40, ,Daylight, , ,Y, , , , , ,,Passenger Car,Moderate,Yes,Making Left Turn,Yes,Yes, , , , , , , , ,Y, , ,Stopped,No,Yes,Yes,0, , , ,Y, , , , , , , , , , ,Y, ,Y,Y, , ,Yes,Phoenix PD, ,Yes,[MAY CONTAIN PERSONALLY IDENTIFIABLE INFORMATION], ,,Y,,Y,Yes, ,"The content of this report is unchanged from the initial report submitted on February [XXX], 2025 [REDACTED, MAY CONTAIN CONFIDENTIAL BUSINESS INFORMATION]. 
On February [XXX], 2025 at 1:39 PM MT a Waymo Autonomous Vehicle (""Waymo AV"") operating in Phoenix, Arizona was in a collision involving a passenger car on [XXX] at [XXX]. 
The Waymo AV was traveling eastbound on [XXX] in the dedicated left turn lane preparing to make an unprotected left turn onto [XXX] when it came to a stop behind a passenger car also waiting to make an unprotected left turn. While the Waymo AV remained stopped, the passenger car proceeded to make an unprotected left turn onto [XXX], crossing in front of an oncoming SUV traveling west on [XXX]. The passenger car was struck on its passenger side by the oncoming SUV, causing the passenger car to rotate counter-clockwise. After impact, the passenger car then continued turning left, circling back towards the Waymo AV. The front passenger side of the passenger car then made contact with the front driver side of the stationary Waymo AV. At the time of the impact, the Waymo AV's Level 4 ADS was engaged in autonomous mode. Both vehicles sustained damage. A passenger in the Waymo AV and the driver of the passenger car were transported to the hospital from the scene in an ambulance.
Waymo is reporting this crash under Request No. 1 of Standing General Order 2021-01 because an individual involved was transported from the scene to a hospital for medical treatment. Waymo may supplement or correct its reporting with additional information as it may become available.", 
30610-10018,2,"Zoox, Inc.",10-Day Update,,,FEB-2025,5TDDGRFH3KS, ,N/A,Toyota,Highlander, ,2019, ,b690a9fa3781c6c,53147, ,In-Vehicle (Commercial / Test),349.25.02.18, , ,349.25.02.18, , ,349.25.02.18, , ,, ,Y,,, ,Y,Yes (specify below),NV DMV AVT Permit,Yes,ADS,Zoox, , , , ,Y,Y, , ,,FEB-2025, ,FEB-2025,15:37, ,2e6dcc2b1707998,[MAY CONTAIN PERSONALLY IDENTIFIABLE INFORMATION], ,[MAY CONTAIN PERSONALLY IDENTIFIABLE INFORMATION], ,[MAY CONTAIN PERSONALLY IDENTIFIABLE INFORMATION], ,Las Vegas, ,NV ,[MAY CONTAIN PERSONALLY IDENTIFIABLE INFORMATION], ,Street,Dry,No Unusual Conditions,35, ,Daylight,Y, , , , , , , ,,Passenger Car,Unknown,Yes,Proceeding Straight,Yes,Yes, , ,Y, , ,Y, , ,Y, , ,Stopped,No,No,Yes,0, , , , ,Y, , ,Y, , , , , , ,Y, ,Y, , , ,Yes,Las Vegas Metro PD, ,No,[MAY CONTAIN PERSONALLY IDENTIFIABLE INFORMATION], ,,Y,,Y,Yes, ,"A Zoox vehicle (Vehicle 1) in autonomy was stopped behind traffic in the left turn lane (lane 2) for a red traffic signal on [XXX] approaching[XXX] in Las Vegas. At that time, an SUV (Vehicle 2) was attempting to merge onto [XXX] from a parking lot on the right when it entered the travel path of a passenger car (Vehicle 3) traveling north on [XXX] in the left through lane (lane 3). The front end of Vehicle 2 struck the front passenger side area of Vehicle 3. Vehicle 3 was redirected to the right after being impacted by Vehicle 2, and it rear-ended the stopped Zoox vehicle. The Zoox vehicle operator then disengaged from autonomy. The Zoox vehicle operator pulled over into a nearby parking lot and returned to the scene to exchange information. The Zoox vehicle sustained minor damage to the rear bumper and exhaust pipe. Vehicle 2 sustained moderate damage to the front end with an airbag deployment and was towed from the scene. Vehicle 3 sustained major damage to the front end and passenger-side front area with multiple airbag deployments and was towed from the scene. Police and EMS were called to the scene, and the driver of Vehicle 3 was transported by an ambulance. The content of this report is unchanged from the initial report and provides complete information to date for this incident.", 
30270-10059,1,Waymo LLC,5-Day,,,FEB-2025,SADHW2S12R1, ,N/A,Jaguar,I-PACE, ,2024, ,3ce0e4d09f01ed3,77471, ,None,5th Generation ADS, , ,5th Generation, , ,Version 9, , ,, ,Y,,, ,Y,Yes (specify below),ADOT,Yes,ADS,Waymo LLC, , ,Y, , , , , ,,FEB-2025, ,FEB-2025,09:17, ,3b435f5d69bb89b,[MAY CONTAIN PERSONALLY IDENTIFIABLE INFORMATION], ,[MAY CONTAIN PERSONALLY IDENTIFIABLE INFORMATION], ,[MAY CONTAIN PERSONALLY IDENTIFIABLE INFORMATION], ,Phoenix, ,AZ ,[MAY CONTAIN PERSONALLY IDENTIFIABLE INFORMATION], ,Street,Dry,No Unusual Conditions,40, ,Daylight,Y, , , , , , , ,,SUV,No Injuries Reported,Yes,Proceeding Straight,No,No, , , , , ,Y, , , , , ,Proceeding Straight,No,Yes,No Passengers in Vehicle,1, , , , ,Y, , , , , , , , , ,Y, ,Y,Y, , ,No,, ,Yes,, ,, ,, ,Yes, ,"On February [XXX], 2025 at 9:17 AM MT a Waymo Autonomous Vehicle (""Waymo AV"") operating in Phoenix, Arizona was in a collision involving an SUV on [XXX]. 
The Waymo AV was traveling westbound on [XXX] in the center lane, slowing for a queue of traffic for a red light at the intersection at [XXX]. An SUV traveling westbound in the center lane on [XXX] approached the Waymo AV from behind, and the front of the SUV made contact with the rear of the Waymo AV. At the time of the impact, the Waymo AV's Level 4 ADS was engaged in autonomous mode. Both vehicles sustained damage.
Waymo is reporting this crash under Request No. 1 of Standing General Order 2021-01 because a vehicle involved was towed away. Waymo may supplement or correct its reporting with additional information as it may become available.", 
30610-10055,1,"Zoox, Inc.",5-Day,,,FEB-2025,5TDDGRFH9HS, ,N/A,Toyota,Highlander, ,2017, ,20c78fc9cfced02,126959, ,In-Vehicle (Commercial / Test),173.25.02.18, , ,173.25.02.18, , ,173.25.02.18, , ,, ,Y,,, ,Y,Yes (specify below),NV DMV AVT Permit,Yes,ADS,Zoox, , , , ,Y,Y, , ,,FEB-2025, ,FEB-2025,01:00, ,c7ca79c67fa49fe,[MAY CONTAIN PERSONALLY IDENTIFIABLE INFORMATION], ,[MAY CONTAIN PERSONALLY IDENTIFIABLE INFORMATION], ,[MAY CONTAIN PERSONALLY IDENTIFIABLE INFORMATION], ,Las Vegas, ,NV ,[MAY CONTAIN PERSONALLY IDENTIFIABLE INFORMATION], ,Intersection,Dry,No Unusual Conditions,45, ,Dark - Lighted,Y, , , , , , , ,,SUV,Minor,Yes,Lane / Road Departure,Yes,Yes, , , , , , ,Y, ,Y, , ,Proceeding Straight,No,Yes,Yes,40, ,Y, ,Y, , , , , , , , , , ,Y, ,Y, , , ,Yes,Nevada Highway Patrol, ,No,[MAY CONTAIN PERSONALLY IDENTIFIABLE INFORMATION], ,,Y,,Y,Yes, ,"A Zoox vehicle (Vehicle 1) in autonomous mode was in the right lane, traveling east on [XXX] in Las Vegas. An SUV (Vehicle 2) to the left of the Zoox vehicle, was traveling ahead in the same direction in the adjacent lane. Just as the Zoox vehicle entered the intersection, the SUV suddenly veered right across the path of the Zoox vehicle. The Zoox vehicle braked hard in response to the encroaching SUV, the Zoox vehicle operator then disengaged from autonomy, and shortly after, the front passenger side of the SUV made contact with the front driver side of the Zoox vehicle. The SUV rotated counterclockwise after impact and the rear passenger side of the SUV made contact with the rear driver side of the Zoox vehicle. The SUV sustained major damage with airbag deployment and the Zoox vehicle sustained moderate damage to the driver side. Both vehicles were towed from the scene. The police and EMS arrived at the scene. The Zoox vehicle operator reported ""body soreness"" and ""limping"" a few hours after the collision.", 
30270-10042,1,Waymo LLC,1-Day,,,FEB-2025,SADHW2S18R1, ,N/A,Jaguar,I-PACE, ,2024, ,e3afde838dca9cf,3599, ,None,5th Generation ADS, , ,5th Generation, , ,Version 9, , ,, ,Y,,, ,Y,Yes (specify below),ADOT,Yes,ADS,Waymo LLC, , ,Y, , , , , ,,FEB-2025, ,FEB-2025,08:02, ,a505bba3817c9e2,[MAY CONTAIN PERSONALLY IDENTIFIABLE INFORMATION], ,[MAY CONTAIN PERSONALLY IDENTIFIABLE INFORMATION], ,[MAY CONTAIN PERSONALLY IDENTIFIABLE INFORMATION], ,Phoenix, ,AZ ,[MAY CONTAIN PERSONALLY IDENTIFIABLE INFORMATION], ,Parking Lot,Dry,No Unusual Conditions,15, ,Daylight,Y, , , , , , , ,,"Other, see Narrative",No Injuries Reported,Yes,"Other, see Narrative",Not Applicable,Not Applicable, , , , , , , , , , ,Y,Proceeding Straight,No,No,No Passengers in Vehicle,4, , , ,Y, , , , , , , , , , ,Y, ,Y,Y, , ,No,, ,Yes,, ,, ,, ,Yes, ,"On February [XXX] 2025 at 8:02 AM MT a Waymo Autonomous Vehicle (""Waymo AV"") operating in Phoenix, Arizona was in a collision involving a landscaping string trimmer in a parking lot at [XXX]. 
The Waymo AV stopped for a rider drop-off facing north in a parking lot at [XXX]. As the Waymo AV began to travel north to exit the parking lot, the Waymo AV slowed to yield to landscapers working in the area. The Waymo AV was proceeding slowly past the pedestrians to exit the parking lot when the front driver side tire of the Waymo AV made contact with a landscaping string trimmer that was left unattended in the roadway. At the time of the impact, the Waymo AV's Level 4 ADS was engaged in autonomous mode. The string trimmer sustained damage.
Waymo is reporting this crash under Request No. 1 of Standing General Order 2021-01 a vulnerable road user influenced the driving task of a vehicle involved. Waymo may supplement or correct its reporting with additional information as it may become available.", 
30270-10006,1,Waymo LLC,5-Day,,,FEB-2025,SADHW2S16M1, ,N/A,Jaguar,I-PACE, ,2021, ,9052d837901c491,163331, ,None,5th Generation ADS, , ,5th Generation, , ,Version 9, , ,, ,Y,,, ,Y,Yes (specify below),ADOT,Yes,ADS,Waymo LLC, , ,Y, , , , , ,,FEB-2025, ,FEB-2025,19:26, ,b0f8952fe931b48,[MAY CONTAIN PERSONALLY IDENTIFIABLE INFORMATION], ,[MAY CONTAIN PERSONALLY IDENTIFIABLE INFORMATION], ,[MAY CONTAIN PERSONALLY IDENTIFIABLE INFORMATION], ,Phoenix, ,AZ ,[MAY CONTAIN PERSONALLY IDENTIFIABLE INFORMATION], ,Street,Dry,No Unusual Conditions,45, ,Dark - Lighted,Y, , , , , , , ,,"Other, see Narrative",No Injuries Reported,Yes,"Other, see Narrative",Not Applicable,Not Applicable, , , , , , , , , , ,Y,Proceeding Straight,No,Yes,Yes,35, , , , , , , , , ,Y, , , , ,Y, ,Y,Y, , ,No,, ,Yes,, ,, ,, ,Yes, ,"On February [XXX], 2025 at 7:26 PM MT a Waymo Autonomous Vehicle (""Waymo AV"") operating in Phoenix, Arizona was in a collision involving debris on [XXX]. 
The Waymo AV was traveling in the rightmost westbound lane on [XXX] when the front passenger side tire of the Waymo AV made contact with a piece of debris that was in the roadway.  At the time of the impact, the Waymo AV's Level 4 ADS was engaged in autonomous mode. The Waymo AV sustained damage.
Waymo is reporting this crash under Request No. 1 of Standing General Order 2021-01 because a vehicle involved was towed away.  Waymo may supplement or correct its reporting with additional information as it may become available.", 
30610-10018,1,"Zoox, Inc.",1-Day,,,FEB-2025,5TDDGRFH3KS, ,N/A,Toyota,Highlander, ,2019, ,b690a9fa3781c6c,53147, ,In-Vehicle (Commercial / Test),349.25.02.18, , ,349.25.02.18, , ,349.25.02.18, , ,, ,Y,,, ,Y,Yes (specify below),NV DMV AVT Permit,Yes,ADS,Zoox, , , , ,Y,Y, , ,,FEB-2025, ,FEB-2025,15:37, ,2e6dcc2b1707998,[MAY CONTAIN PERSONALLY IDENTIFIABLE INFORMATION], ,[MAY CONTAIN PERSONALLY IDENTIFIABLE INFORMATION], ,[MAY CONTAIN PERSONALLY IDENTIFIABLE INFORMATION], ,Las Vegas, ,NV ,[MAY CONTAIN PERSONALLY IDENTIFIABLE INFORMATION], ,Street,Dry,No Unusual Conditions,35, ,Daylight,Y, , , , , , , ,,Passenger Car,Unknown,Yes,Proceeding Straight,Yes,Yes, , ,Y, , ,Y, , ,Y, , ,Stopped,No,No,Yes,0, , , , ,Y, , ,Y, , , , , , ,Y, ,Y, , , ,Yes,Las Vegas Metro PD, ,No,[MAY CONTAIN PERSONALLY IDENTIFIABLE INFORMATION], ,,Y,,Y,Yes, ,"A Zoox vehicle (Vehicle 1) in autonomy was stopped behind traffic in the left turn lane (lane 2) for a red traffic signal on [XXX] in Las Vegas. At that time, an SUV (Vehicle 2) was attempting to merge onto northbound [XXX] from a parking lot on the right when it entered the travel path of a passenger car (Vehicle 3) traveling north on [XXX]in the left through lane (lane 3). The front end of Vehicle 2 struck the front passenger side area of Vehicle 3. Vehicle 3 was redirected to the right after being impacted by Vehicle 2, and it rear-ended the stopped Zoox vehicle. The Zoox vehicle operator then disengaged from autonomy. The Zoox vehicle operator pulled over into a nearby parking lot and returned to the scene to exchange information. The Zoox vehicle sustained minor damage to the rear bumper and exhaust pipe. Vehicle 2 sustained moderate damage to the front end with an airbag deployment and was towed from the scene. Vehicle 3 sustained major damage to the front end and passenger-side front area with multiple airbag deployments and was towed from the scene. Police and EMS were called to the scene, and the driver of Vehicle 3 was transported by an ambulance.", 
30531-10010,1,Transdev Alternative Services,Monthly,1,2025,FEB-2025,SADHW2S16M1, ,N/A,Jaguar,I-PACE, ,2021, ,cdf78379297f7ce,216854, ,In-Vehicle (Commercial / Test),5th Generation ADS, , ,5th Generation, , ,Version 9, , ,Waymo LLC, , ,,, ,Y,Yes (specify below),ADOT,Yes,ADS,Waymo LLC, , ,Y, , , , , ,,JAN-2025, ,JAN-2025,04:37, ,db8ad4a77a26bd8,[MAY CONTAIN PERSONALLY IDENTIFIABLE INFORMATION], ,[MAY CONTAIN PERSONALLY IDENTIFIABLE INFORMATION], ,[MAY CONTAIN PERSONALLY IDENTIFIABLE INFORMATION], ,Tempe, ,AZ ,[MAY CONTAIN PERSONALLY IDENTIFIABLE INFORMATION], ,Highway / Freeway,Dry,No Unusual Conditions,65, ,Dark - Lighted,Y, , , , , , , ,,"Other, see Narrative",No Injuries Reported,Yes,Unknown,Not Applicable,Not Applicable, , , , , , , , , , ,Y,Proceeding Straight,No,No,Yes,64, , , , , , , , , , ,Y, , , ,Y, ,Y,Y, , ,No,, ,Yes,, ,, ,, ,Yes, ,"On January [XXX], 2025 at 4:37 AM MT a Waymo Autonomous Vehicle (""Waymo AV"") operating in Tempe, Arizona was in a collision involving debris on [XXX].
The Waymo AV was traveling eastbound on [XXX] in the rightmost lane, preparing to exit at [XXX] when a small piece of debris was propelled into the roadway and made contact with the front passenger side of the Waymo AV.  At the time of the impact, the Waymo AV's Level 4 ADS was engaged in autonomous mode, and a test driver was present.  The Waymo AV sustained damage.
Transdev Alternative services is reporting this crash under Request No. 2 of Standing General Order 2021-01.  Transdev may supplement or correct its reporting with additional information as it may become available.  This is a duplicate of report ID [XXX].", 
30270-9883,1,Waymo LLC,Monthly,1,2025,FEB-2025,SADHW2S17R1, ,N/A,Jaguar,I-PACE, ,2024, ,128c2b0c3d8ddd8,12364, ,None,5th Generation ADS, , ,5th Generation, , ,Version 9, , ,, ,Y,,, ,Y,Yes (specify below),ADOT,Yes,ADS,Waymo LLC, , ,Y, , , , , ,,JAN-2025, ,JAN-2025,07:56, ,3aff500e735b66d,[MAY CONTAIN PERSONALLY IDENTIFIABLE INFORMATION], ,[MAY CONTAIN PERSONALLY IDENTIFIABLE INFORMATION], ,[MAY CONTAIN PERSONALLY IDENTIFIABLE INFORMATION], ,Phoenix, ,AZ ,[MAY CONTAIN PERSONALLY IDENTIFIABLE INFORMATION], ,Intersection,Dry,No Unusual Conditions,25, ,Daylight,Y, , , , , , , ,,Passenger Car,No Injuries Reported,Yes,Stopped,No,No, , , , , , , ,Y, , , ,Proceeding Straight,No,No,No Passengers in Vehicle,2, , , ,Y, , , , , , , , , , ,Y, ,Y,Y, , ,No,, ,Yes,, ,, ,, ,Yes, ,"On January[XXX], 2025 at 7:56 AM MT Waymo Autonomous Vehicle (""Waymo AV"") operating in Phoenix, Arizona was in a collision involving a passenger car on [XXX] 
The Waymo AV was traveling northbound on [XXX]when it approached a passenger car stopped at the intersection in the center of the roadway (there is no marked center line on this block). After momentarily stopping, the Waymo AV began to pass the passenger car in lane on the right, and as the Waymo AV passed, the passengers inside the passenger car opened the front and rear passenger side doors. The rear passenger side door made contact with the front driver side of the Waymo AV. At the time of the impact, the Waymo AV's Level 4 ADS was engaged in autonomous mode. The Waymo AV sustained damage.
Waymo is reporting this crash under Request No. 2 of Standing General Order 2021-01. Waymo may supplement or correct its reporting with additional information as it may become available.", 
30270-9894,1,Waymo LLC,Monthly,1,2025,FEB-2025,SADHW2S13R1, ,N/A,Jaguar,I-PACE, ,2024, ,e85214d27e4fea9,77391, ,None,5th Generation ADS, , ,5th Generation, , ,Version 9, , ,, ,Y,,, ,Y,Yes (specify below),ADOT,Yes,ADS,Waymo LLC, , ,Y, , , , , ,,JAN-2025, ,JAN-2025,19:05, ,262550d6cc1bc14,[MAY CONTAIN PERSONALLY IDENTIFIABLE INFORMATION], ,[MAY CONTAIN PERSONALLY IDENTIFIABLE INFORMATION], ,[MAY CONTAIN PERSONALLY IDENTIFIABLE INFORMATION], ,Phoenix, ,AZ ,[MAY CONTAIN PERSONALLY IDENTIFIABLE INFORMATION], ,Street,Dry,No Unusual Conditions,35, ,Dark - Lighted,Y, , , , , , , ,,Passenger Car,No Injuries Reported,Yes,Entering Traffic,No,No, , , , , , , ,Y, , , ,Stopped,No,No,No Passengers in Vehicle,0, ,Y, , , , , , , , , , , , ,Y, ,Y,Y, , ,No,, ,Yes,, ,, ,, ,Yes, ,"On January [XXX], 2025 at 7:05 PM MT a Waymo Autonomous Vehicle (""Waymo AV"") operating in Phoenix, Arizona was in a collision involving a passenger car near [XXX]. 
The Waymo AV was stopped at the curb in the passenger loading/unloading zone, facing west near [XXX], for a passenger pick-up at the [XXX]. A passenger car passed the stationary Waymo AV on the left, and the passenger side of the passenger car made contact with the rear driver side of the Waymo AV. At the time of the impact, the Waymo AV's Level 4 ADS was engaged in autonomous mode. Both vehicles sustained damage.
Waymo is reporting this crash under Request No. 2 of Standing General Order 2021-01. Waymo may supplement or correct its reporting with additional information as it may become available.", 
30270-9992,1,Waymo LLC,1-Day,,,FEB-2025,SADHW2S17R1, ,N/A,Jaquar,I-PACE, ,2024, ,99694462520af1f,14519, ,None,5th Generation ADS, , ,5th Generation, , ,Version 9, , ,, ,Y,,, ,Y,Yes (specify below),ADOT,Yes,ADS,Waymo LLC, , ,Y, , , , , ,,FEB-2025, ,FEB-2025,13:39, ,a44c6cf951c17dc,[MAY CONTAIN PERSONALLY IDENTIFIABLE INFORMATION], ,[MAY CONTAIN PERSONALLY IDENTIFIABLE INFORMATION], ,[MAY CONTAIN PERSONALLY IDENTIFIABLE INFORMATION], ,Phoenix, ,AZ ,[MAY CONTAIN PERSONALLY IDENTIFIABLE INFORMATION], ,Intersection,Dry,No Unusual Conditions,40, ,Daylight, , ,Y, , , , , ,,Passenger Car,Moderate,Yes,Making Left Turn,Yes,Yes, , , , , , , , ,Y, , ,Stopped,No,Yes,Yes,0, , , ,Y, , , , , , , , , , ,Y, ,Y,Y, , ,Yes,Phoenix PD, ,Yes,[MAY CONTAIN PERSONALLY IDENTIFIABLE INFORMATION], ,,Y,,Y,Yes, ,"On February [XXX], 2025 at 1:39 PM MT a Waymo Autonomous Vehicle (""Waymo AV"") operating in Phoenix, Arizona was in a collision involving a passenger car on [XXX]. 
The Waymo AV was traveling eastbound on[XXX] in the dedicated left turn lane preparing to make an unprotected left turn onto [XXX] when it came to a stop behind a passenger car also waiting to make an unprotected left turn. While the Waymo AV remained stopped, the passenger car proceeded to make an unprotected left turn onto [XXX], crossing in front of an oncoming SUV traveling west on[XXX]. The passenger car was struck on its passenger side by the oncoming SUV, causing the passenger car to rotate counter-clockwise. After impact, the passenger car then continued turning left, circling back towards the Waymo AV. The front passenger side of the passenger car then made contact with the front driver side of the stationary Waymo AV. At the time of the impact, the Waymo AV's Level 4 ADS was engaged in autonomous mode. Both vehicles sustained damage. A passenger in the Waymo AV and the driver of the passenger car were transported to the hospital from the scene in an ambulance.
Waymo is reporting this crash under Request No. 1 of Standing General Order 2021-01 because an individual involved was transported from the scene to a hospital for medical treatment. Waymo may supplement or correct its reporting with additional information as it may become available.", 
30270-9893,1,Waymo LLC,Monthly,1,2025,FEB-2025,SADHW2S16M1, ,N/A,Jaguar,I-PACE, ,2021, ,cdf78379297f7ce,216854, ,In-Vehicle (Commercial / Test),5th Generation ADS, , ,5th Generation, , ,Version 9, , ,Transdev Alternative Services, , ,,, ,Y,Yes (specify below),ADOT,Yes,ADS,Waymo LLC, , ,Y, , , , , ,,JAN-2025, ,JAN-2025,04:37, ,db8ad4a77a26bd8,[MAY CONTAIN PERSONALLY IDENTIFIABLE INFORMATION], ,[MAY CONTAIN PERSONALLY IDENTIFIABLE INFORMATION], ,[MAY CONTAIN PERSONALLY IDENTIFIABLE INFORMATION], ,Tempe, ,AZ ,[MAY CONTAIN PERSONALLY IDENTIFIABLE INFORMATION], ,Highway / Freeway,Dry,No Unusual Conditions,65, ,Dark - Lighted,Y, , , , , , , ,,"Other, see Narrative",No Injuries Reported,Yes,Unknown,Not Applicable,Not Applicable, , , , , , , , , , ,Y,Proceeding Straight,No,No,Yes,64, , , , , , ,Y, , ,Y,Y, , , ,Y, ,Y,Y, , ,No,, ,Yes,, ,, ,, ,Yes, ,"On January [XXX], 2025 at 4:37 AM MT a Waymo Autonomous Vehicle (""Waymo AV"") operating in Tempe, Arizona was in a collision involving debris on [XXX]. 
The Waymo AV was traveling eastbound on[XXX] in the rightmost lane, preparing to exit at [XXX] when a small piece of debris was propelled into the roadway and made contact with the front passenger side of the Waymo AV. At the time of the impact, the Waymo AV's Level 4 ADS was engaged in autonomous mode, and a test driver was present. The Waymo AV sustained damage.
Waymo is reporting this crash under Request No. 2 of Standing General Order 2021-01. Waymo may supplement or correct its reporting with additional information as it may become available.", 