Report ID,Report Version,Reporting Entity,Report Type,Report Month,Report Year,Report Submission Date,VIN,VIN - Unknown,Serial Number,Make,Model,Model - Unknown,Model Year,Model Year - Unknown,Same Vehicle ID,Mileage,Mileage - Unknown,Driver / Operator Type,ADAS/ADS System Version,ADAS/ADS System Version - Unk,ADAS/ADS System Version CBI,ADAS/ADS Hardware Version,ADAS/ADS Hardware Version - Unk,ADAS/ADS Hardware Version CBI,ADAS/ADS Software Version,ADAS/ADS Software Version - Unk,ADAS/ADS Software Version CBI,Other Reporting Entities?,Other Reporting Entities? - Unk,Other Reporting Entities? - NA,Federal Regulatory Exemption?,Other Federal Reg. Exemption,Federal Reg. Exemption - Unk,Federal Reg. Exemption - No,State or Local Permit?,State or Local Permit,ADS Equipped?,Automation System Engaged?,Operating Entity,Operating Entity - Unknown,Source - Complaint/Claim,Source - Telematics,Source - Law Enforcement,Source - Field Report,Source - Testing,Source - Media,Source - Other,Source - Other Text,Incident Date,Incident Date - Unknown,Notice Received Date,Incident Time (24:00),Incident Time - Unknown,Same Incident ID,Latitude,Latitude - Unknown,Longitude,Longitude - Unknown,Address,Address - Unknown,City,City - Unknown,State,Zip Code,Zip Code - Unknown,Roadway Type,Roadway Surface,Roadway Description,Posted Speed Limit (MPH),Posted Speed Limit - Unknown,Lighting,Weather - Clear,Weather - Snow,Weather - Cloudy,Weather - Fog/Smoke,Weather - Rain,Weather - Severe Wind,Weather - Unknown,Weather - Other,Weather - Other Text,Crash With,Highest Injury Severity Alleged,Property Damage?,CP Pre-Crash Movement,CP Any Air Bags Deployed?,CP Was Vehicle Towed?,CP Contact Area - Rear Left,CP Contact Area - Left,CP Contact Area - Front Left,CP Contact Area - Rear,CP Contact Area - Top,CP Contact Area - Front,CP Contact Area - Rear Right,CP Contact Area - Right,CP Contact Area - Front Right,CP Contact Area - Bottom,CP Contact Area - Unknown,SV Pre-Crash Movement,SV Any Air Bags Deployed?,SV Was Vehicle Towed?,SV Were All Passengers Belted?,SV Precrash Speed (MPH),SV Pre-crash Speed - Unknown,SV Contact Area - Rear Left,SV Contact Area - Left,SV Contact Area - Front Left,SV Contact Area - Rear,SV Contact Area - Top,SV Contact Area - Front,SV Contact Area - Rear Right,SV Contact Area - Right,SV Contact Area - Front Right,SV Contact Area - Bottom,SV Contact Area - Unknown,Data Availability - EDR,Data Availability - Police Rpt,Data Availability - Telematics,Data Availability - Complaints,Data Availability - Video,Data Availability - Other,Data Availability - No Data,Data Availability - Unknown,Law Enforcement Investigating?,Investigating Agency,Investigating Agency - Unknown,Rep Ent Or Mfr Investigating?,Investigating Officer Name,Inv. Officer Name - Unknown,Investigating Officer Phone,Inv. Officer Phone - Unknown,Investigating Officer Email,Inv. Officer Email - Unknown,Within ODD?,Within ODD? - CBI,Narrative,Narrative - CBI?
30413-9958,1,May Mobility,Monthly,1,2025,FEB-2025,5TDYRKEC2RS, ,N/A,Toyota,Sienna, ,2024, ,c61027d6b726b73,9469, ,In-Vehicle (Commercial / Test),3, , ,5.2, , ,23.1.5, , ,, ,Y,,, ,Y,No,,Yes,ADS,May Mobility, , , , ,Y, , , ,,JAN-2025, ,JAN-2025,09:28, ,f73e7dccf40f38d,[MAY CONTAIN PERSONALLY IDENTIFIABLE INFORMATION], ,[MAY CONTAIN PERSONALLY IDENTIFIABLE INFORMATION], ,[MAY CONTAIN PERSONALLY IDENTIFIABLE INFORMATION], ,Peachtree Corners, ,GA ,[MAY CONTAIN PERSONALLY IDENTIFIABLE INFORMATION], ,Parking Lot,Dry,No Unusual Conditions,,Y,Daylight,Y, , , , , , , ,,Other Fixed Object,No Injuries Reported,Yes,,,, , , , , , , , , , , ,Making Right Turn,No,No,Yes,7, , , , , , , ,Y, , , , , , ,Y, ,Y, , , ,No,, ,No,, ,, ,, ,Yes, ,"A May shuttle began a test shift on experimental software in a parking sub-lot. The vehicle exited the sub-lot and rolled over a curb. The vehicle stopped at a stop sign at the exit of the main lot. As it proceeded to turn onto the main road, it rolled over another curb. Almost immediately after rolling the curb, the vehicle began to drift right in lane, rubbing the vehicle sidewall on a curb. The test driver intervened immediately, but not before the sidewall of the rear right tire was weakened. Later during the drive while under manual control, the sidewall fails, eventually leading to a low pressure indicator illuminating in the dash. It was discovered that the deployment of map files, which must remain compatible, was incomplete, leaving a mismatch in the system. This resulted in the vehicle having an incorrect estimate of where lanes are in the coordinates of our localization map, and as a result, the vehicle had an incorrect estimate of proximity to lane boundaries, resulting in curb strikes.", 
30413-9949,1,May Mobility,Monthly,1,2025,FEB-2025,5TDYRKEC4RS, ,N/A,Toyota,Sienna, ,2024, ,4c85884484f99f3,2767, ,In-Vehicle and Remote (Commercial / Test),3, , ,5.2, , ,23.1.10, , ,, ,Y,,, ,Y,No,,Yes,ADS,May Mobility, , , , ,Y, , , ,,JAN-2025, ,JAN-2025,12:34, ,50b8e1c5db49055,[MAY CONTAIN PERSONALLY IDENTIFIABLE INFORMATION], ,[MAY CONTAIN PERSONALLY IDENTIFIABLE INFORMATION], ,[MAY CONTAIN PERSONALLY IDENTIFIABLE INFORMATION], ,Ann Arbor, ,MI ,[MAY CONTAIN PERSONALLY IDENTIFIABLE INFORMATION], ,Street,Wet,No Unusual Conditions,30, ,Daylight, , , , ,Y, , , ,,Passenger Car,No Injuries Reported,Yes,Proceeding Straight,No,No, , , , , ,Y, , , , , ,Stopped,No,No,Yes,0, , , , ,Y, , , , , , , , ,Y,Y, ,Y, , , ,No,, ,No,, ,, ,, ,Yes, ,"The May vehicle was involved in a rear-end collision shortly after completing a right-hand turn. As the vehicle proceeded through its turn, it encountered exhaust fumes from vehicles waiting at a stoplight in the adjacent lane. Due to environmental conditions and sensor limitations, the vehicle's lidar system interpreted the exhaust plume as a solid object in its path. In response, the autonomous vehicle first tried to adjust its position. When this maneuver proved insufficient, the system initiated a hard stop response. The vehicle behind, which was following at approximately 7-8 meters, was unable to stop in time and collided with the rear of the autonomous vehicle. The collision occurred at relatively low speeds (the autonomous vehicle had decelerated from approximately 7.6 m/s to 0 m/s), though exact impact speeds of the following vehicle were not recorded. The primary factor that led to this incident is that Lidar does not pierce through exhaust so the exhaust cloud appears to be a large, solid object. Some corrective actions that will be implemented: consider weather implication in future platform sensor selection and continue working on the software to improve a neural network to classify lidar points, which will use temporal information, radar, and camera features to make a decision on whether a lidar point is truly an object.", 
669-9871,1,Hyundai Motor America,Monthly,1,2025,FEB-2025,PFDKB4AE5RF, ,N/A,Hyundai,IONIQ 5, ,2024, ,7809e9bbbfa8286,13168, ,In-Vehicle (Commercial / Test),"[REDACTED, MAY CONTAIN CONFIDENTIAL BUSINESS INFORMATION]", ,Y,"[REDACTED, MAY CONTAIN CONFIDENTIAL BUSINESS INFORMATION]", ,Y,"[REDACTED, MAY CONTAIN CONFIDENTIAL BUSINESS INFORMATION]", ,Y,Motional, , ,,, ,Y,Yes (specify below),Nevada,Yes,ADS,Motional, , , , ,Y, , , ,,JAN-2025, ,JAN-2025,08:12, ,2e10aa5924c3a69,[MAY CONTAIN PERSONALLY IDENTIFIABLE INFORMATION], ,[MAY CONTAIN PERSONALLY IDENTIFIABLE INFORMATION], ,[MAY CONTAIN PERSONALLY IDENTIFIABLE INFORMATION], ,Las Vegas, ,NV ,[MAY CONTAIN PERSONALLY IDENTIFIABLE INFORMATION], ,Intersection,Dry,No Unusual Conditions,,Y,Daylight,Y, , , , , , , ,,Passenger Car,No Injuries Reported,Yes,"Other, see Narrative",No,No, , , , , ,Y, , , , , ,Stopped,No,No,Yes,0, , , , ,Y, , ,Y, , , , , , , , , , , ,Y,No,, ,Yes,, ,, ,, ,Yes, ,"According to notification sent by Motional:
On January [XXX], 2025, at approximately 8:00 AM PT, a Motional AV with VIN PFDKB4AE5RF[XXX] was operating in autonomous mode
in Las Vegas, Nevada. The vehicle was in a right-turn only lane on [XXX], preparing to turn onto [XXX]. A
safety driver was in the driver's seat and an engineer was in the front passenger seat.
The AV came to a stop at a yield sign before merging onto[XXX]. While stopped, the AV was struck from behind by a
red Toyota at approximately 6 MPH. Following the impact, the safety driver assumed control of the AV and pulled over safely to the side
of [XXX].  No injuries were reported in either vehicle and no airbags deployed. The AV sustained damage to its rear bumper and rear bumper mounted sensors. Both vehicles remained drivable and departed the scene under their own power.
Law enforcement was not contacted at the time of the incident if a police report becomes available, a copy will be provided by Motional.  Hyundai has no other information related to this incident.", 
30410-9752,1,Motional,Monthly,1,2025,FEB-2025,PFDKB4AE5RF, ,[MAY CONTAIN PERSONALLY IDENTIFIABLE INFORMATION],Hyundai,Ioniq 5, ,2024, ,7809e9bbbfa8286,13168, ,In-Vehicle (Commercial / Test),"[REDACTED, MAY CONTAIN CONFIDENTIAL BUSINESS INFORMATION]", ,Y,"[REDACTED, MAY CONTAIN CONFIDENTIAL BUSINESS INFORMATION]", ,Y,"[REDACTED, MAY CONTAIN CONFIDENTIAL BUSINESS INFORMATION]", ,Y,Hyundai Motor America, , ,,, ,Y,Yes (specify below),Nevada,Yes,ADS,Motional, , , , ,Y, , , ,,JAN-2025, ,JAN-2025,08:12, ,2e10aa5924c3a69,[MAY CONTAIN PERSONALLY IDENTIFIABLE INFORMATION], ,[MAY CONTAIN PERSONALLY IDENTIFIABLE INFORMATION], ,[MAY CONTAIN PERSONALLY IDENTIFIABLE INFORMATION], ,Las Vegas, ,NV ,[MAY CONTAIN PERSONALLY IDENTIFIABLE INFORMATION], ,Intersection,Dry,No Unusual Conditions,45, ,Daylight,Y, , , , , , , ,,Passenger Car,No Injuries Reported,Yes,"Other, see Narrative",No,No, , , , , ,Y, , , , , ,Stopped,No,No,Yes,0, , , , ,Y, , ,Y, , , , , , , , ,Y, , , ,No,, ,Yes,, ,, ,, ,Yes, ,"On January [XXX], 2025, at approximately 8:00 AM PT, a Motional AV with VIN PFDKB4AE5RF[XXX] was operating in autonomous mode in Las Vegas, Nevada. The vehicle was in a right-turn only lane on [XXX], preparing to turn onto [XXX]. A safety driver was in the driver's seat and an engineer was in the front passenger seat.
The AV came to a stop at a yield sign before merging onto [XXX]. While stopped, the AV was struck from behind by a red Toyota at approximately 6 MPH. Following the impact, the safety driver assumed control of the AV and pulled over safely to the side of [XXX].
No injuries were reported in either vehicle, and no airbags deployed. The AV sustained damage to its rear bumper and rear bumper-mounted sensors. Both vehicles remained drivable and departed the scene under their own power. Law enforcement was not contacted at the time of the incident if a police report becomes available, a copy will be provided.", 
30270-9761,2,Waymo LLC,10-Day Update,,,FEB-2025,SADHW2S1XR1, ,N/A,Jaguar,I-Pace, ,2024, ,b9b183845d7d34d,7400, ,None,5th Generation ADS, , ,5th Generation, , ,Version 9, , ,, ,Y,,, ,Y,Yes (specify below),ADOT,Yes,ADS,Waymo LLC, , ,Y, , , , , ,,JAN-2025, ,JAN-2025,14:02, ,f3e5d2d35b79a77,[MAY CONTAIN PERSONALLY IDENTIFIABLE INFORMATION], ,[MAY CONTAIN PERSONALLY IDENTIFIABLE INFORMATION], ,[MAY CONTAIN PERSONALLY IDENTIFIABLE INFORMATION], ,Mesa, ,AZ ,[MAY CONTAIN PERSONALLY IDENTIFIABLE INFORMATION], ,Intersection,Dry,No Unusual Conditions,35, ,Daylight, , ,Y, , , , , ,,Motorcycle,Minor,No,"Other, see Narrative",Not Applicable,No, , , , , ,Y, , , , , ,Stopped,No,No,No Passengers in Vehicle,0, , , , ,Y, , , , , , , , , ,Y, ,Y,Y, , ,Yes,Mesa Police Department, ,Yes,[MAY CONTAIN PERSONALLY IDENTIFIABLE INFORMATION], ,,Y,,Y,Yes, ,"The content of this report is unchanged from the initial report submitted on January[XXX], 2025 [REDACTED, MAY CONTAIN CONFIDENTIAL BUSINESS INFORMATION]. 
On January [XXX], 2025 at 2:02 PM MT a Waymo Autonomous Vehicle (""Waymo AV"") operating in Mesa, Arizona was in a collision involving a motorcycle on [XXX].
The Waymo AV was stopped facing [XXX] at the intersection with [XXX]at a red light. A motorcycle was stopped behind the Waymo AV, and a pickup truck was stopped behind the motorcycle. A passenger car approached the queue of stopped traffic from behind and made contact with the stopped pickup truck, which was pushed into the motorcycle. The motorcycle then made contact with the Waymo AV. At the time of the impact, the Waymo AV's Level 4 ADS was engaged in autonomous mode. The motorcyclist was treated at the scene for an apparent injury.
Waymo is reporting this crash under Request No. 1 of Standing General Order 2021-01 because a vulnerable road user influenced the driving task of a vehicle involved. Waymo may supplement or correct its reporting with additional information as it may become available.", 
30270-9809,1,Waymo LLC,5-Day,,,FEB-2025,SADHW2S18M1, ,N/A,Jaguar,I-Pace, ,2021, ,89663f04ab829e5,181641, ,None,5th Generation ADS, , ,5th Generation, , ,Version 9, , ,, ,Y,,, ,Y,Yes (specify below),ADOT,Yes,ADS,Waymo LLC, , ,Y, , , , , ,,FEB-2025, ,FEB-2025,02:32, ,58cbcdb4881d80a,[MAY CONTAIN PERSONALLY IDENTIFIABLE INFORMATION], ,[MAY CONTAIN PERSONALLY IDENTIFIABLE INFORMATION], ,[MAY CONTAIN PERSONALLY IDENTIFIABLE INFORMATION], ,Scottsdale, ,AZ ,[MAY CONTAIN PERSONALLY IDENTIFIABLE INFORMATION], ,Street,Dry,No Unusual Conditions,35, ,Dark - Lighted,Y, , , , , , , ,,Passenger Car,No Injuries Reported,Yes,Proceeding Straight,No,No, , , , , ,Y, , , , , ,Stopped,No,Yes,No Passengers in Vehicle,0, , , , ,Y, , , , , , , , , ,Y, ,Y,Y, , ,Yes,Scottsdale Police Department, ,Yes,[MAY CONTAIN PERSONALLY IDENTIFIABLE INFORMATION], ,[MAY CONTAIN PERSONALLY IDENTIFIABLE INFORMATION], ,,Y,Yes, ,"On February [XXX], 2025 at 2:32 AM MT a Waymo Autonomous Vehicle (""Waymo AV"") operating in Scottsdale, Arizona was in a collision involving a passenger car near the intersection of [XXX] and [XXX].   
The Waymo AV was traveling in the rightmost lane of eastbound [XXX] when it came to a stop, yielding to traffic ahead in the same lane. While the Waymo AV remained stopped, a passenger car traveling in the rightmost lane of eastbound [XXX] approached the Waymo AV from behind. The front of the passenger car then made contact with the rear of the stationary Waymo AV. At the time of the impact, the Waymo AV's Level 4 ADS was engaged in autonomous mode. Both vehicles sustained damage.
Waymo is reporting this crash under Request No. 1 of Standing General Order 2021-01 because a vehicle involved was towed away. Waymo may supplement or correct its reporting with additional information as it may become available.", 
30270-9761,1,Waymo LLC,1-Day,,,JAN-2025,SADHW2S1XR1, ,N/A,Jaguar,I-Pace, ,2024, ,b9b183845d7d34d,7400, ,None,5th Generation ADS, , ,5th Generation, , ,Version 9, , ,, ,Y,,, ,Y,Yes (specify below),ADOT,Yes,ADS,Waymo LLC, , ,Y, , , , , ,,JAN-2025, ,JAN-2025,14:02, ,f3e5d2d35b79a77,[MAY CONTAIN PERSONALLY IDENTIFIABLE INFORMATION], ,[MAY CONTAIN PERSONALLY IDENTIFIABLE INFORMATION], ,[MAY CONTAIN PERSONALLY IDENTIFIABLE INFORMATION], ,Mesa, ,AZ ,[MAY CONTAIN PERSONALLY IDENTIFIABLE INFORMATION], ,Intersection,Dry,No Unusual Conditions,35, ,Daylight, , ,Y, , , , , ,,Motorcycle,Minor,No,"Other, see Narrative",Not Applicable,No, , , , , ,Y, , , , , ,Stopped,No,No,No Passengers in Vehicle,0, , , , ,Y, , , , , , , , , ,Y, ,Y,Y, , ,Yes,Mesa Police Department, ,Yes,[MAY CONTAIN PERSONALLY IDENTIFIABLE INFORMATION], ,,Y,,Y,Yes, ,"On January [XXX], 2025 at 2:02 PM MT a Waymo Autonomous Vehicle (""Waymo AV"") operating in Mesa, Arizona was in a collision involving a motorcycle on [XXX] at [XXX].
The Waymo AV was stopped facing East on [XXX] at the intersection with [XXX] at a red light. A motorcycle was stopped behind the Waymo AV, and a pickup truck was stopped behind the motorcycle. A passenger car approached the queue of stopped traffic from behind and made contact with the stopped pickup truck, which was pushed into the motorcycle. The motorcycle then made contact with the Waymo AV. At the time of the impact, the Waymo AV's Level 4 ADS was engaged in autonomous mode. The motorcyclist was treated at the scene for an apparent injury.
Waymo is reporting this crash under Request No. 1 of Standing General Order 2021-01 because a vulnerable road user influenced the driving task of a vehicle involved. Waymo may supplement or correct its reporting with additional information as it may become available.", 
30270-9736,1,Waymo LLC,5-Day,,,JAN-2025,SADHW2S15R1, ,N/A,Jaguar,I-Pace, ,2024, ,f6d0af49d79043b,7786, ,None,5th Generation ADS, , ,5th Generation, , ,Version 9, , ,, ,Y,,, ,Y,Yes (specify below),ADOT ,Yes,ADS,Waymo LLC, , ,Y, , , , , ,,JAN-2025, ,JAN-2025,22:39, ,c1757800e8b542e,[MAY CONTAIN PERSONALLY IDENTIFIABLE INFORMATION], ,[MAY CONTAIN PERSONALLY IDENTIFIABLE INFORMATION], ,[MAY CONTAIN PERSONALLY IDENTIFIABLE INFORMATION], ,Scottsdale, ,AZ ,[MAY CONTAIN PERSONALLY IDENTIFIABLE INFORMATION], ,Intersection,Dry,No Unusual Conditions,35, ,Dark - Lighted,Y, , , , , , , ,,Passenger Car,No Injuries Reported,Yes,Lane / Road Departure,No,No, , , , , , , ,Y,Y, , ,Stopped,No,Yes,Yes,0, ,Y, , , , , , , , , , , , ,Y, ,Y,Y, , ,Yes,Scottsdale Police Department, ,Yes,[MAY CONTAIN PERSONALLY IDENTIFIABLE INFORMATION], ,[MAY CONTAIN PERSONALLY IDENTIFIABLE INFORMATION], ,,Y,Yes, ,"On January [XXX], 2025 at 10:39 PM MT a Waymo Autonomous Vehicle (Waymo AV) operating in Scottsdale, Arizona was in a collision involving a passenger car on [XXX] at [XXX].
The Waymo AV was stopped at a stop sign facing east in the rightmost of two lanes on [XXX] at the intersection with [XXX]. While the Waymo AV remained stopped, a passenger car traveling partially in the rightmost lane and partially in the left-adjacent dedicated left turn lane approached the Waymo AV from behind. As the passenger car was passing the stopped Waymo AV, the passenger side of the passenger car made contact with the rear driver side of the stationary Waymo AV. At the time of the impact, the Waymo AVs Level 4 ADS was engaged in autonomous mode. Both vehicles sustained damage. 
Waymo is reporting this crash under Request No. 1 of Standing General Order 2021-01 because a vehicle involved was towed away. Waymo may supplement or correct its reporting with additional information as it may become available.", 
30270-9631,2,Waymo LLC,10-Day Update,,,JAN-2025,SADHW2S15R1, ,N/A,Jaguar,I-Pace, ,2024, ,018ea5add201d72,5985, ,None,5th Generation ADS, , ,5th Generation, , ,Version 9, , ,, ,Y,,, ,Y,Yes (specify below),ADOT            ,Yes,ADS,Waymo LLC, , ,Y, , , , , ,,JAN-2025, ,JAN-2025,14:55, ,214d903572ad811,[MAY CONTAIN PERSONALLY IDENTIFIABLE INFORMATION], ,[MAY CONTAIN PERSONALLY IDENTIFIABLE INFORMATION], ,[MAY CONTAIN PERSONALLY IDENTIFIABLE INFORMATION], ,Phoenix, ,AZ ,[MAY CONTAIN PERSONALLY IDENTIFIABLE INFORMATION], ,Intersection,Dry,No Unusual Conditions,35, ,Daylight, , ,Y, , , , , ,,Passenger Car,Minor,Yes,Proceeding Straight,No,Yes, , ,Y, , ,Y, , ,Y, , ,"Other, see Narrative",No,Yes,Yes,15, ,Y, , ,Y, , , , , , , , , ,Y, ,Y,Y, , ,No,, ,Yes,, ,, ,, ,Yes, ,"The content of this report is unchanged from the initial report submitted on January 10, 2024 [REDACTED, MAY CONTAIN CONFIDENTIAL BUSINESS INFORMATION]. 
On January [XXX], 2025 at 2:55 PM MT a Waymo Autonomous Vehicle (Waymo AV) operating in Phoenix, Arizona was in a collision involving a passenger car on [XXX] at [XXX]. 
The Waymo AV was traveling north on [XXX] when it approached the intersection with [XXX]. As the Waymo AV approached the intersection, it slowed to yield to a pedestrian who was traveling south on the sidewalk of [XXX] and had just entered the intersection to cross [XXX]. As the Waymo AV continued to slow, a passenger car traveling directly behind the Waymo AV approached the Waymo AV from behind. The front of the passenger car made contact with the rear of the Waymo AV. At the time of the impact, the Waymo AVs Level 4 ADS was engaged in autonomous mode. Both vehicles sustained damage. The passenger in the Waymo AV reported a minor injury.
Waymo is reporting this crash under Request No. 1 of Standing General Order 2021-01 because a vulnerable road user influenced the driving task of a vehicle involved and because vehicles involved were towed away. Waymo may supplement or correct its reporting with additional information as it may become available.", 
30610-9726,1,"Zoox, Inc.",5-Day,,,JAN-2025,5TDDGRFH5HS, ,N/A,Toyota,Highlander, ,2017, ,4ad6c03e42653ff,93996, ,In-Vehicle (Commercial / Test),193.25.01.16, , ,193.25.01.16, , ,193.25.01.16, , ,, ,Y,,, ,Y,Yes (specify below),NV DMV AVT Permit,Yes,ADS,Zoox, , , , ,Y,Y, , ,,JAN-2025, ,JAN-2025,10:16, ,69dbcb440688427,[MAY CONTAIN PERSONALLY IDENTIFIABLE INFORMATION], ,[MAY CONTAIN PERSONALLY IDENTIFIABLE INFORMATION], ,[MAY CONTAIN PERSONALLY IDENTIFIABLE INFORMATION], ,Paradise, ,NV ,[MAY CONTAIN PERSONALLY IDENTIFIABLE INFORMATION], ,Street,Dry,No Unusual Conditions,45, ,Daylight,Y, , , , , , , ,,SUV,No Injuries Reported,Yes,Lane / Road Departure,No,No, , , , , , , , ,Y, , ,Proceeding Straight,No,Yes,Yes,42, , ,Y, , , , , , , , , , , ,Y, ,Y, , , ,No,, ,No,, ,, ,, ,Yes, ,"A Zoox vehicle (Vehicle 1) in autonomous mode was in the right lane, traveling west on [XXX] towards [XXX] in Paradise, Nevada. An SUV (Vehicle 2)  to the left of the Zoox vehicle, traveling ahead in the same direction in the adjacent lane, suddenly veered right into the path of the Zoox vehicle. The Zoox vehicle braked in response to the encroaching SUV when the front passenger side of the SUV made contact with the driver's side front and rear doors on the Zoox vehicle. The Zoox vehicle operator then disengaged from autonomy. Both vehicles proceeded a few feet further and stopped briefly in the right lane. Both vehicles then pulled over into a nearby parking lot to exchange information. Both vehicles sustained moderate damage and the Zoox vehicle was towed. There were no reported injuries and police were not called.", 
30610-9722,1,"Zoox, Inc.",5-Day,,,JAN-2025,5TDDGRFHXKS, ,N/A,Toyota,Highlander, ,2019, ,394fe1d76abad46,52389, ,In-Vehicle (Commercial / Test),329.25.01.14, , ,329.25.01.14, , ,329.25.01.14, , ,, ,Y,,, ,Y,Yes (specify below),NV AVT Permit,Yes,ADS,Zoox, , , , ,Y,Y, , ,,JAN-2025, ,JAN-2025,08:57, ,30ea25a102ed6d6,[MAY CONTAIN PERSONALLY IDENTIFIABLE INFORMATION], ,[MAY CONTAIN PERSONALLY IDENTIFIABLE INFORMATION], ,[MAY CONTAIN PERSONALLY IDENTIFIABLE INFORMATION], ,Paradise, ,NV ,[MAY CONTAIN PERSONALLY IDENTIFIABLE INFORMATION], ,Street,Dry,"Other, see Narrative",30, ,Daylight,Y, , , , , , , ,,Other Fixed Object,No Injuries Reported,Yes,,,, , , , , , , , , , , ,Proceeding Straight,No,Yes,Yes,4, , , ,Y, , ,Y,Y, ,Y, , , , ,Y, ,Y, , , ,Yes,Nevada Highway Patrol, ,No,[MAY CONTAIN PERSONALLY IDENTIFIABLE INFORMATION], ,,Y,,Y,Yes, ,"A Zoox vehicle (Vehicle 1) in autonomous mode was traveling in the right lane on southbound [XXX] approaching [XXX] in Paradise, NV. The Zoox vehicle operator disengaged from autonomy and drove over an in-lane, dislodged manhole cover with the front passenger side tire of the vehicle, causing the manhole cover to rise and strike the passenger side rear wheel and tire. The impact debeaded the tire and fractured the wheel rim. The Zoox vehicle then rotated clockwise, towards the concrete planter on the right side abutting the curb. The Zoox vehicle operator then braked and the front end of the Zoox vehicle made contact with the concrete planter. Besides damage to the passenger side wheel and rim, the Zoox vehicle's front end also sustained damage. The police were called to the scene and there were no reported injuries.", 
30270-9684,1,Waymo LLC,Monthly,12,2024,JAN-2025,SADHW2S17R1, ,N/A,Jaguar,I-Pace, ,2024, ,610c7c0d5fc0231,24782, ,None,5th Generation ADS, , ,5th Generation, , ,Version 9, , ,, ,Y,,, ,Y,Yes (specify below),ADOT,Yes,ADS,Waymo LLC, , ,Y, , , , , ,,NOV-2024, ,DEC-2024,01:27, ,6b6f37d42353ac0,[MAY CONTAIN PERSONALLY IDENTIFIABLE INFORMATION], ,[MAY CONTAIN PERSONALLY IDENTIFIABLE INFORMATION], ,[MAY CONTAIN PERSONALLY IDENTIFIABLE INFORMATION], ,Scottsdale, ,AZ ,[MAY CONTAIN PERSONALLY IDENTIFIABLE INFORMATION], ,Street,Dry,No Unusual Conditions,25, ,Dark - Lighted,Y, , , , , , , ,,SUV,No Injuries Reported,Yes,Passing,No,No, , , , , , , ,Y, , , ,Stopped,No,No,"No, see Narrative",0, , ,Y, , , , , , , , , , , ,Y, ,Y,Y, , ,No,, ,Yes,, ,, ,, ,Yes, ,"On Sunday, November [XXX], 2024 at 1:27 AM MST, a Waymo Autonomous Vehicle (""Waymo AV"") operating in Scottsdale, Arizona was in a collision involving an SUV on [XXX] at [XXX].
The Waymo AV was stopped facing east on East Indian Plaza for a rider drop-off when an SUV began passing the AV on the left side. As the SUV passed, a rider in the rear driver side passenger seat opened the door of the Waymo AV and the door made contact with the passenger side of the SUV. The passengers were not belted at the time of impact, likely because the AV was conducting a drop-off and the passengers were preparing to exit. At the time of the impact, the Waymo AV's Level 4 ADS was engaged in autonomous mode. Waymo received notice that the SUV sustained damage on December 1, 2024.
Waymo is reporting this crash under Request No. 2 of Standing General Order 2021-01. Waymo may supplement or correct its reporting with additional information as it may become available.", 
30531-9698,1,Transdev Alternative Services,Monthly,12,2024,JAN-2025,SADHW2S13R1, ,N/A,JLR,I-Pace, ,2024, ,daba9e03ebb8a2d,29938, ,In-Vehicle (Commercial / Test),5th Generation ADS, , ,5th Generation, , ,Version 9, , ,Waymo LLC, , ,,, ,Y,No,,Yes,ADS,Waymo LLC, , ,Y, , , , , ,,DEC-2024, ,DEC-2024,15:31, ,9ea9103079881a1,[MAY CONTAIN PERSONALLY IDENTIFIABLE INFORMATION], ,[MAY CONTAIN PERSONALLY IDENTIFIABLE INFORMATION], ,[MAY CONTAIN PERSONALLY IDENTIFIABLE INFORMATION], ,Austin, ,TX ,[MAY CONTAIN PERSONALLY IDENTIFIABLE INFORMATION], ,Street,Dry,No Unusual Conditions,35, ,Daylight,Y, , , , , , , ,,SUV,No Injuries Reported,Yes,Backing,No,No, , , ,Y, , , , , , , ,Stopped,No,No,Yes,0, , , , , , ,Y, , , , , , , ,Y, ,Y,Y, , ,No,, ,Yes,, ,, ,, ,Yes, ,"On December [XXX], 2024 at 3:31 PM CT a Waymo Autonomous Vehicle (""Waymo AV"") operating in Austin, Texas was in a collision involving an SUV on [XXX] near [XXX].
The Waymo AV was traveling southwest on [XXX] and came to a stop in a queue of traffic when an SUV traveling directly in front of the Waymo AV reversed, and the rear of the SUV made contact with the front of the stationary Waymo AV.  At the time of the impact, the Waymo AV's Level 4 ADS was engaged in autonomous mode and a test driver was present (in the driver's seating position).  Both vehicles sustained damage.
Transdev Alternative Services is reporting this crash under Request No. 2 of Standing General Order 2021-01.  Trandev may supplement or correct its reporting.  This is a duplicate of NHTSA report ID: 30270-9593-1.", 