Report ID,Report Version,Reporting Entity,Report Type,Report Month,Report Year,Report Submission Date,VIN,VIN - Unknown,Serial Number,Make,Model,Model - Unknown,Model Year,Model Year - Unknown,Same Vehicle ID,Mileage,Mileage - Unknown,Driver / Operator Type,ADAS/ADS System Version,ADAS/ADS System Version - Unk,ADAS/ADS System Version CBI,ADAS/ADS Hardware Version,ADAS/ADS Hardware Version - Unk,ADAS/ADS Hardware Version CBI,ADAS/ADS Software Version,ADAS/ADS Software Version - Unk,ADAS/ADS Software Version CBI,Other Reporting Entities?,Other Reporting Entities? - Unk,Other Reporting Entities? - NA,Federal Regulatory Exemption?,Other Federal Reg. Exemption,Federal Reg. Exemption - Unk,Federal Reg. Exemption - No,State or Local Permit?,State or Local Permit,ADS Equipped?,Automation System Engaged?,Operating Entity,Operating Entity - Unknown,Source - Complaint/Claim,Source - Telematics,Source - Law Enforcement,Source - Field Report,Source - Testing,Source - Media,Source - Other,Source - Other Text,Incident Date,Incident Date - Unknown,Notice Received Date,Incident Time (24:00),Incident Time - Unknown,Same Incident ID,Latitude,Latitude - Unknown,Longitude,Longitude - Unknown,Address,Address - Unknown,City,City - Unknown,State,Zip Code,Zip Code - Unknown,Roadway Type,Roadway Surface,Roadway Description,Posted Speed Limit (MPH),Posted Speed Limit - Unknown,Lighting,Weather - Clear,Weather - Snow,Weather - Cloudy,Weather - Fog/Smoke,Weather - Rain,Weather - Severe Wind,Weather - Unknown,Weather - Other,Weather - Other Text,Crash With,Highest Injury Severity Alleged,Property Damage?,CP Pre-Crash Movement,CP Any Air Bags Deployed?,CP Was Vehicle Towed?,CP Contact Area - Rear Left,CP Contact Area - Left,CP Contact Area - Front Left,CP Contact Area - Rear,CP Contact Area - Top,CP Contact Area - Front,CP Contact Area - Rear Right,CP Contact Area - Right,CP Contact Area - Front Right,CP Contact Area - Bottom,CP Contact Area - Unknown,SV Pre-Crash Movement,SV Any Air Bags Deployed?,SV Was Vehicle Towed?,SV Were All Passengers Belted?,SV Precrash Speed (MPH),SV Pre-crash Speed - Unknown,SV Contact Area - Rear Left,SV Contact Area - Left,SV Contact Area - Front Left,SV Contact Area - Rear,SV Contact Area - Top,SV Contact Area - Front,SV Contact Area - Rear Right,SV Contact Area - Right,SV Contact Area - Front Right,SV Contact Area - Bottom,SV Contact Area - Unknown,Data Availability - EDR,Data Availability - Police Rpt,Data Availability - Telematics,Data Availability - Complaints,Data Availability - Video,Data Availability - Other,Data Availability - No Data,Data Availability - Unknown,Law Enforcement Investigating?,Investigating Agency,Investigating Agency - Unknown,Rep Ent Or Mfr Investigating?,Investigating Officer Name,Inv. Officer Name - Unknown,Investigating Officer Phone,Inv. Officer Phone - Unknown,Investigating Officer Email,Inv. Officer Email - Unknown,Within ODD?,Within ODD? - CBI,Narrative,Narrative - CBI?
753-7780,2,"Kia America, Inc.",10-Day Update,,,JUN-2024,5XYK4CAF2PG, ,[MAY CONTAIN PERSONALLY IDENTIFIABLE INFORMATION],KIA,SPORTAGE, ,2023, ,8887cd63fa4dab6,6412, ,Consumer,SMART CRUISE CONTROL & LANE FOLLOWING ASSIST, , ,"DUE TO MULTIPLE COMPONENTS, NO VERSION CAN BE PROVIDED", , ,"DUE TO MULTIPLE COMPONENTS, NO VERSION CAN BE PROVIDED", , ,,Y, ,,,Y, ,No,,Yes,ADAS,, , , , , , , ,Y,Customer Compliment Case,APR-2024, ,MAY-2024,02:50, ,31362e0be491cc1,,Y,,Y,[MAY CONTAIN PERSONALLY IDENTIFIABLE INFORMATION], ,ST. CLAIR TOWNSHIP, ,MI ,[MAY CONTAIN PERSONALLY IDENTIFIABLE INFORMATION], ,Street,Dry,Unknown,55, ,Dark - Not Lighted,Y, , , , , , , ,,Passenger Car,Moderate,Unknown,Crossing into Opposing Lane,Yes,Yes, , , , , , , , , , ,Y,Proceeding Straight,Yes,Yes,Yes,55, , , ,Y, , ,Y, , , , , , ,Y, , , ,Y, , ,Unknown,ST. CLAIR COUNTY SHERIFF'S OFFICE, ,Yes,[MAY CONTAIN PERSONALLY IDENTIFIABLE INFORMATION], ,,Y,,Y,"Unknown, see Narrative", ,"**1-Day Incident Report 5/25/2024**
Customer contacted Kia Customer Care (KCC) to report an incident involving his 2023MY Kia Sportage. Specifically, the customer called to thank Kia ""for saving [REDACTED, MAY CONTAIN CONFIDENTIAL BUSINESS INFORMATION] life."" Customer explained he was in a head-on collision when a drunk driver suddenly veered into his lane.  Customer reported he suffered ""cuts, bumps & bruises"" and stated he ""believes that [REDACTED, MAY CONTAIN CONFIDENTIAL BUSINESS INFORMATION] lack of injuries is due to the plethora of safety features my Sportage had.""  KCC subsequently contacted the customer to obtain additional details regarding the incident.  Customer stated that he was driving on a two-lane highway around 3AM, with cruise control engaged, when the car he was following veered into a ditch and a drunk driver veered into his lane. Customer did not see the drunk driver until the last second and as a result did not have time react.  When asked by KCC, the customer responded that Highway Driving Assist (HDA) was not engaged, but that his Smart Cruise Control and Lane Following Assist were engaged at the time of the incident.  The customer reported that the Sportage's airbags deployed, both the customer and driver of the other vehicle (unclear if the drunk driver or the driver of the vehicle that veered into the ditch) were transported to the hospital and that the Sportage was towed. Customer stated he was not asking anything from Kia and that he had called only to share his appreciation. 
This incident is being reported as precautionary measure since the incident meets the requirements under the SGO.  However, based on the description of the incident provided by the customer, the incident was not caused by a failure and/or disengagement of smart cruise control and/or LFA.
**10-Day Update 6/3/2024**
No additional information to be provided as the 1-Day was reported as a precautionary measure and submitting this 10-Day Update per the reporting requirements under the SGO.", 
753-7780,1,"Kia America, Inc.",1-Day,,,MAY-2024,5XYK4CAF2PG, ,[MAY CONTAIN PERSONALLY IDENTIFIABLE INFORMATION],KIA,SPORTAGE, ,2023, ,8887cd63fa4dab6,6412, ,Consumer,SMART CRUISE CONTROL & LANE FOLLOWING ASSIST, , ,"DUE TO MULTIPLE COMPONENTS, NO VERSION CAN BE PROVIDED", , ,"DUE TO MULTIPLE COMPONENTS, NO VERSION CAN BE PROVIDED", , ,,Y, ,,,Y, ,No,,Yes,ADAS,, , , , , , , ,Y,Customer Compliment Case,APR-2024, ,MAY-2024,02:50, ,31362e0be491cc1,,Y,,Y,[MAY CONTAIN PERSONALLY IDENTIFIABLE INFORMATION], ,ST. CLAIR TOWNSHIP, ,MI ,[MAY CONTAIN PERSONALLY IDENTIFIABLE INFORMATION], ,Street,Dry,Unknown,55, ,Dark - Not Lighted,Y, , , , , , , ,,Passenger Car,Moderate,Unknown,Crossing into Opposing Lane,Yes,Yes, , , , , , , , , , ,Y,Proceeding Straight,Yes,Yes,Yes,55, , , ,Y, , ,Y, , , , , , ,Y, , , ,Y, , ,Unknown,ST. CLAIR COUNTY SHERIFF'S OFFICE, ,Yes,[MAY CONTAIN PERSONALLY IDENTIFIABLE INFORMATION], ,,Y,,Y,"Unknown, see Narrative", ,"Customer contacted Kia Customer Care (KCC) to report an incident involving his 2023MY Kia Sportage. Specifically, the called to thank Kia for saving [REDACTED, MAY CONTAIN CONFIDENTIAL BUSINESS INFORMATION] life. Customer explained he was in a head-on collision when a drunk driver suddenly veered into his lane.  Customer reported he suffered cuts, bumps & bruises and stated he believes that [REDACTED, MAY CONTAIN CONFIDENTIAL BUSINESS INFORMATION] lack of injuries is due to the plethora of safety features my Sportage had.   KCC subsequently contacted the customer to obtain additional details regarding the incident.  Customer stated that he was driving on a two-lane highway around 3AM, with cruise control engaged, when the car he was following veered into a ditch and a drunk driver veered into his lane. Customer did not see the drunk driver until the last second and as a result did not have time react.  When asked by KCC, the customer responded that Highway Driving Assist (HDA) was not engaged, but that his Smart Cruise Control and Lane Following Assist were engaged at the time of the incident.  The customer reported that the Sportages airbags deployed, both the customer and driver of the other vehicle (unclear if the drunk driver or the driver of the vehicle that veered into the ditch) were transported to the hospital and that the Sportage was towed. Customer stated he was not asking anything from Kia and that he had called only to share his appreciation. 
This incident is being reported as precautionary measure since the incident meets the requirements under the SGO.  However, based on the description of the incident provided by the customer, the incident was not caused by a failure and/or disengagement of smart cruise control and/or LFA.", 
30270-7794,1,Waymo LLC,5-Day,,,MAY-2024,SADHW2S12R1, ,N/A,Jaguar,I-Pace, ,2024, ,e995b23f44e713b,14933, ,None,5th Generation ADS, , ,5th Generation, , ,Version 9, , ,, ,Y,,, ,Y,Yes (specify below),ADOT,Yes,ADS,Waymo LLC, , ,Y, , , , , ,,MAY-2024, ,MAY-2024,11:47, ,44dd2cadd0daadd,[MAY CONTAIN PERSONALLY IDENTIFIABLE INFORMATION], ,[MAY CONTAIN PERSONALLY IDENTIFIABLE INFORMATION], ,[MAY CONTAIN PERSONALLY IDENTIFIABLE INFORMATION], ,Phoenix, ,AZ ,[MAY CONTAIN PERSONALLY IDENTIFIABLE INFORMATION], ,Street,Dry,No Unusual Conditions,15, ,Daylight,Y, , , , , , , ,,Pole / Tree,No Injuries Reported,Yes,,,, , , , , , , , , , , ,Parking Maneuver,No,Yes,No Passengers in Vehicle,8, , , , , , ,Y, , , , , , , ,Y, ,Y,Y, , ,No,, ,Yes,, ,, ,, ,Yes, ,"On May [XXX], 2024 at 11:47 AM MST a Waymo Autonomous Vehicle (Waymo AV) operating in Phoenix, Arizona was in a collision involving a utility pole in an alleyway near [XXX] and [XXX]. 
The Waymo AV was traveling north towards [XXX] down an alleyway east of [XXX] when the front of the Waymo AV made contact with a utility pole on the right side of the alleyway. At the time of the impact, the Waymo AVs Level 4 ADS was engaged in autonomous mode. The Waymo AV sustained damage.
Waymo is reporting this crash under Request No. 1 of Standing General Order 2021-01 because a vehicle involved was towed away. Waymo may supplement or correct its reporting with additional information as it may become available.", 
30270-7730,2,Waymo LLC,10-Day Update,,,MAY-2024,SADHW2S10M1, ,N/A,Jaguar,I-Pace, ,2021, ,db8ad4169cf7e4c,131785, ,None,5th Generation ADS, , ,5th Generation, , ,Version 8, , ,, ,Y,,, ,Y,Yes (specify below),ADOT,Yes,ADS,Waymo LLC, , ,Y, , , , , ,,MAY-2024, ,MAY-2024,12:47, ,8e246bfad5628fa,[MAY CONTAIN PERSONALLY IDENTIFIABLE INFORMATION], ,[MAY CONTAIN PERSONALLY IDENTIFIABLE INFORMATION], ,[MAY CONTAIN PERSONALLY IDENTIFIABLE INFORMATION], ,Scottsdale, ,AZ ,[MAY CONTAIN PERSONALLY IDENTIFIABLE INFORMATION], ,Parking Lot,Dry,No Unusual Conditions,15, ,Daylight,Y, , , , , , , ,,Passenger Car,No Injuries Reported,Yes,Backing,No,No, , , ,Y, , , , , , , ,Stopped,No,No,Yes,0, , ,Y, , , , , , , , , , , ,Y, ,Y,Y, , ,No,, ,Yes,, ,, ,, ,Yes, ,"The content of this report is unchanged from the initial report submitted on May 15, 2024 [REDACTED, MAY CONTAIN CONFIDENTIAL BUSINESS INFORMATION]. 
On May [XXX], 2024 at 12:47 PM MT a Waymo Autonomous Vehicle (Waymo AV) operating in Scottsdale, Arizona was in a collision involving a passenger car in a parking lot at [XXX]. 
The Waymo AV was navigating through a parking lot en route to drop off passengers when it stopped to yield for a pedestrian walking in the parking lot. A passenger car then backed out of a parking spot and made contact with the driver side rear passenger door of the Waymo AV.  At the time of the impact, the Waymo AVs Level 4 ADS was engaged in autonomous mode. Both vehicles sustained damage.
Waymo is reporting this crash under Request No. 1 of Standing General Order 2021-01 because a vulnerable road user was involved. Waymo may supplement or correct its reporting with additional information as it may become available.", 
30270-7734,1,Waymo LLC,5-Day,,,MAY-2024,SADHW2S18M1, ,N/A,Jaguar,I-Pace, ,2021, ,4a17d6b39e90898,95182, ,None,5th Generation ADS, , ,5th Generation, , ,Version 8, , ,, ,Y,,, ,Y,Yes (specify below),AZ DOT,Yes,ADS,Waymo LLC, , ,Y, , , , , ,,MAY-2024, ,MAY-2024,21:34, ,5aa3127c025c596,[MAY CONTAIN PERSONALLY IDENTIFIABLE INFORMATION], ,[MAY CONTAIN PERSONALLY IDENTIFIABLE INFORMATION], ,[MAY CONTAIN PERSONALLY IDENTIFIABLE INFORMATION], ,Phoenix, ,AZ ,[MAY CONTAIN PERSONALLY IDENTIFIABLE INFORMATION], ,Intersection,Dry,No Unusual Conditions,40, ,Dark - Lighted,Y, , , , , , , ,,Passenger Car,Minor,Yes,Making Right Turn,No,No, , , , , ,Y, , ,Y, , ,Making Right Turn,No,Yes,Yes,2, ,Y, , ,Y, , , , , , , , , ,Y, ,Y,Y, , ,No,, ,Yes,, ,, ,, ,Yes, ,"On May [XXX], 2024 at 9:34 PM MT Waymo Autonomous Vehicle (""Waymo AV"") operating in Phoenix, Arizona was in a collision involving a passenger car on [XXX] at [XXX].
The Waymo AV was traveling east on [XXX] and came to a stop at a red light at the intersection with  [XXX] to prepare for a right turn. The Waymo AV yielded to cross traffic traveling south on [XXX] and then initiated a right turn when a passenger car traveling north on [XXX] initiated a U-turn across the intended path of the Waymo AV. The Waymo AV slowed to yield to the U-turning passenger car and had begun to accelerate again to complete the right turn when the front of another passenger car which was following behind the Waymo AV made contact with the rear of the Waymo AV. At the time of the impact, the Waymo AV's Level 4 ADS was engaged in autonomous mode. Both vehicles sustained damage.
Waymo is reporting this crash under Request No. 1 of Standing General Order 2021-01 because a vehicle involved was towed away. Waymo may supplement or correct its reporting with additional information as it may become available.", 
30270-7733,1,Waymo LLC,5-Day,,,MAY-2024,SADHW2S18M1, ,N/A,Jaguar,I-Pace, ,2021, ,2c7a9a00277e615,129471, ,None,5th Generation ADS, , ,5th Generation, , ,Version 8, , ,, ,Y,,, ,Y,Yes (specify below),AZ DOT,Yes,ADS,Waymo LLC, , ,Y, , , , , ,,MAY-2024, ,MAY-2024,11:02, ,afaee27656544e4,[MAY CONTAIN PERSONALLY IDENTIFIABLE INFORMATION], ,[MAY CONTAIN PERSONALLY IDENTIFIABLE INFORMATION], ,[MAY CONTAIN PERSONALLY IDENTIFIABLE INFORMATION], ,Tempe, ,AZ ,[MAY CONTAIN PERSONALLY IDENTIFIABLE INFORMATION], ,Intersection,Dry,No Unusual Conditions,45, ,Daylight,Y, , , , , , , ,,SUV,No Injuries Reported,Yes,Making Right Turn,No,No, , , , , , , ,Y, , , ,Proceeding Straight,No,Yes,Yes,19, , , ,Y, , , , , , , , , , ,Y, ,Y, , , ,Yes,Tempe Police Department, ,Yes,[MAY CONTAIN PERSONALLY IDENTIFIABLE INFORMATION], ,,Y,,Y,Yes, ,"On May [XXX], 2024 at 11:02 AM MT a Waymo Autonomous Vehicle (""Waymo AV"") operating in Tempe, Arizona was in a collision involving an SUV on [XXX] at [XXX].
The Waymo AV was traveling west on [XXX] in the far right lane approaching the intersection with [XXX]. An SUV in the lane directly to the left of and adjacent to the Waymo AV passed and overtook the Waymo AV on the left, then initiated a right turn onto [XXX], crossing in front of the Waymo AV. The passenger side of the SUV made contact with the front driver side corner of the Waymo AV. At the time of the impact, the Waymo AV's Level 4 ADS was engaged in autonomous mode.Both vehicles sustained damage.
Waymo is reporting this crash under Request No. 1 of Standing General Order 2021-01 because a vehicle involved was towed away. Waymo may supplement or correct its reporting with additional information as it may become available.", 
30270-7730,1,Waymo LLC,1-Day,,,MAY-2024,SADHW2S10M1, ,N/A,Jaguar,I-Pace, ,2021, ,db8ad4169cf7e4c,131785, ,None,5th Generation ADS, , ,5th Generation, , ,Version 8, , ,, ,Y,,, ,Y,Yes (specify below),ADOT,Yes,ADS,Waymo LLC, , ,Y, , , , , ,,MAY-2024, ,MAY-2024,12:47, ,8e246bfad5628fa,[MAY CONTAIN PERSONALLY IDENTIFIABLE INFORMATION], ,[MAY CONTAIN PERSONALLY IDENTIFIABLE INFORMATION], ,[MAY CONTAIN PERSONALLY IDENTIFIABLE INFORMATION], ,Scottsdale, ,AZ ,[MAY CONTAIN PERSONALLY IDENTIFIABLE INFORMATION], ,Parking Lot,Dry,No Unusual Conditions,15, ,Daylight,Y, , , , , , , ,,Passenger Car,No Injuries Reported,Yes,Backing,No,No, , , ,Y, , , , , , , ,Stopped,No,No,Yes,0, , ,Y, , , , , , , , , , , ,Y, ,Y,Y, , ,No,, ,Yes,, ,, ,, ,Yes, ,"On May [XXX], 2024 at 12:47 PM MT a Waymo Autonomous Vehicle (Waymo AV) operating in Scottsdale, Arizona was in a collision involving a passenger car in a parking lot at [XXX]. 
The Waymo AV was navigating through a parking lot en route to drop off passengers when it stopped to yield for a pedestrian walking in the parking lot. A passenger car then backed out of a parking spot and made contact with the driver side rear passenger door of the Waymo AV.  At the time of the impact, the Waymo AVs Level 4 ADS was engaged in autonomous mode. Both vehicles sustained damage.
Waymo is reporting this crash under Request No. 1 of Standing General Order 2021-01 because a vulnerable road user was involved. Waymo may supplement or correct its reporting with additional information as it may become available.", 
30270-7721,1,Waymo LLC,Monthly,4,2024,MAY-2024,SADHW2S16M1, ,N/A,Jaguar,I-Pace, ,2021, ,539ccc1f53d0028,130737, ,None,5th Generation ADS, , ,5th Generation, , ,Version 8, , ,, ,Y,,, ,Y,Yes (specify below),ADOT,Yes,ADS,Waymo LLC, , ,Y, , , , , ,,APR-2024, ,APR-2024,15:05, ,23d6f58677eeb78,[MAY CONTAIN PERSONALLY IDENTIFIABLE INFORMATION], ,[MAY CONTAIN PERSONALLY IDENTIFIABLE INFORMATION], ,[MAY CONTAIN PERSONALLY IDENTIFIABLE INFORMATION], ,Chandler, ,AZ ,[MAY CONTAIN PERSONALLY IDENTIFIABLE INFORMATION], ,Parking Lot,Dry,No Unusual Conditions,15, ,Daylight,Y, , , , , , , ,,Passenger Car,No Injuries Reported,Yes,Proceeding Straight,No,No, , , , , ,Y, , ,Y, , ,Stopped,No,No,Yes,0, , , , ,Y, , ,Y, , , , , , ,Y, ,Y,Y, , ,No,, ,Yes,, ,, ,, ,Yes, ,"On April [XXX], 2024 at 3:05 PM MST a Waymo Autonomous Vehicle (Waymo AV) operating in Chandler, Arizona was in a collision involving a passenger car on [XXX] near [XXX]. 
The Waymo AV was exiting a shopping center driveway and yielding to traffic as it prepared to make a right onto eastbound [XXX] when a passenger car traveling directly behind the Waymo AV made contact with the rear of the Waymo AV. At the time of the impact, the Waymo AVs Level 4 ADS was engaged in autonomous mode. Both vehicles sustained damage.
Waymo is reporting this crash under Request No. 2 of Standing General Order 2021-01. Waymo may supplement or correct its reporting with additional information as it may become available.", 
30270-7720,1,Waymo LLC,Monthly,4,2024,MAY-2024,SADHW2S13R1, ,N/A,Jaguar,I-Pace, ,2024, ,9df799516bace2a,6164, ,None,5th Generation ADS, , ,5th Generation, , ,Version 8, , ,, ,Y,,, ,Y,Yes (specify below),ADOT,Yes,ADS,Waymo LLC, , ,Y, , , , , ,,APR-2024, ,APR-2024,06:49, ,534bef0e0babf42,[MAY CONTAIN PERSONALLY IDENTIFIABLE INFORMATION], ,[MAY CONTAIN PERSONALLY IDENTIFIABLE INFORMATION], ,[MAY CONTAIN PERSONALLY IDENTIFIABLE INFORMATION], ,Phoenix, ,AZ ,[MAY CONTAIN PERSONALLY IDENTIFIABLE INFORMATION], ,Intersection,Dry,No Unusual Conditions,35, ,Daylight,Y, , , , , , , ,,Pickup Truck,No Injuries Reported,Yes,Entering Traffic,No,No, , ,Y, , , , , , , , ,Stopped,No,No,"No, see Narrative",0, , , , , , , , ,Y, , , , , ,Y, ,Y,Y, , ,No,, ,Yes,, ,, ,, ,Yes, ,"On April [XXX], 2024 at 6:49 AM MST a Waymo Autonomous Vehicle (Waymo AV) operating in Phoenix, Arizona was in a collision involving a pickup truck on [XXX] at [XXX]. 
The Waymo AV was stopped in traffic for a red light on northbound [XXX] in the number 2 lane (of 3) when a pickup truck towing a trailer began to exit a gas station to the right of the Waymo AV. When the light turned green, the Waymo AV remained stopped, leaving space for the pickup truck-trailer combination to merge with traffic in front of the AV. As the pickup truck turned right, the front drivers side of the pickup truck made contact with the passengers side of the stopped Waymo AV.  At the time of the impact, the Waymo AVs Level 4 ADS was engaged in autonomous mode, and the passenger was not wearing a seatbelt. The Waymo AV sustained damage.
Waymo is reporting this crash under Request No. 2 of Standing General Order 2021-01. Waymo may supplement or correct its reporting with additional information as it may become available.", 
30413-7704,1,May Mobility,Monthly,4,2024,MAY-2024,5TDYRKEC7PS, ,N/A,Toyota,Sienna, ,2022, ,edae6220ea28192,8838, ,In-Vehicle (Commercial / Test),3, , ,3, , ,3, , ,, ,Y,,, ,Y,No,,Yes,ADS,May Mobility, , , , ,Y, , , ,,APR-2024, ,APR-2024,11:35, ,6cc2c65c334671d,[MAY CONTAIN PERSONALLY IDENTIFIABLE INFORMATION], ,[MAY CONTAIN PERSONALLY IDENTIFIABLE INFORMATION], ,[MAY CONTAIN PERSONALLY IDENTIFIABLE INFORMATION], ,Miami, ,FL ,[MAY CONTAIN PERSONALLY IDENTIFIABLE INFORMATION], ,Intersection,Dry,"Other, see Narrative",30, ,Daylight,Y, , , , , , , ,,Van,No Injuries Reported,No,Making Left Turn,No,No, , ,Y, , , , , , , , ,Proceeding Straight,No,No,Yes,5, ,Y, , , , , , , , , , , ,Y, , , , , , ,No,, ,No,, ,, ,, ,Yes, ,"The May vehicle was traveling through an intersection with a van in the oncoming left turn lane. As the May vehicle enters the intersection, the van creeps towards its turn.  Predicting that the two will get too close, the May vehicle elects to stop hard. As vehicle is coming to a stop in the stop-hard policy, the turning van fails to respond in time and collides with the rear left corner of the vehicle.
In the new software, deploying within the next month, agent-proximity has been replaced with agent-clearance. Performing resimulations of the incident with the latest branch verifies that this issue does not persist.", 
988-7703,1,PACCAR Incorporated,Monthly,5,2024,MAY-2024,1XPBD49X7RD, ,[MAY CONTAIN PERSONALLY IDENTIFIABLE INFORMATION],Peterbilt,579, ,2024, ,ee340784e6b5cdb,31782, ,In-Vehicle (Commercial / Test),"[REDACTED, MAY CONTAIN CONFIDENTIAL BUSINESS INFORMATION]", ,Y,, , ,, , ,"Aurora Operations, Inc.", , ,,, ,Y,No,,Yes,ADS,"Aurora Operations, Inc.", , ,Y, ,Y, , , ,,APR-2024, ,APR-2024,10:56, ,39987aac7f64fd3,[MAY CONTAIN PERSONALLY IDENTIFIABLE INFORMATION], ,[MAY CONTAIN PERSONALLY IDENTIFIABLE INFORMATION], ,[MAY CONTAIN PERSONALLY IDENTIFIABLE INFORMATION], ,Conroe, ,TX ,[MAY CONTAIN PERSONALLY IDENTIFIABLE INFORMATION], ,Highway / Freeway,Dry,No Unusual Conditions,65, ,Daylight, , ,Y, , , , , ,,"Other, see Narrative",No Injuries Reported,Yes,"Other, see Narrative",Not Applicable,Not Applicable, , , , , , , , , , ,Y,Proceeding Straight,No,No,Yes,62, , , ,Y, , , , , , , , , , ,Y, ,Y, , , ,No,, ,No,, ,, ,, ,Yes, ,"On April [XXX], at 10:56 CDT, an Aurora truck was in autonomy traveling southbound on [XXX] in Conroe, Texas. The Aurora truck made contact with a shovel on the roadway, cracking the front left headlight. The vehicle operator proceeded in manual mode to the next exit and inspected the truck. The vehicle operator determined the truck was drivable and resumed the mission in autonomy. We are not aware of any injuries or additional damage to the truck or trailer.", 
1420-7671,1,"Volkswagen Group of America, Inc.",Monthly,5,2024,MAY-2024,WV2ZZZEB4PH, ,n/a,Volkswagen,ID.Buzz, ,2023, ,fe576f7e0cb214e,2679, ,In-Vehicle (Commercial / Test),"[REDACTED, MAY CONTAIN CONFIDENTIAL BUSINESS INFORMATION]", ,Y,"[REDACTED, MAY CONTAIN CONFIDENTIAL BUSINESS INFORMATION]", ,Y,"[REDACTED, MAY CONTAIN CONFIDENTIAL BUSINESS INFORMATION]", ,Y,, ,Y,Part 591 Exemption for certifying manufacturers,, , ,No,,Yes,ADS,ADMT- VWGoA, , , , ,Y,Y, , ,,APR-2024, ,APR-2024,10:20, ,747a10541edff5d,[MAY CONTAIN PERSONALLY IDENTIFIABLE INFORMATION], ,[MAY CONTAIN PERSONALLY IDENTIFIABLE INFORMATION], ,[MAY CONTAIN PERSONALLY IDENTIFIABLE INFORMATION], ,Austin, ,TX ,[MAY CONTAIN PERSONALLY IDENTIFIABLE INFORMATION], ,Street,Wet,No Unusual Conditions,35, ,Daylight, , , , ,Y, , , ,,Passenger Car,No Injuries Reported,Yes,Stopped,No,No, , , , , ,Y, , , , , ,Stopped,No,No,Yes,0, , , , ,Y, , , , , , , , , , , , , , ,Y,No,, ,Yes,, ,, ,, ,Yes, ,"The subject vehicle (autonomous vehicle- AV) was stopped, in the far right turn lane on westbound [XXX], waiting to turn right onto northbound [XXX]. The other vehicle was a 2021 Mercedes Benz GLE (MB) that was noted as being stopped prior to making contact with the rear right bumper of the subject vehicle.  The AV, while remaining stationary, was struck from the rear by the MB. The driver of the AV signaled to the other vehicle to pull over safely in the adjacent parking lot. The driver's of both vehicles exchanged information and assessed the damage. Both vehicles had one occupant and there were no reported injuries, airbag deployments, or tow-aways. The damage to the subject vehicle is stated as scratches/markings of the right rear bumper, and the damage to the other vehicle is a bent frontal license plate. Both vehicles were able to safely leave the scene.  VWGoA does not plan to investigate the incident any further as the AV was within its ODD at the time of the incident and was struck from behind while waiting for traffic to clear to safely complete a turn.", 
30530-7680,1,"Aurora Operations, Inc.",Monthly,5,2024,MAY-2024,1XPBD49X7RD, ,N/A,Peterbilt,Peterbilt 579, ,2024, ,ee340784e6b5cdb,31782, ,In-Vehicle (Commercial / Test),"[REDACTED, MAY CONTAIN CONFIDENTIAL BUSINESS INFORMATION]", ,Y,, , ,, , ,PACCAR Incorporated, , ,,, ,Y,No,,Yes,ADS,"Aurora Operations, Inc.", , ,Y, ,Y, , , ,,APR-2024, ,APR-2024,10:56, ,39987aac7f64fd3,[MAY CONTAIN PERSONALLY IDENTIFIABLE INFORMATION], ,[MAY CONTAIN PERSONALLY IDENTIFIABLE INFORMATION], ,[MAY CONTAIN PERSONALLY IDENTIFIABLE INFORMATION], ,Conroe, ,TX ,[MAY CONTAIN PERSONALLY IDENTIFIABLE INFORMATION], ,Highway / Freeway,Dry,No Unusual Conditions,65, ,Daylight, , ,Y, , , , , ,,"Other, see Narrative",No Injuries Reported,Yes,"Other, see Narrative",Not Applicable,Not Applicable, , , , , , , , , , ,Y,Proceeding Straight,No,No,Yes,62, , , ,Y, , , , , , , , , , ,Y, ,Y, , , ,No,, ,No,, ,, ,, ,Yes, ,"On April [XXX], at 10:56 CDT, an Aurora truck was in autonomy traveling southbound on [XXX] in Conroe, Texas. The Aurora truck made contact with a shovel on the roadway, cracking the front left headlight. The vehicle operator proceeded in manual mode to the next exit and inspected the truck. The vehicle operator determined the truck was drivable and resumed the mission in autonomy. We are not aware of any injuries or additional damage to the truck or trailer.", 
30610-7674,1,"Zoox, Inc.",Monthly,4,2024,MAY-2024,5TDDGRFH2HS, ,N/A,Toyota,Highlander, ,2017, ,b95e440cb6696d4,57577, ,In-Vehicle (Commercial / Test),171.24.04.23, , ,171.24.04.23, , ,171.24.04.23, , ,, ,Y,,, ,Y,Yes (specify below),NV DMV AVT Permit,Yes,ADS,Zoox, , , , ,Y,Y, , ,,APR-2024, ,APR-2024,13:49, ,f1ec18cb75ea63a,[MAY CONTAIN PERSONALLY IDENTIFIABLE INFORMATION], ,[MAY CONTAIN PERSONALLY IDENTIFIABLE INFORMATION], ,[MAY CONTAIN PERSONALLY IDENTIFIABLE INFORMATION], ,Las Vegas, ,NV ,[MAY CONTAIN PERSONALLY IDENTIFIABLE INFORMATION], ,Intersection,Dry,No Unusual Conditions,45, ,Daylight,Y, , , , , , , ,,Passenger Car,No Injuries Reported,Yes,Making Right Turn,No,No, , , , , ,Y, , ,Y, , ,Making Right Turn,No,No,Yes,1, ,Y, , ,Y, , , , , , , , , ,Y, ,Y, , , ,No,, ,No,, ,, ,, ,Yes, ,A Zoox vehicle (Vehicle 1) in autonomy was in the process of making a right turn at a traffic light from westbound [XXX] onto [XXX]. The Zoox vehicle had advanced and then came to a stop as it yielded to cross traffic. Just when the Zoox vehicle began to move again it was rear ended by a passenger car (Vehicle 2) behind. The safety operator disengaged after the collision. The Zoox vehicle sustained minor damage. There were no reported injuries and the police were not called., 