Report ID,Report Version,Reporting Entity,Report Type,Report Month,Report Year,Report Submission Date,VIN,VIN - Unknown,Serial Number,Make,Model,Model - Unknown,Model Year,Model Year - Unknown,Same Vehicle ID,Mileage,Mileage - Unknown,Driver / Operator Type,ADAS/ADS System Version,ADAS/ADS System Version - Unk,ADAS/ADS System Version CBI,ADAS/ADS Hardware Version,ADAS/ADS Hardware Version - Unk,ADAS/ADS Hardware Version CBI,ADAS/ADS Software Version,ADAS/ADS Software Version - Unk,ADAS/ADS Software Version CBI,Other Reporting Entities?,Other Reporting Entities? - Unk,Other Reporting Entities? - NA,Federal Regulatory Exemption?,Other Federal Reg. Exemption,Federal Reg. Exemption - Unk,Federal Reg. Exemption - No,State or Local Permit?,State or Local Permit,ADS Equipped?,Automation System Engaged?,Operating Entity,Operating Entity - Unknown,Source - Complaint/Claim,Source - Telematics,Source - Law Enforcement,Source - Field Report,Source - Testing,Source - Media,Source - Other,Source - Other Text,Incident Date,Incident Date - Unknown,Notice Received Date,Incident Time (24:00),Incident Time - Unknown,Same Incident ID,Latitude,Latitude - Unknown,Longitude,Longitude - Unknown,Address,Address - Unknown,City,City - Unknown,State,Zip Code,Zip Code - Unknown,Roadway Type,Roadway Surface,Roadway Description,Posted Speed Limit (MPH),Posted Speed Limit - Unknown,Lighting,Weather - Clear,Weather - Snow,Weather - Cloudy,Weather - Fog/Smoke,Weather - Rain,Weather - Severe Wind,Weather - Unknown,Weather - Other,Weather - Other Text,Crash With,Highest Injury Severity Alleged,Property Damage?,CP Pre-Crash Movement,CP Any Air Bags Deployed?,CP Was Vehicle Towed?,CP Contact Area - Rear Left,CP Contact Area - Left,CP Contact Area - Front Left,CP Contact Area - Rear,CP Contact Area - Top,CP Contact Area - Front,CP Contact Area - Rear Right,CP Contact Area - Right,CP Contact Area - Front Right,CP Contact Area - Bottom,CP Contact Area - Unknown,SV Pre-Crash Movement,SV Any Air Bags Deployed?,SV Was Vehicle Towed?,SV Were All Passengers Belted?,SV Precrash Speed (MPH),SV Pre-crash Speed - Unknown,SV Contact Area - Rear Left,SV Contact Area - Left,SV Contact Area - Front Left,SV Contact Area - Rear,SV Contact Area - Top,SV Contact Area - Front,SV Contact Area - Rear Right,SV Contact Area - Right,SV Contact Area - Front Right,SV Contact Area - Bottom,SV Contact Area - Unknown,Data Availability - EDR,Data Availability - Police Rpt,Data Availability - Telematics,Data Availability - Complaints,Data Availability - Video,Data Availability - Other,Data Availability - No Data,Data Availability - Unknown,Law Enforcement Investigating?,Investigating Agency,Investigating Agency - Unknown,Rep Ent Or Mfr Investigating?,Investigating Officer Name,Inv. Officer Name - Unknown,Investigating Officer Phone,Inv. Officer Phone - Unknown,Investigating Officer Email,Inv. Officer Email - Unknown,Within ODD?,Within ODD? - CBI,Narrative,Narrative - CBI?
30270-7311,1,Waymo LLC,Monthly,2,2024,MAR-2024,SADHW2S15M1, ,N/A,Jaguar,I-Pace, ,2021, ,c5a24e4de70b2d6,125707, ,None,5th Generation ADS, , ,5th Generation, , ,Version 8, , ,, ,Y,,, ,Y,Yes (specify below),ADOT,Yes,ADS,Waymo LLC, , ,Y, , , , , ,,FEB-2024, ,FEB-2024,18:41, ,26bc72f31433ff8,[MAY CONTAIN PERSONALLY IDENTIFIABLE INFORMATION], ,[MAY CONTAIN PERSONALLY IDENTIFIABLE INFORMATION], ,[MAY CONTAIN PERSONALLY IDENTIFIABLE INFORMATION], ,Phoenix, ,AZ ,[MAY CONTAIN PERSONALLY IDENTIFIABLE INFORMATION], ,Street,Dry,No Unusual Conditions,40, ,Dark - Lighted,Y, , , , , , , ,,SUV,No Injuries Reported,Yes,Proceeding Straight,No,No, , , , , ,Y, , , , , ,Stopped,No,No,No Passengers in Vehicle,0, , , , ,Y, , , , , , , , , ,Y, ,Y,Y, , ,No,, ,Yes,, ,, ,, ,Yes, ,"On February [XXX], 2024 at 6:41 PM MT a Waymo Autonomous Vehicle (""Waymo AV"") operating in Phoenix, Arizona was in a collision involving a passenger car on [XXX] and [XXX]. 
The Waymo AV was stopped at a traffic light on eastbound [XXX] at the intersection with [XXX] and waiting for lead traffic to proceed when a passenger car approached from behind and made contact with the rear of the Waymo AV.  At the time of the impact, the Waymo AV's Level 4 ADS was engaged in autonomous mode.  The Waymo AV sustained damage and the passenger car left the scene.
Waymo is reporting this crash under Request No. 2 of Standing General Order 2021-01.", 
30270-7309,1,Waymo LLC,Monthly,2,2024,MAR-2024,SADHW2S17M1, ,N/A,Jaguar,I-Pace, ,2021, ,8d461142a6059de,103278, ,None,5th Generation ADS, , ,5th Generation, , ,Version 8, , ,, ,Y,,, ,Y,Yes (specify below),ADOT,Yes,ADS,Waymo LLC, , ,Y, , , , , ,,FEB-2024, ,FEB-2024,20:55, ,a055db2eae8befa,[MAY CONTAIN PERSONALLY IDENTIFIABLE INFORMATION], ,[MAY CONTAIN PERSONALLY IDENTIFIABLE INFORMATION], ,[MAY CONTAIN PERSONALLY IDENTIFIABLE INFORMATION], ,Tempe, ,AZ ,[MAY CONTAIN PERSONALLY IDENTIFIABLE INFORMATION], ,Intersection,Dry,No Unusual Conditions,40, ,Dark - Lighted,Y, , , , , , , ,,SUV,No Injuries Reported,Yes,Proceeding Straight,No,No, , , , , ,Y, , , , , ,Stopped,No,No,Yes,0, , , , ,Y, , , , , , , , , ,Y, ,Y,Y, , ,Yes,Tempe Police Department, ,Yes,[MAY CONTAIN PERSONALLY IDENTIFIABLE INFORMATION], ,[MAY CONTAIN PERSONALLY IDENTIFIABLE INFORMATION], ,[MAY CONTAIN PERSONALLY IDENTIFIABLE INFORMATION], ,Yes, ,"On February [XXX], 2024 at 8:55 PM MST a Waymo Autonomous Vehicle (""Waymo AV"") operating in Tempe, Arizona was in a collision involving an SUV on [XXX] at [XXX].
 
The Waymo AV was stopped at a red light on southbound [XXX] at [XXX] when an SUV approached from behind and made contact with the rear of the Waymo AV. At the time of the impact, the Waymo AV's Level 4 ADS was engaged in autonomous mode. The Waymo AV sustained damage and the SUV left the scene.
Waymo is reporting this crash under Request No. 2 of Standing General Order 2021-01.", 
30270-7318,1,Waymo LLC,1-Day,,,MAR-2024,SADHW2S1XM1, ,N/A,Jaguar,I-Pace, ,2021, ,91d45c9bac07dec,122999, ,None,5th Generation ADS, , ,5th Generation, , ,Version 8, , ,, ,Y,,, ,Y,Yes (specify below),ADOT,Yes,ADS,Waymo LLC, , ,Y, , , , , ,,FEB-2024, ,FEB-2024,16:58, ,e41b32d53ecba3c,[MAY CONTAIN PERSONALLY IDENTIFIABLE INFORMATION], ,[MAY CONTAIN PERSONALLY IDENTIFIABLE INFORMATION], ,[MAY CONTAIN PERSONALLY IDENTIFIABLE INFORMATION], ,Phoenix, ,AZ ,[MAY CONTAIN PERSONALLY IDENTIFIABLE INFORMATION], ,Street,Dry,No Unusual Conditions,35, ,Daylight,Y, , , , , , , ,,Passenger Car,No Injuries Reported,Yes,Making Right Turn,No,No, , , , , , , , ,Y, , ,Making Right Turn,No,No,No Passengers in Vehicle,0, , , , ,Y, , ,Y, , , , , , ,Y, ,Y,Y, , ,No,, ,Yes,, ,, ,, ,Yes, ,"On February [XXX], 2024 at 4:58 MT a Waymo Autonomous Vehicle (""Waymo AV"") operating in Phoenix, Arizona was in a collision involving a passenger car on [XXX] and [XXX]. 
The Waymo AV was turning right from eastbound [XXX] onto southbound [XXX] during a green light with the passenger car traveling close behind. The Waymo AV yielded for a pedestrian about to enter the crosswalk facing a ""walk"" signal, and the passenger car made contact with the rear of the Waymo AV.  At the time of the impact, the Waymo AV's Level 4 ADS was engaged in autonomous mode. Both vehicles sustained damage.
Waymo is reporting this crash under Request No. 1 of Standing General Order 2021-01.", 
988-7317,1,PACCAR Incorporated,Monthly,3,2024,MAR-2024,1XPBD49XXPD, ,[MAY CONTAIN PERSONALLY IDENTIFIABLE INFORMATION],Peterbilt,579, ,2023, ,6a9cdbc8a8c9586,108193, ,In-Vehicle (Commercial / Test),"[REDACTED, MAY CONTAIN CONFIDENTIAL BUSINESS INFORMATION]", ,Y,, , ,, , ,"Aurora Operations, Inc.", , ,,, ,Y,No,,Yes,ADS,"Aurora Operations, Inc.", , ,Y, ,Y, , , ,,FEB-2024, ,FEB-2024,14:03, ,40a6c193304ddb4,[MAY CONTAIN PERSONALLY IDENTIFIABLE INFORMATION], ,[MAY CONTAIN PERSONALLY IDENTIFIABLE INFORMATION], ,[MAY CONTAIN PERSONALLY IDENTIFIABLE INFORMATION], ,Streetman, ,TX ,[MAY CONTAIN PERSONALLY IDENTIFIABLE INFORMATION], ,Highway / Freeway,Dry,No Unusual Conditions,75, ,Dawn / Dusk, , ,Y, , , , , ,,Heavy Truck,No Injuries Reported,No,Lane / Road Departure,No,No, , ,Y, , , , , , , , ,Proceeding Straight,No,No,Yes,,Y, , , , , , ,Y, , , , , , ,Y, ,Y, , , ,No,, ,Yes,, ,, ,, ,Yes, ,"This incident occurred near Streetman, TX on [XXX] at approximately 3:03 PM CT on February [XXX], 2024. The Aurora vehicle was operating in autonomy at the time. Conditions were clear. As the Aurora vehicle was driving in its lane at 62 mph, a box truck veered into the lane of the Aurora vehicle. The box truck's mirror appeared to make contact with the back of the trailer that the Aurora Driver was pulling. At this time, we are not aware of any injuries, and camera footage appears to show that the box truck continued to drive. From the post-trip inspection, there was not any visible trailer damage. Before the collision, the Aurora Driver was driving straight in its lane and passing the box truck. Shortly thereafter, the box truck began to encroach into the lane of the Aurora Driver. The Aurora Driver detected the box truck's encroachment into the Aurora vehicle's lane and initiated a nudge away from the box truck to provide space. The Aurora Driver detected the collision and made the decision to initiate an incident response, but before it could execute that response, the Vehicle Operator took over control of the system and proceeded in manual. The Aurora vehicle then re-engaged in autonomy approximately two minutes later. 
The Vehicle Operator did not visually observe the collision, assumed the reaction of the Aurora Driver to be a software anomaly, and reported the vehicle nudge through the standard annotation protocol rather than through the incident response protocols. The incident was identified at approximately 1:03 PM CT on February 2, 2024, through a review of Aurora's data logs.", 
30610-7291,1,"Zoox, Inc.",Monthly,2,2024,MAR-2024,5TDDGRFH1HS, ,N/A,Toyota,Highlander, ,2017, ,18e0636c317f80e,,Y,In-Vehicle (Commercial / Test),203.24.02.11, , ,203.24.02.11, , ,203.24.02.11, , ,, ,Y,,, ,Y,Yes (specify below),NV DMV AVT Permit,Yes,ADS,Zoox, , , , ,Y,Y, , ,,FEB-2024, ,FEB-2024,16:29, ,06b540225fae953,[MAY CONTAIN PERSONALLY IDENTIFIABLE INFORMATION], ,[MAY CONTAIN PERSONALLY IDENTIFIABLE INFORMATION], ,[MAY CONTAIN PERSONALLY IDENTIFIABLE INFORMATION], ,Spring Valley, ,NV ,[MAY CONTAIN PERSONALLY IDENTIFIABLE INFORMATION], ,Intersection,Dry,No Unusual Conditions,35, ,Daylight,Y, , , , , , , ,,Pickup Truck,Minor,Yes,Making Right Turn,No,No, , , , , , , , ,Y, , ,Making Right Turn,No,No,Yes,0, , , , , , , ,Y, , , , , , ,Y, ,Y, , , ,No,, ,No,, ,, ,, ,Yes, ,"A Zoox vehicle in autonomy was stopped, yielding to cross traffic as it attempted to turn right from westbound [XXX] onto northbound [XXX]. As it began to creep forward, it came to a stop to yield to a vehicle turning left onto northbound [XXX]. The safety operator disengaged and continued to brake, when the Zoox vehicle was struck by the vehicle behind. The police were not called. The Zoox vehicle sustained minor damage and the safety operator reported back pain a few hours after the collision.", 
30410-7276,1,Motional,Monthly,2,2024,MAR-2024,PFDKB4AE7RF, ,n/a,Hyundai,Ioniq 5, ,2024, ,f1f9bc844488e5d,338, ,In-Vehicle (Commercial / Test),"[REDACTED, MAY CONTAIN CONFIDENTIAL BUSINESS INFORMATION]", ,Y,"[REDACTED, MAY CONTAIN CONFIDENTIAL BUSINESS INFORMATION]", ,Y,"[REDACTED, MAY CONTAIN CONFIDENTIAL BUSINESS INFORMATION]", ,Y,Hyundai Motor America, , ,Part 591 Exemption granted by permission letter from NHTSA,, , ,Yes (specify below),Nevada,Yes,ADS,Motional, , , , ,Y,Y, , ,,FEB-2024, ,FEB-2024,14:30, ,3ba6e26d74e6f93,[MAY CONTAIN PERSONALLY IDENTIFIABLE INFORMATION], ,[MAY CONTAIN PERSONALLY IDENTIFIABLE INFORMATION], ,[MAY CONTAIN PERSONALLY IDENTIFIABLE INFORMATION], ,Las Vegas, ,NV ,[MAY CONTAIN PERSONALLY IDENTIFIABLE INFORMATION], ,Street,Dry,No Unusual Conditions,35, ,Daylight,Y, , , , , , , ,,Other Fixed Object,No Injuries Reported,No,,,, , , , , , , , , , , ,Changing Lanes,No,No,Yes,15, , , ,Y, , , , , , , , , , , , ,Y, , , ,No,, ,Yes,, ,, ,, ,"[REDACTED, MAY CONTAIN CONFIDENTIAL BUSINESS INFORMATION]",Y,"The Motional vehicle was in autonomous mode, traveling [REDACTED, MAY CONTAIN CONFIDENTIAL BUSINESS INFORMATION], approaching the intersection with the [REDACTED, MAY CONTAIN CONFIDENTIAL BUSINESS INFORMATION]. While moving from the right-most two turn lanes to the left-most turn lane, the front left wheel made contact with a median curb. The safety driver took control of the vehicle and brought it off the curb. There was a minor scuff on the tire, and the vehicle remained driveable. No injuries were reported, and law enforcement was not involved.",Y
30270-7257,1,Waymo LLC,5-Day,,,MAR-2024,SADHW2S12M1, ,N/A,Jaguar,I-Pace, ,2021, ,af3c4fdcb398df9,118480, ,In-Vehicle (Commercial / Test),5th Generation ADS, , ,5th Generation, , ,Version 8, , ,, ,Y,,, ,Y,Yes (specify below),ADOT,Yes,ADS,Waymo LLC, ,Y,Y, , , , , ,,FEB-2024, ,FEB-2024,06:43, ,8fc225c9f30de07,[MAY CONTAIN PERSONALLY IDENTIFIABLE INFORMATION], ,[MAY CONTAIN PERSONALLY IDENTIFIABLE INFORMATION], ,[MAY CONTAIN PERSONALLY IDENTIFIABLE INFORMATION], ,Tempe, ,AZ ,[MAY CONTAIN PERSONALLY IDENTIFIABLE INFORMATION], ,Street,Dry,No Unusual Conditions,35, ,Daylight,Y, , , , , , , ,,Passenger Car,Minor,No,Proceeding Straight,No,No, , , , , ,Y, , , , , ,Stopped,No,Yes,Yes,0, , , , ,Y, , , , , , , , , ,Y, ,Y,Y, , ,No,, ,Yes,, ,, ,, ,Yes, ,"On February [XXX], 2024 at 7:43 AM MT a Waymo Autonomous Vehicle (""Waymo AV"") operating in Tempe, Arizona was in a collision involving a passenger car on [XXX] at [XXX]. 
While the Waymo AV was stopped in a queue of cars at a red light in the leftmost through lane of northbound [XXX], the passenger car behind the Waymo AV proceeded forward from a stop and the front of the passenger car made contact with the rear of the Waymo AV. At the time of the impact, the Waymo's Level 4 ADS was engaged in autonomous mode. Neither vehicle sustained damage, and there were no injuries reported at the time of the collision. Waymo subsequently received notice of an allegation of minor injury from the Waymo passenger.
Waymo is reporting this crash under Request No. 1 because a vehicle involved was towed away, in part to test a new internal process related to vehicle retrievals. Waymo may supplement or correct its reporting with additional information as it may become available.", 
30531-7239,1,Transdev Alternative Services,5-Day,,,MAR-2024,SADHW2S13M1, ,N/A,Jaguar,I-Pace, ,2021, ,992cd0f994a0437,102778, ,In-Vehicle (Commercial / Test),5th Generation ADS, , ,5th Generation, , ,Version 9, , ,Waymo LLC, , ,,, ,Y,Yes (specify below),ADOT,Yes,ADS,Waymo LLC, , ,Y, , , , , ,,FEB-2024, ,FEB-2024,20:08, ,f6229ea9faa4204,[MAY CONTAIN PERSONALLY IDENTIFIABLE INFORMATION], ,[MAY CONTAIN PERSONALLY IDENTIFIABLE INFORMATION], ,[MAY CONTAIN PERSONALLY IDENTIFIABLE INFORMATION], ,Tempe, ,AZ ,[MAY CONTAIN PERSONALLY IDENTIFIABLE INFORMATION], ,Highway / Freeway,Dry,Work Zone,65, ,Dark - Lighted,Y, , , , , , , ,,Passenger Car,Minor,Yes,Proceeding Straight,No,Yes, , ,Y, , ,Y, , ,Y, , ,Proceeding Straight,No,Yes,Yes,9, ,Y, , ,Y, , ,Y, , , , , , ,Y, ,Y,Y, , ,Yes,,Y,Yes,,Y,,Y,,Y,Yes, ,"On February [XXX], 2024 at 7:08 PM PT a Waymo Autonomous Vehicle (""Waymo AV"") operating in Tempe, Arizona was in a collision involving a passenger car on [XXX] at [XXX].
The Waymo AV was traveling southbound on [XXX] when it began to brake as it approached a stack of stopped vehicles ahead.  The Waymo AV test driver transitioned to manual mode and continued to brake when a passenger car traveling behind the Waymo AV then made contact with the rear of the Waymo AV.  At the time of the impact, the Waymo AV's Level 4 ADS was not engaged and a test driver was operating the Waymo AV in manual mode.  Both vehicles sustained damage, and the test driver in the Waymo AV reported a minor injury.
Transdev Alternative Services is reporting this crash under Request No. 1 of Standing General Order 2021-01 because a vehicle involved was towed away.  Transdev may supplement or correct its reporting with additional information as it may become available.  This is a duplicate of report ID 30270-7237-1.", 
30270-7237,1,Waymo LLC,5-Day,,,MAR-2024,SADHW2S13M1, ,N/A,Jaguar,I-Pace, ,2021, ,992cd0f994a0437,102778, ,In-Vehicle (Commercial / Test),5th Generation ADS, , ,5th Generation, , ,Version 9, , ,Transdev Alternative Services, , ,,, ,Y,Yes (specify below),ADOT,Yes,ADS,Waymo LLC, , ,Y, , , , , ,,FEB-2024, ,FEB-2024,20:08, ,f6229ea9faa4204,[MAY CONTAIN PERSONALLY IDENTIFIABLE INFORMATION], ,[MAY CONTAIN PERSONALLY IDENTIFIABLE INFORMATION], ,[MAY CONTAIN PERSONALLY IDENTIFIABLE INFORMATION], ,Tempe, ,AZ ,[MAY CONTAIN PERSONALLY IDENTIFIABLE INFORMATION], ,Highway / Freeway,Dry,Work Zone,65, ,Dark - Lighted,Y, , , , , , , ,,Passenger Car,Minor,Yes,Proceeding Straight,No,Yes, , ,Y, , ,Y, , ,Y, , ,Proceeding Straight,No,Yes,Yes,9, ,Y, , ,Y, , ,Y, , , , , , ,Y, ,Y,Y, , ,Yes,,Y,Yes,,Y,,Y,,Y,Yes, ,"On February [XXX], 2024 at 7:08 PM PT a Waymo Autonomous Vehicle (Waymo AV) operating in Tempe, Arizona was in a collision involving a passenger car on [XXX] at [XXX]. 
The Waymo AV was traveling southbound on [XXX] when it began to brake as it approached a stack of stopped vehicles ahead. The Waymo AV test driver transitioned to manual mode and continued to brake when a passenger car traveling behind the Waymo AV then made contact with the rear of the Waymo AV. At the time of the impact, the Waymo AVs Level 4 ADS was not engaged and a test driver was operating the Waymo AV in manual mode. Both vehicles sustained damage, and the test driver in the Waymo AV reported a minor injury. 
Waymo is reporting this crash under Request No. 1 of Standing General Order 2021-01 because a vehicle involved was towed away. Waymo may supplement or correct its reporting with additional information as it may become available.", 
30270-7164,2,Waymo LLC,Update,,,FEB-2024,SADHW2S18R1, ,N/A,Jaguar,I-Pace, ,2024, ,9a0d14f335c1aa1,1328, ,In-Vehicle (Commercial / Test),5th Generation ADS, , ,5th Generation ADS, , ,Version 8, , ,Transdev Alternative Services, , ,,, ,Y,No,,Yes,ADS,Waymo LLC, , ,Y, , , , , ,,FEB-2024, ,FEB-2024,17:01, ,9c0c60f2cb1f322,[MAY CONTAIN PERSONALLY IDENTIFIABLE INFORMATION], ,[MAY CONTAIN PERSONALLY IDENTIFIABLE INFORMATION], ,[MAY CONTAIN PERSONALLY IDENTIFIABLE INFORMATION], ,Austin, ,TX ,[MAY CONTAIN PERSONALLY IDENTIFIABLE INFORMATION], ,Intersection,Wet,No Unusual Conditions,40, ,Daylight, , ,Y, , , , , ,,Passenger Car,No Injuries Reported,Yes,Proceeding Straight,No,No, , , , , ,Y, , , , , ,Stopped,No,Yes,Yes,0, , , , ,Y, , , , , , , , , ,Y, ,Y,Y, , ,No,, ,Yes,, ,, ,, ,Yes, ,"This report is being submitted to correct a clerical error in the Driver / Operator Type field that was originally reported on February 15, 2024 [REDACTED, MAY CONTAIN CONFIDENTIAL BUSINESS INFORMATION]. Otherwise, the content of this report is unchanged.
On February [XXX], 2024 at 3:01 PM PT a Waymo Autonomous Vehicle (Waymo AV) operating in Austin, Texas was in a collision involving a passenger vehicle on a slip-lane between [XXX] and [XXX].
The Waymo AV was in the slip-lane connecting [XXX] and [XXX], preparing to merge onto northbound [XXX] with a passenger vehicle behind it. As the Waymo AV proceeded forward, actively yielding to approaching traffic, it stopped for additional approaching traffic. The passenger vehicle traveling behind the Waymo AV then made contact with the rear of the Waymo AV. At the time of the impact, the Waymo AVs Level 4 ADS was engaged in autonomous mode. Both vehicles sustained damage.
Waymo is reporting this crash under Request No. 1 of Standing General Order 2021-01 because a vehicle involved was towed away. Waymo may supplement or correct its reporting with additional information as it may become available.", 
30531-7177,1,Transdev Alternative Services,5-Day,,,FEB-2024,SADHW2S18R1, ,N/A,Jaguar,I-Pace, ,2024, ,9a0d14f335c1aa1,1328, ,In-Vehicle and Remote (Commercial / Test),5th Generation ADS, , ,5th Generation ADS, , ,Version 8, , ,Waymo LLC, , ,,, ,Y,No,,Yes,ADS,Waymo LLC, , ,Y, , , , , ,,FEB-2024, ,FEB-2024,17:01, ,9c0c60f2cb1f322,[MAY CONTAIN PERSONALLY IDENTIFIABLE INFORMATION], ,[MAY CONTAIN PERSONALLY IDENTIFIABLE INFORMATION], ,[MAY CONTAIN PERSONALLY IDENTIFIABLE INFORMATION], ,Austin, ,TX ,[MAY CONTAIN PERSONALLY IDENTIFIABLE INFORMATION], ,Intersection,Wet,No Unusual Conditions,40, ,Daylight, , ,Y, , , , , ,,Passenger Car,No Injuries Reported,Yes,Proceeding Straight,No,No, , , , , ,Y, , , , , ,Stopped,No,Yes,Yes,0, , , , ,Y, , , , , , , , , ,Y, ,Y,Y, , ,No,, ,Yes,, ,, ,, ,Yes, ,"On February [XXX], 2024 at 3:01 PM PT a Waymo Autonomous Vehicle (""Waymo AV"") operating in Austin, Texas was in a collision involving a passenger vehicle on a slip-lane between [XXX] and [XXX].
The Waymo AV was in a slip-lane connecting [XXX] and [XXX], preparing to merge onto northbound [XXX] with a passenger vehicle behind it.  As the Waymo AV proceeded forward, actively yielding to approaching traffic, it stopped for additional approaching traffic.  The passenger vehicle traveling behind the Waymo AV the made contact with the rear of the Waymo AV.  At the time of the impact, the Waymo's Level 4 ADS was engaged in autonomous mode.  Both vehicles sustained damage.
Transdev Alternative Services is reporting this crash under Request No. 1 of Standing General Order 2021-01 because a vehicle involved was towed away.  Transdev may supplement or correct its reporting with additional information as it may become available.  This is a duplicate of report ID 30270-7164-1.", 
30531-7176,1,Transdev Alternative Services,Monthly,1,2024,FEB-2024,SADHW2S13M1, ,N/A,Jaguar,I-Pace, ,2021, ,b93816a5e99f9bb,90976, ,In-Vehicle (Commercial / Test),5th Generation, , ,5th Generation, , ,Version 8, , ,Waymo LLC, , ,,, ,Y,Yes (specify below),ADOT,Yes,ADS,Waymo LLC, , ,Y, , , , , ,,JAN-2024, ,JAN-2024,3:07, ,69fffbcf0147ff7,[MAY CONTAIN PERSONALLY IDENTIFIABLE INFORMATION], ,[MAY CONTAIN PERSONALLY IDENTIFIABLE INFORMATION], ,[MAY CONTAIN PERSONALLY IDENTIFIABLE INFORMATION], ,Chandler, ,AZ ,[MAY CONTAIN PERSONALLY IDENTIFIABLE INFORMATION], ,Intersection,Dry,No Unusual Conditions,45, ,Dark - Lighted,Y, , , , , , , ,,SUV,No Injuries Reported,Yes,Proceeding Straight,No,No, , ,Y, , ,Y, , ,Y, , ,Stopped,No,No,No Passengers in Vehicle,0, ,Y, , ,Y, , ,Y, , , , , , ,Y, ,Y,Y, , ,No,, ,Yes,, ,, ,, ,Yes, ,"On January [XXX], 2024 at 2:07 AM PT a Waymo Autonomous Vehicle (""Waymo AV"") operating in Chandler, Arizona was in a collision involving an SUV on [XXX] at [XXX].
The Waymo AV was stopped for a red light on southbound [XXX] when an SUV approached from behind and made contact with the rear of the Waymo AV.  At the time of the impact, the Waymo AV's Level 4 ADS was engaged in autonomous mode, and a test driver was present (in the driver's seating position).  Both vehicles sustained damage.
Transdev Alternative Services is reporting this crash under Request No. 2 of Standing General Order 2021-01. Transdev may supplement or correct its reporting with additional information as it may become available.  This is a duplicate of report ID: 30270-7034-1.", 
30270-7164,1,Waymo LLC,5-Day,,,FEB-2024,SADHW2S18R1, ,N/A,Jaguar,I-Pace, ,2024, ,9a0d14f335c1aa1,1328, ,In-Vehicle and Remote (Commercial / Test),5th Generation ADS, , ,5th Generation ADS, , ,Version 8, , ,Transdev Alternative Services, , ,,, ,Y,No,,Yes,ADS,Waymo LLC, , ,Y, , , , , ,,FEB-2024, ,FEB-2024,17:01, ,9c0c60f2cb1f322,[MAY CONTAIN PERSONALLY IDENTIFIABLE INFORMATION], ,[MAY CONTAIN PERSONALLY IDENTIFIABLE INFORMATION], ,[MAY CONTAIN PERSONALLY IDENTIFIABLE INFORMATION], ,Austin, ,TX ,[MAY CONTAIN PERSONALLY IDENTIFIABLE INFORMATION], ,Intersection,Wet,No Unusual Conditions,40, ,Daylight, , ,Y, , , , , ,,Passenger Car,No Injuries Reported,Yes,Proceeding Straight,No,No, , , , , ,Y, , , , , ,Stopped,No,Yes,Yes,0, , , , ,Y, , , , , , , , , ,Y, ,Y,Y, , ,No,, ,Yes,, ,, ,, ,Yes, ,"On February [XXX], 2024 at 3:01 PM PT a Waymo Autonomous Vehicle (Waymo AV) operating in Austin, Texas was in a collision involving a passenger vehicle on a slip-lane between [XXX] and [XXX].
The Waymo AV was in the slip-lane connecting [XXX] and [XXX], preparing to merge onto northbound [XXX] with a passenger vehicle behind it. As the Waymo AV proceeded forward, actively yielding to approaching traffic, it stopped for additional approaching traffic. The passenger vehicle traveling behind the Waymo AV then made contact with the rear of the Waymo AV. At the time of the impact, the Waymo AVs Level 4 ADS was engaged in autonomous mode. Both vehicles sustained damage.
Waymo is reporting this crash under Request No. 1 of Standing General Order 2021-01 because a vehicle involved was towed away. Waymo may supplement or correct its reporting with additional information as it may become available.", 
30270-6932,2,Waymo LLC,Update,,,FEB-2024,SADHW2S10M1, ,N/A,Jaguar,I-Pace, ,2021, ,2a870b4e4109a7b,101858, ,None,5th Generation, , ,5th Generation, , ,Version 8, , ,, ,Y,,, ,Y,Yes (specify below),ADOT,Yes,ADS,Waymo LLC, , ,Y, , , , , ,,JAN-2024, ,JAN-2024,03:19, ,566bb10e6506178,[MAY CONTAIN PERSONALLY IDENTIFIABLE INFORMATION], ,[MAY CONTAIN PERSONALLY IDENTIFIABLE INFORMATION], ,[MAY CONTAIN PERSONALLY IDENTIFIABLE INFORMATION], ,Phoenix, ,AZ ,[MAY CONTAIN PERSONALLY IDENTIFIABLE INFORMATION], ,Intersection,Dry,No Unusual Conditions,35, ,Dark - Lighted,Y, , , , , , , ,,SUV,Unknown,Yes,Proceeding Straight,Unknown,No, ,Y, , , , , , , , , ,Proceeding Straight,No,Yes,No Passengers in Vehicle,12, , , ,Y, , ,Y, , ,Y, , , , ,Y, ,Y,Y, , ,Yes,Phoenix Police Department, ,Yes,[MAY CONTAIN PERSONALLY IDENTIFIABLE INFORMATION], ,,Y,,Y,Yes, ,"Waymo is submitting an updated version of this report to correct the narratives incorrectly listed year from 2023 to 2024. The initial report was submitted on January 7, 2024 [REDACTED, MAY CONTAIN CONFIDENTIAL BUSINESS INFORMATION]. 
On January [XXX], 2024 at 2:19 AM PT a Waymo Autonomous Vehicle (Waymo AV) operating in Phoenix, Arizona was in a collision involving an SUV on [XXX] at [XXX].
The Waymo AV was traveling northbound on [XXX] and approaching the intersection with [XXX] with a green traffic light. As the Waymo AV approached the intersection, it detected a SUV towing a trailer traveling westbound on [XXX] at a high rate of speed. The Waymo AV braked as the SUV approached and entered the intersection against a red traffic light. The Waymo AV made contact with the driver side of the SUV. At the time of the impact, the Waymo AVs Level 4 ADS was engaged in autonomous mode. The Waymo AV sustained damage and the SUV left the scene.
Waymo is reporting this crash under Request No. 1 of Standing General Order 2021-01 because a vehicle involved was towed away. Waymo may supplement or correct its reporting with additional information as it may become available.", 