Report ID,Report Version,Reporting Entity,Report Type,Report Month,Report Year,Report Submission Date,VIN,VIN - Unknown,Serial Number,Make,Model,Model - Unknown,Model Year,Model Year - Unknown,Same Vehicle ID,Mileage,Mileage - Unknown,Driver / Operator Type,ADAS/ADS System Version,ADAS/ADS System Version - Unk,ADAS/ADS System Version CBI,ADAS/ADS Hardware Version,ADAS/ADS Hardware Version - Unk,ADAS/ADS Hardware Version CBI,ADAS/ADS Software Version,ADAS/ADS Software Version - Unk,ADAS/ADS Software Version CBI,Other Reporting Entities?,Other Reporting Entities? - Unk,Other Reporting Entities? - NA,Federal Regulatory Exemption?,Other Federal Reg. Exemption,Federal Reg. Exemption - Unk,Federal Reg. Exemption - No,State or Local Permit?,State or Local Permit,ADS Equipped?,Automation System Engaged?,Operating Entity,Operating Entity - Unknown,Source - Complaint/Claim,Source - Telematics,Source - Law Enforcement,Source - Field Report,Source - Testing,Source - Media,Source - Other,Source - Other Text,Incident Date,Incident Date - Unknown,Notice Received Date,Incident Time (24:00),Incident Time - Unknown,Same Incident ID,Latitude,Latitude - Unknown,Longitude,Longitude - Unknown,Address,Address - Unknown,City,City - Unknown,State,Zip Code,Zip Code - Unknown,Roadway Type,Roadway Surface,Roadway Description,Posted Speed Limit (MPH),Posted Speed Limit - Unknown,Lighting,Weather - Clear,Weather - Snow,Weather - Cloudy,Weather - Fog/Smoke,Weather - Rain,Weather - Severe Wind,Weather - Unknown,Weather - Other,Weather - Other Text,Crash With,Highest Injury Severity Alleged,Property Damage?,CP Pre-Crash Movement,CP Any Air Bags Deployed?,CP Was Vehicle Towed?,CP Contact Area - Rear Left,CP Contact Area - Left,CP Contact Area - Front Left,CP Contact Area - Rear,CP Contact Area - Top,CP Contact Area - Front,CP Contact Area - Rear Right,CP Contact Area - Right,CP Contact Area - Front Right,CP Contact Area - Bottom,CP Contact Area - Unknown,SV Pre-Crash Movement,SV Any Air Bags Deployed?,SV Was Vehicle Towed?,SV Were All Passengers Belted?,SV Precrash Speed (MPH),SV Pre-crash Speed - Unknown,SV Contact Area - Rear Left,SV Contact Area - Left,SV Contact Area - Front Left,SV Contact Area - Rear,SV Contact Area - Top,SV Contact Area - Front,SV Contact Area - Rear Right,SV Contact Area - Right,SV Contact Area - Front Right,SV Contact Area - Bottom,SV Contact Area - Unknown,Data Availability - EDR,Data Availability - Police Rpt,Data Availability - Telematics,Data Availability - Complaints,Data Availability - Video,Data Availability - Other,Data Availability - No Data,Data Availability - Unknown,Law Enforcement Investigating?,Investigating Agency,Investigating Agency - Unknown,Rep Ent Or Mfr Investigating?,Investigating Officer Name,Inv. Officer Name - Unknown,Investigating Officer Phone,Inv. Officer Phone - Unknown,Investigating Officer Email,Inv. Officer Email - Unknown,Within ODD?,Within ODD? - CBI,Narrative,Narrative - CBI?
30270-7160,1,Waymo LLC,Monthly,1,2024,FEB-2024,SADHW2S10M1, ,N/A,Jaguar,I-Pace, ,2021, ,2bea63531bd865d,,Y,None,5th Generation, , ,5th Generation, , ,Version 8, , ,, ,Y,,, ,Y,Yes (specify below),ADOT,Yes,ADS,Waymo LLC, ,Y, , , , , , ,,JAN-2024, ,JAN-2024,15:51, ,8288654b083d6f8,[MAY CONTAIN PERSONALLY IDENTIFIABLE INFORMATION], ,[MAY CONTAIN PERSONALLY IDENTIFIABLE INFORMATION], ,[MAY CONTAIN PERSONALLY IDENTIFIABLE INFORMATION], ,Scottsdale, ,AZ ,[MAY CONTAIN PERSONALLY IDENTIFIABLE INFORMATION], ,Intersection,Dry,No Unusual Conditions,40, ,Daylight, , ,Y, , , , , ,,"Other, see Narrative",Unknown,Yes,"Other, see Narrative",Unknown,Unknown, , , , , , , , , , ,Y,Making Left Turn,No,No,No Passengers in Vehicle,7, , , , , , , , , , , ,Y, , ,Y, ,Y,Y, , ,No,, ,Yes,, ,, ,, ,Yes, ,"On January [XXX], 2024 at 2:51 PM PT a Waymo Autonomous Vehicle (Waymo AV) operating in Scottsdale, Arizona was alleged to have contributed to a collision involving an SUV and a passenger vehicle on [XXX] at [XXX]. 
The Waymo AV was facing northbound on [XXX] and yielding to cross traffic on [XXX] while preparing to make a left turn to enter the center turn lane onto westbound [XXX], before merging into westbound traffic. Simultaneously, a silver passenger vehicle was stopped in the center turn lane on westbound [XXX], signaling an intent to turn left onto southbound [XXX]. 
When there was clearance to proceed, the Waymo AV started to make its left turn onto westbound [XXX], at which point an SUV that was approaching in the leftmost thru lane on westbound [XXX] began to brake. As the SUV braked, a white passenger vehicle, which had been traveling behind the SUV at a high speed, braked and swerved, making contact with the SUV and possibly with the silver vehicle waiting to turn left in the center left turn lane. No contact was made with the Waymo AV. Waymo is reporting this because there was an allegation that the Waymo AV was involved in this collision, submitted through the Waymo website. At the time of the event, the Waymo AVs Level 4 ADS was engaged in autonomous mode. 
Waymo is reporting this crash under Request No. 2 of Standing General Order 2021-01. Waymo may supplement or correct its reporting with additional information as it may become available.", 
30270-7159,1,Waymo LLC,Monthly,1,2024,FEB-2024,SADHW2S14M1, ,N/A,Jaguar,I-Pace, ,2021, ,198cbd52b165ea7,114229, ,None,5th Generation, , ,5th Generation, , ,Version 8, , ,, ,Y,,, ,Y,Yes (specify below),ADOT,Yes,ADAS,Waymo LLC, , ,Y, , , , , ,,JAN-2024, ,JAN-2024,7:41, ,824979b8339ba57,[MAY CONTAIN PERSONALLY IDENTIFIABLE INFORMATION], ,[MAY CONTAIN PERSONALLY IDENTIFIABLE INFORMATION], ,[MAY CONTAIN PERSONALLY IDENTIFIABLE INFORMATION], ,Tempe, ,AZ ,[MAY CONTAIN PERSONALLY IDENTIFIABLE INFORMATION], ,Intersection,Dry,No Unusual Conditions,40, ,Dawn / Dusk,Y, , , , , , , ,,SUV,No Injuries Reported,Yes,Proceeding Straight,No,No, , ,Y, , ,Y, , ,Y, , ,Stopped,No,No,Yes,0, ,Y, , ,Y, , ,Y, , , , , , ,Y, ,Y,Y, , ,Yes,Tempe Police Department, ,Yes,[MAY CONTAIN PERSONALLY IDENTIFIABLE INFORMATION], ,,Y,,Y,Yes, ,"On January [XXX], 2024 at 7:41 AM PT a Waymo Autonomous Vehicle (Waymo AV) operating in Tempe, Arizona was in a collision involving an SUV on [XXX] at the intersection with the on and off ramps for westbound [XXX]. 
The Waymo AV was stopped in traffic for a red light on southbound [XXX] when an SUV approached from behind and made contact with the rear of the Waymo AV. At the time of the impact, the Waymo AVs Level 4 ADS was engaged in autonomous mode. The Waymo AV sustained damage.
Waymo is reporting this crash under Request No. 2 of Standing General Order 2021-01. Waymo may supplement or correct its reporting with additional information as it may become available.", 
30270-7158,1,Waymo LLC,Monthly,1,2024,FEB-2024,SADHW2S10M1, ,N/A,Jaguar,I-Pace, ,2021, ,f68ec82537e85e7,85993, ,None,5th Generation, , ,5th Generation, , ,Version 8, , ,, ,Y,,, ,Y,Yes (specify below),ADOT,Yes,ADS,Waymo LLC, , ,Y, , , , , ,,JAN-2024, ,JAN-2024,08:57, ,41439f705214d5b,[MAY CONTAIN PERSONALLY IDENTIFIABLE INFORMATION], ,[MAY CONTAIN PERSONALLY IDENTIFIABLE INFORMATION], ,[MAY CONTAIN PERSONALLY IDENTIFIABLE INFORMATION], ,Phoenix, ,AZ ,[MAY CONTAIN PERSONALLY IDENTIFIABLE INFORMATION], ,Intersection,Dry,No Unusual Conditions,35, ,Daylight,Y, , , , , , , ,,SUV,No Injuries Reported,Yes,Backing,Unknown,Unknown, , , , , , ,Y, , , , ,Stopped,No,No,No Passengers in Vehicle,0, , ,Y, , , , , , , , , , , ,Y, ,Y,Y, , ,Yes,,Y,Yes,[MAY CONTAIN PERSONALLY IDENTIFIABLE INFORMATION], ,,Y,,Y,Yes, ,"On January [XXX], 2024 at 7:57 AM PT a Waymo Autonomous Vehicle (Waymo AV) operating in Phoenix, Arizona was in a collision involving an SUV on [XXX] at [XXX]. 
The Waymo AV was stopped at a red light with multiple other vehicles on southbound [XXX] at [XXX], when an SUV with a deflated front driver side tire approached the intersection, traveling westbound on [XXX]. The SUV attempted to make a right turn onto northbound [XXX] at a high rate of speed, and entered the oncoming lanes of traffic where the Waymo AV and other vehicles were stopped at southbound [XXX]. The SUV then made contact with another SUV and a passenger vehicle in the left adjacent lane to the Waymo AV, and pushed the other SUV into the side of the Waymo AV (which was still stationary, waiting at the red light). At the time of the impact, the Waymo AVs Level 4 ADS was engaged in autonomous mode. The three other vehicles sustained damage, but the Waymo AV did not.
Waymo is reporting this crash under Request No. 2 of Standing General Order 2021-01. Waymo may supplement or correct its reporting with additional information as it may become available.", 
30270-7156,1,Waymo LLC,Monthly,1,2024,FEB-2024,SADHW2S15M1, ,N/A,Jaguar,I-Pace, ,2021, ,a716fa442f09994,94478, ,None,5th Generation, , ,5th Generation, , ,Version 8, , ,, ,Y,,, ,Y,Yes (specify below),ADOT,Yes,ADS,Waymo LLC, , ,Y, , , , , ,,JAN-2024, ,JAN-2024,8:24, ,0440e1b9933a311,[MAY CONTAIN PERSONALLY IDENTIFIABLE INFORMATION], ,[MAY CONTAIN PERSONALLY IDENTIFIABLE INFORMATION], ,[MAY CONTAIN PERSONALLY IDENTIFIABLE INFORMATION], ,Phoenix, ,AZ ,[MAY CONTAIN PERSONALLY IDENTIFIABLE INFORMATION], ,Intersection,Dry,No Unusual Conditions,35, ,Daylight,Y, , , , , , , ,,Heavy Truck,No Injuries Reported,Yes,Backing,No,No,Y, , ,Y, , ,Y, , , , ,Stopped,No,No,Yes,0, , , ,Y, , ,Y, , ,Y, , , , ,Y, ,Y,Y, , ,No,, ,Yes,, ,, ,, ,Yes, ,"On January [XXX], 2024, at 7:24 AM PT a Waymo Autonomous Vehicle (Waymo AV) operating in Phoenix, Arizona was in a collision involving a truck on [XXX] and [XXX]. 
The Waymo AV was traveling westbound on [XXX] in the left lane, and came to a stop behind a stopped construction truck. As the Waymo AV came to a stop, the truck began to reverse and then made contact with the Waymo AV. At the time of the impact, the Waymo AVs Level 4 ADS was engaged in autonomous mode. The Waymo AV sustained damage.
Waymo is reporting this crash under Request No. 2 of Standing General Order 2021-01. Waymo may supplement or correct its reporting with additional information as it may become available.", 
30270-7034,1,Waymo LLC,Monthly,1,2024,FEB-2024,SADHW2S13M1, ,N/A,Jaguar,I-Pace, ,2021, ,b93816a5e99f9bb,90976, ,In-Vehicle (Commercial / Test),5th Generation, , ,5th Generation, , ,Version 8, , ,Transdev Alternative Services, , ,,, ,Y,Yes (specify below),ADOT,Yes,ADS,Waymo LLC, , ,Y, , , , , ,,JAN-2024, ,JAN-2024,3:07, ,69fffbcf0147ff7,[MAY CONTAIN PERSONALLY IDENTIFIABLE INFORMATION], ,[MAY CONTAIN PERSONALLY IDENTIFIABLE INFORMATION], ,[MAY CONTAIN PERSONALLY IDENTIFIABLE INFORMATION], ,Chandler, ,AZ ,[MAY CONTAIN PERSONALLY IDENTIFIABLE INFORMATION], ,Intersection,Dry,No Unusual Conditions,45, ,Dark - Lighted,Y, , , , , , , ,,SUV,No Injuries Reported,Yes,Proceeding Straight,No,No, , ,Y, , ,Y, , ,Y, , ,Stopped,No,No,No Passengers in Vehicle,0, ,Y, , ,Y, , ,Y, , , , , , ,Y, ,Y,Y, , ,No,, ,Yes,, ,, ,, ,Yes, ,"On January [XXX], 2024 at 2:07 AM PT a Waymo Autonomous Vehicle (Waymo AV) operating in Chandler, Arizona was in a collision involving an SUV on [XXX] at [XXX].
The Waymo AV was stopped for a red light on southbound [XXX] when an SUV approached from behind and made contact with the rear of the Waymo AV. At the time of the impact, the Waymo AVs Level 4 ADS was engaged in autonomous mode, and a test driver was present (in the drivers seating position). Both vehicles sustained damage.
Waymo is reporting this crash under Request No. 2 of Standing General Order 2021-01. Waymo may supplement or correct its reporting with additional information as it may become available.", 
30530-7141,1,"Aurora Operations, Inc.",Monthly,2,2024,FEB-2024,1XPBD49XXPD, ,N/A,Peterbilt,579, ,2023, ,6a9cdbc8a8c9586,108193, ,In-Vehicle (Commercial / Test),"[REDACTED, MAY CONTAIN CONFIDENTIAL BUSINESS INFORMATION]", ,Y,, , ,, , ,PACCAR Incorporated, , ,,, ,Y,No,,Yes,ADS,"Aurora Operations, Inc.", , ,Y, ,Y, , , ,,FEB-2024, ,FEB-2024,14:03, ,40a6c193304ddb4,[MAY CONTAIN PERSONALLY IDENTIFIABLE INFORMATION], ,[MAY CONTAIN PERSONALLY IDENTIFIABLE INFORMATION], ,[MAY CONTAIN PERSONALLY IDENTIFIABLE INFORMATION], ,Streetman, ,TX ,[MAY CONTAIN PERSONALLY IDENTIFIABLE INFORMATION], ,Highway / Freeway,Dry,No Unusual Conditions,75, ,Dawn / Dusk, , ,Y, , , , , ,,Heavy Truck,No Injuries Reported,No,Lane / Road Departure,No,No, , ,Y, , , , , , , , ,Proceeding Straight,No,No,Yes,62, , , , , , , ,Y, , , , , , ,Y, ,Y, , , ,No,, ,Yes,, ,, ,, ,Yes, ,"This incident occurred near Streetman, TX on [XXX] at approximately 3:03 PM CT on February [XXX], 2024. The Aurora vehicle was operating in autonomy at the time. Conditions were clear. As the Aurora vehicle was driving in its lane at 62 mph, a box truck veered into the lane of the Aurora vehicle. The box truck's mirror appeared to make contact with the back of the trailer that the Aurora Driver was pulling. At this time, we are not aware of any injuries, and camera footage appears to show that the box truck continued to drive. From the post-trip inspection, there was not any visible trailer damage. 
Before the collision, the Aurora Driver was driving straight in its lane and passing the box truck. Shortly thereafter, the box truck began to encroach into the lane of the Aurora Driver. The Aurora Driver detected the box truck's encroachment into the Aurora vehicle's lane and initiated a nudge away from the box truck to provide space. The Aurora Driver detected the collision and made the decision to initiate an incident response, but before it could execute that response, the Vehicle Operator took over control of the system and proceeded in manual. The Aurora vehicle then re-engaged in autonomy approximately two minutes later. 
The Vehicle Operator did not visually observe the collision, assumed the reaction of the Aurora Driver to be a software anomaly, and reported the vehicle nudge through our standard annotation protocol rather than through our incident response protocols. We identified the incident at approximately 1:03 PM CT on February [XXX], 2024 through a review of our data logs.", 
1420-7081,1,"Volkswagen Group of America, Inc.",Monthly,2,2024,FEB-2024,WV2ZZZEB6PH, ,n/a,Volkswagen,ID.Buzz, ,2023, ,356ed66f2e167f3,1562, ,In-Vehicle (Commercial / Test),"[REDACTED, MAY CONTAIN CONFIDENTIAL BUSINESS INFORMATION]", ,Y,"[REDACTED, MAY CONTAIN CONFIDENTIAL BUSINESS INFORMATION]", ,Y,"[REDACTED, MAY CONTAIN CONFIDENTIAL BUSINESS INFORMATION]", ,Y,, ,Y,Part 591 Exemption for certifying manufacturers,, , ,No,,Yes,ADS,ADMT- VWGoA, , , , ,Y,Y, , ,,JAN-2024, ,JAN-2024,9:00, ,a05277be2462827,[MAY CONTAIN PERSONALLY IDENTIFIABLE INFORMATION], ,[MAY CONTAIN PERSONALLY IDENTIFIABLE INFORMATION], ,[MAY CONTAIN PERSONALLY IDENTIFIABLE INFORMATION], ,Austin, ,TX ,[MAY CONTAIN PERSONALLY IDENTIFIABLE INFORMATION], ,Intersection,Dry,No Unusual Conditions,35, ,Daylight,Y, , , , , , , ,,Passenger Car,No Injuries Reported,Unknown,Proceeding Straight,Unknown,Unknown, , , , , ,Y, , , , , ,Stopped,No,No,Yes,0, , , , ,Y, , ,Y, , , , , , , , ,Y, , , ,No,, ,Yes,, ,, ,, ,Yes, ,"The subject vehicle was stopped at a traffic light at the corner of [XXX] and [XXX] (Austin,TX) while traveling westbound on [XXX]  While ADS was engaged, the subject vehicle was stationary, the passenger car behind the subject vehicle proceeded forward from a stationary position and bumped into the rear bumper of the subject vehicle.  The passenger vehicle reversed away from the subject vehicle. The operator of the subject vehicle then turned on the hazard lights, proceeded through the intersection once the light changed to green and turned right onto [REDACTED, MAY CONTAIN CONFIDENTIAL BUSINESS INFORMATION] in order to check for a safe spot to park.  The passenger vehicle, after reversing away from the subject vehicle, did not follow the subject vehicle and instead proceeded to turn right onto [XXX]. Once the operator pulled over they then followed protocol to call in the incident, took photos to document, and waited for manager and service to arrive at the scene to verify the damage. There were no known injuries, airbag deployments, or tow-away of anyone involved.  There was no significant damage to the subject vehicle and it was driven back to the depot to debrief and provide information to incident response team on the incident.", 
30610-7111,1,"Zoox, Inc.",Monthly,1,2024,FEB-2024,5TDDGRFH5HS, ,N/A,Toyota,Highlander, ,2017, ,473ebdf4b3aedda,80742, ,In-Vehicle (Commercial / Test),167.24.01.08, , ,167.24.01.08, , ,167.24.01.08, , ,, ,Y,,, ,Y,Yes (specify below),NV DMV AVT Permit,Yes,ADS,Zoox, , , , ,Y,Y, , ,,JAN-2024, ,JAN-2024,14:19, ,1b11511eb3f2646,[MAY CONTAIN PERSONALLY IDENTIFIABLE INFORMATION], ,[MAY CONTAIN PERSONALLY IDENTIFIABLE INFORMATION], ,[MAY CONTAIN PERSONALLY IDENTIFIABLE INFORMATION], ,Paradise, ,NV ,[MAY CONTAIN PERSONALLY IDENTIFIABLE INFORMATION], ,Intersection,Dry,No Unusual Conditions,35, ,Daylight,Y, , , , , , , ,,Passenger Car,No Injuries Reported,Yes,Proceeding Straight,No,No, , , , , ,Y, , , , , ,Stopped,No,No,Yes,0, , , , ,Y, , , , , , , , , ,Y, ,Y, , , ,No,, ,No,, ,, ,, ,Yes, ,A Zoox vehicle (vehicle 1) in autonomy was stopped at a red traffic light on southbound [XXX] at [XXX] when it was rear-ended at low speed by a passenger car (vehicle 2). There was minor damage to the Zoox vehicle. There were no reported injuries and police were not called. Zoox vehicle camera footage shows that the driver of the passenger car may not have been looking ahead at the roadway prior to and at the time of contact., 
30270-7058,1,Waymo LLC,5-Day,,,FEB-2024,SADHW2S14M1, ,N/A,Jaguar,I-Pace, ,2021, ,09f6e9bd642f040,107479, ,None,5th Generation, , ,5th Generation, , ,Version 8, , ,, ,Y,,, ,Y,Yes (specify below),ADOT,Yes,ADS,Waymo LLC, , ,Y, , , , , ,,JAN-2024, ,JAN-2024,09:03, ,fdf5dff21c3b9d1,[MAY CONTAIN PERSONALLY IDENTIFIABLE INFORMATION], ,[MAY CONTAIN PERSONALLY IDENTIFIABLE INFORMATION], ,[MAY CONTAIN PERSONALLY IDENTIFIABLE INFORMATION], ,Scottsdale, ,AZ ,[MAY CONTAIN PERSONALLY IDENTIFIABLE INFORMATION], ,Parking Lot,Dry,No Unusual Conditions,15, ,Daylight,Y, , , , , , , ,,"Other, see Narrative",No Injuries Reported,Yes,"Other, see Narrative",Not Applicable,Not Applicable, , , , , , , , , , ,Y,Proceeding Straight,No,Yes,Yes,10, , , , , , , ,Y, , , , , , ,Y, ,Y,Y, , ,No,, ,Yes,, ,, ,, ,Yes, ,"On January [XXX], 2024 at 8:03 AM PT a Waymo Autonomous Vehicle (Waymo AV) operating in Scottsdale, Arizona was in a collision involving an automatic gate in an apartment complex parking lot entrance on [XXX] near [XXX].
The Waymo AV attempted to enter the apartment complex parking lot entrance as an automatic gate was closing. As the Waymo AV passed the closing gate, the gate made contact with the rear passenger side corner of the Waymo AV. At the time of the impact, the Waymo AVs Level 4 ADS was engaged in autonomous mode. The Waymo AV sustained damage.
Waymo is reporting this crash under Request No. 1 of Standing General Order 2021-01 because a vehicle involved was towed away. Waymo may supplement or correct its reporting with additional information as it may become available.", 
30270-7048,1,Waymo LLC,5-Day,,,JAN-2024,SADHW2S15M1, ,N/A,Jaguar,I-Pace, ,2021, ,c5c7ecbcc216f2e,112503, ,None,5th Generation, , ,5th Generation, , ,Version 8, , ,, ,Y,,, ,Y,Yes (specify below),ADOT,Yes,ADS,Waymo LLC, , ,Y, , , , , ,,JAN-2024, ,JAN-2024,12:35, ,e5834db4d946bfa,[MAY CONTAIN PERSONALLY IDENTIFIABLE INFORMATION], ,[MAY CONTAIN PERSONALLY IDENTIFIABLE INFORMATION], ,[MAY CONTAIN PERSONALLY IDENTIFIABLE INFORMATION], ,Gilbert, ,AZ ,[MAY CONTAIN PERSONALLY IDENTIFIABLE INFORMATION], ,Parking Lot,Dry,"Other, see Narrative",5, ,Daylight, , ,Y, , , , , ,,"Other, see Narrative",No Injuries Reported,Yes,"Other, see Narrative",Not Applicable,Not Applicable, , , , , , , , , , ,Y,"Other, see Narrative",No,Yes,No Passengers in Vehicle,2, , , , , , , , , ,Y, , , , ,Y, ,Y,Y, , ,No,, ,Yes,, ,, ,, ,Yes, ,"On January [XXX], 2024 at 12:35 PM PT a Waymo Autonomous Vehicle (Waymo AV) operating in Gilbert, Arizona was in an event involving parking lot spikes at a parking lot entrance on [XXX] near [XXX].
The Waymo AV had approached an apartment complex parking lot entrance on [XXX] near [XXX], and encountered a closed gate, preventing access to the parking lot. Next to the closed entrance gate lane was an open exit lane, with parking lot spikes preventing wrong-way access. As the Waymo AV attempted a multi-point turn to exit the parking lot driveway and proceed on [XXX], the front passenger side tire drove over the parking lot spikes and deflated. At the time of the impact, the Waymo AVs Level 4 ADS was engaged in autonomous mode. The Waymo AV sustained damage.
Waymo is reporting this under Request No. 1 of Standing General Order 2021-01 because a vehicle involved was towed away. Waymo may supplement or correct its reporting with additional information as it may become available.", 
31101-7044,2,Avride Inc.,Update,,,JAN-2024,5NPEG4JA0LH, ,[MAY CONTAIN PERSONALLY IDENTIFIABLE INFORMATION],Hyundai,Sonata, ,2020, ,a8e3f4717415d2c,,Y,In-Vehicle (Commercial / Test),"[REDACTED, MAY CONTAIN CONFIDENTIAL BUSINESS INFORMATION]", ,Y,"[REDACTED, MAY CONTAIN CONFIDENTIAL BUSINESS INFORMATION]", ,Y,"[REDACTED, MAY CONTAIN CONFIDENTIAL BUSINESS INFORMATION]", ,Y,Avride Inc. (Yandex), , ,,,Y, ,No,,Yes,ADS,Avride Inc., ,Y, , , , , , ,,OCT-2023, ,JAN-2024,12:50, ,a642239e4ca5b63,[MAY CONTAIN PERSONALLY IDENTIFIABLE INFORMATION], ,[MAY CONTAIN PERSONALLY IDENTIFIABLE INFORMATION], ,[MAY CONTAIN PERSONALLY IDENTIFIABLE INFORMATION], ,Austin, ,TX ,[MAY CONTAIN PERSONALLY IDENTIFIABLE INFORMATION], ,Street,Dry,No Unusual Conditions,30, ,Daylight,Y, , , , , , , ,,Passenger Car,No Injuries Reported,No,Proceeding Straight,No,Yes, , ,Y, , , , , , , , ,Stopped,No,No,Yes,25, , , , , , , ,Y, , , , , ,Y,Y, ,Y, , , ,Yes,Austin Police Department, ,No,[MAY CONTAIN PERSONALLY IDENTIFIABLE INFORMATION], ,,Y,[MAY CONTAIN PERSONALLY IDENTIFIABLE INFORMATION], ,Yes, ,"Our car was moving down the street with approximate speed 25mph when it was tailgated. Our driver was not injured, and the driver in the other car showed no visible injuries. However, she called an ambulance due to her pregnancy. The airbags did not deploy in either vehicle. 
The police report says following:
AFTER VIEWING VIDEO FROM UNIT 2 WEEKS LATER, IT WAS DISCOVERED THAT UNIT 1 WAS TRAVELING EAST ON [XXX] IN THE LEFT LANE. UNIT 2 WAS IN FRONT OF UNIT 1 TRAVELING EAST ON [XXX] IN THE LEFT LANE. UNIT 2 SLOWED TO TURN LEFT INTO A DRIVE WAY. UNIT 1 THEN STRUCK THE BACK RIGHT OF UNIT 2. THIS DIFFERED FROM STATEMENTS GIVEN ON SCENE.
There is also code 44 in the police report, which stays for Followed Too Closely", 
31101-7044,1,Avride Inc.,No New or Updated Incident Reports,10,2023,JAN-2024,, ,,,, ,, , ,, ,,, , ,, , ,, , ,,,,,,,,,,,,, , , , , , , , ,,, ,,, , ,, ,, ,, ,, ,,, ,,,,, ,, , , , , , , , ,,,,,,,, , , , , , , , , , , ,,,,,, , , , , , , , , , , , , , , , , , ,, ,,, ,,, ,, ,, ,, ,, 
30291-7039,1,Nuro,5-Day,,,JAN-2024,JTDKAMFU5N3, ,N/A,Toyota,Prius, ,2022, ,4ff43aee6ffcf26,8963, ,In-Vehicle (Commercial / Test),"[REDACTED, MAY CONTAIN CONFIDENTIAL BUSINESS INFORMATION]", ,Y,"[REDACTED, MAY CONTAIN CONFIDENTIAL BUSINESS INFORMATION]", ,Y,"[REDACTED, MAY CONTAIN CONFIDENTIAL BUSINESS INFORMATION]", ,Y,, ,Y,,, ,Y,No,,Yes,ADS,Nuro, , , , , ,Y, , ,,JAN-2024, ,JAN-2024,10:49, ,5b397bdb94b6ab2,[MAY CONTAIN PERSONALLY IDENTIFIABLE INFORMATION], ,[MAY CONTAIN PERSONALLY IDENTIFIABLE INFORMATION], ,[MAY CONTAIN PERSONALLY IDENTIFIABLE INFORMATION], ,Houston, ,TX ,[MAY CONTAIN PERSONALLY IDENTIFIABLE INFORMATION], ,Street,Dry,No Unusual Conditions,30, ,Daylight,Y, , , , , , , ,,Passenger Car,No Injuries Reported,Yes,Parked,No,Unknown,Y,Y, , , , , , , , , ,Proceeding Straight,No,Yes,Yes,18, , , , , , , , ,Y,Y, , , , ,Y, ,Y, , , ,No,, ,Yes,, ,, ,, ,Yes, ,"On January [XXX], 2024 a Nuro Prius operating in manual mode side-swiped a parked passenger vehicle. The Nuro human operator reported no injuries and the passenger vehicle did not have occupants. No other individuals were involved. The Nuro operator, with assistance from nearby neighbors, was able to contact the vehicle owner and exchange information. The damage to both vehicles was minor, and law enforcement was not contacted.
Upon further review of the incident data the week of January 22, Nuro determined that the Prius was in autonomous mode approximately 25 seconds prior to the incident. There was no evidence that the autonomous operation had any impact on the incident.", 
30531-7022,1,Transdev Alternative Services,Monthly,12,2023,JAN-2024,SADHW2S12M1, ,N/A,Jaguar,I-Pace, ,2021, ,68397cbf53d7d3b,78758, ,In-Vehicle (Commercial / Test),5th Generation ADS, , ,5th Generation, , ,Version 8, , ,Waymo LLC, , ,,, ,Y,Yes (specify below),ADOT,Yes,ADS,Waymo LLC, , ,Y, , , , , ,,DEC-2023, ,DEC-2023,22:23, ,842ae816e7999c5,[MAY CONTAIN PERSONALLY IDENTIFIABLE INFORMATION], ,[MAY CONTAIN PERSONALLY IDENTIFIABLE INFORMATION], ,[MAY CONTAIN PERSONALLY IDENTIFIABLE INFORMATION], ,Tempe, ,AZ ,[MAY CONTAIN PERSONALLY IDENTIFIABLE INFORMATION], ,Intersection,Dry,No Unusual Conditions,45, ,Dark - Lighted,Y, , , , , , , ,,SUV,No Injuries Reported,Yes,Proceeding Straight,No,No, , , , , , , , ,Y, , ,Proceeding Straight,No,No,No Passengers in Vehicle,3, , , , ,Y, , , , , , , , , ,Y, ,Y,Y, , ,Yes,Tempe PD, ,Yes,,Y,,Y,,Y,Yes, ,"On December [XXX], 2023 at 10:23 PM PT a Waymo Autonomous Vehicle (""Waymo AV"") operating in Tempe, Arizona was in a collision involving an SUV on [XXX] at [XXX].
The Waymo AV was stopped behind a motorcycle at a red light heading southeast on [XXX] as it approached the intersection at [XXX].  While the traffic light was still red, the motorcycle moved forward, and the Waymo AV slowly nudged closer to the stop line.  An SUV approached from behind and made contact with the rear of the Waymo AV.  At the time of the impact, the Waymo AV's Level 4 ADS was engaged in autonomous mode, and a test driver was present (in the driver's seating position).  Both vehicles sustained damage, and the SUV left the scene without exchanging information.
Transdev Alternative Services is reporting this crash under Request No. 2 of Standing General Order 2021-01.  Transdev may supplement or correct its reporting with additional information as it may become available.", 
30270-7020,1,Waymo LLC,Monthly,12,2023,JAN-2024,SADHW2S1XM1, ,N/A,Jaguar,I-Pace, ,2021, ,91d45c9bac07dec,104891, ,None,5th Generation ADS, , ,5th Generation, , ,Version 8, , ,, ,Y,,, ,Y,Yes (specify below),ADOT						,Yes,ADS,Waymo LLC, , ,Y, , , , , ,,DEC-2023, ,DEC-2023,16:32, ,ba7282020c2e5be,[MAY CONTAIN PERSONALLY IDENTIFIABLE INFORMATION], ,[MAY CONTAIN PERSONALLY IDENTIFIABLE INFORMATION], ,[MAY CONTAIN PERSONALLY IDENTIFIABLE INFORMATION], ,Tempe, ,AZ ,[MAY CONTAIN PERSONALLY IDENTIFIABLE INFORMATION], ,Parking Lot,Dry,No Unusual Conditions,15, ,Daylight,Y, , , , , , , ,,SUV,No Injuries Reported,Yes,Backing,No,No,Y, , , , , , , , , , ,Stopped,No,No,Yes,0, ,Y, , ,Y, , ,Y, , , , , , ,Y, ,Y,Y, , ,No,, ,Yes,, ,, ,, ,Yes, ,"On December [XXX], 2023 at 4:32 PM PT a Waymo Autonomous Vehicle (Waymo AV) operating in Tempe, Arizona was in a collision involving an SUV inside a parking lot on [XXX] near [XXX].  
The Waymo AV was stopped near the entrance of the parking lot, yielding to pedestrians crossing in front of it, when an SUV that was parked in a parking spot to the right of the Waymo AV began reversing. The drivers side rear of the SUV then made contact with the rear of the Waymo AV. At the time of the impact, the Waymo AVs Level 4 ADS was engaged in autonomous mode. The Waymo AV sustained damage. 
Waymo is reporting this crash under Request No. 2 of Standing General Order 2021-01. Waymo may supplement or correct its reporting with additional information as it may become available.", 