Report ID,Report Version,Reporting Entity,Report Type,Report Month,Report Year,Report Submission Date,VIN,VIN - Unknown,Serial Number,Make,Model,Model - Unknown,Model Year,Model Year - Unknown,Same Vehicle ID,Mileage,Mileage - Unknown,Driver / Operator Type,ADAS/ADS System Version,ADAS/ADS System Version - Unk,ADAS/ADS System Version CBI,ADAS/ADS Hardware Version,ADAS/ADS Hardware Version - Unk,ADAS/ADS Hardware Version CBI,ADAS/ADS Software Version,ADAS/ADS Software Version - Unk,ADAS/ADS Software Version CBI,Other Reporting Entities?,Other Reporting Entities? - Unk,Other Reporting Entities? - NA,Federal Regulatory Exemption?,Other Federal Reg. Exemption,Federal Reg. Exemption - Unk,Federal Reg. Exemption - No,State or Local Permit?,State or Local Permit,ADS Equipped?,Automation System Engaged?,Operating Entity,Operating Entity - Unknown,Source - Complaint/Claim,Source - Telematics,Source - Law Enforcement,Source - Field Report,Source - Testing,Source - Media,Source - Other,Source - Other Text,Incident Date,Incident Date - Unknown,Notice Received Date,Incident Time (24:00),Incident Time - Unknown,Same Incident ID,Latitude,Latitude - Unknown,Longitude,Longitude - Unknown,Address,Address - Unknown,City,City - Unknown,State,Zip Code,Zip Code - Unknown,Roadway Type,Roadway Surface,Roadway Description,Posted Speed Limit (MPH),Posted Speed Limit - Unknown,Lighting,Weather - Clear,Weather - Snow,Weather - Cloudy,Weather - Fog/Smoke,Weather - Rain,Weather - Severe Wind,Weather - Unknown,Weather - Other,Weather - Other Text,Crash With,Highest Injury Severity Alleged,Property Damage?,CP Pre-Crash Movement,CP Any Air Bags Deployed?,CP Was Vehicle Towed?,CP Contact Area - Rear Left,CP Contact Area - Left,CP Contact Area - Front Left,CP Contact Area - Rear,CP Contact Area - Top,CP Contact Area - Front,CP Contact Area - Rear Right,CP Contact Area - Right,CP Contact Area - Front Right,CP Contact Area - Bottom,CP Contact Area - Unknown,SV Pre-Crash Movement,SV Any Air Bags Deployed?,SV Was Vehicle Towed?,SV Were All Passengers Belted?,SV Precrash Speed (MPH),SV Pre-crash Speed - Unknown,SV Contact Area - Rear Left,SV Contact Area - Left,SV Contact Area - Front Left,SV Contact Area - Rear,SV Contact Area - Top,SV Contact Area - Front,SV Contact Area - Rear Right,SV Contact Area - Right,SV Contact Area - Front Right,SV Contact Area - Bottom,SV Contact Area - Unknown,Data Availability - EDR,Data Availability - Police Rpt,Data Availability - Telematics,Data Availability - Complaints,Data Availability - Video,Data Availability - Other,Data Availability - No Data,Data Availability - Unknown,Law Enforcement Investigating?,Investigating Agency,Investigating Agency - Unknown,Rep Ent Or Mfr Investigating?,Investigating Officer Name,Inv. Officer Name - Unknown,Investigating Officer Phone,Inv. Officer Phone - Unknown,Investigating Officer Email,Inv. Officer Email - Unknown,Within ODD?,Within ODD? - CBI,Narrative,Narrative - CBI?
30270-6883,1,Waymo LLC,5-Day,,,DEC-2023,SADHW2S16M1, ,N/A,Jaguar,I-Pace, ,2021, ,539ccc1f53d0028,96115, ,None,5th Generation ADS, , ,5th Generation ADS, , ,Version 8, , ,, ,Y,,, ,Y,Yes (specify below),ADOT,Yes,ADS,Waymo LLC, , ,Y, , , , , ,,DEC-2023, ,DEC-2023,16:51, ,b06da15f7810658,[MAY CONTAIN PERSONALLY IDENTIFIABLE INFORMATION], ,[MAY CONTAIN PERSONALLY IDENTIFIABLE INFORMATION], ,[MAY CONTAIN PERSONALLY IDENTIFIABLE INFORMATION], ,Scottsdale, ,AZ ,[MAY CONTAIN PERSONALLY IDENTIFIABLE INFORMATION], ,Intersection,Dry,No Unusual Conditions,40, ,Daylight,Y, , , , , , , ,,Van,Minor,Yes,Making Left Turn,No,No, , ,Y, , , , , , , , ,Stopped,No,Yes,Yes,0, , , , ,Y, , , , , , , , , ,Y, ,Y,Y, , ,Unknown,,Y,Yes,,Y,,Y,,Y,Yes, ,"On December [XXX], 2023 at 3:51 PM PT a Waymo Autonomous Vehicle (Waymo AV) operating in Scottsdale, Arizona was in a collision involving a van on [XXX] at [XXX].
The Waymo AV was stopped for a red light in a dedicated left turn lane on southbound [XXX] at  [XXX], preparing to make a left turn onto eastbound [XXX]. At this intersection, this traffic light had four bulbs, with the bottom-most bulb being both a green and yellow bulb for a protected left sequence. When the bottom bulb turned green for a protected left, the two vehicles in front of the Waymo AV proceeded, and as the Waymo AV approached, the traffic light began to change sequence to become an unprotected left turn, with the green arrow bulb turning to a yellow arrow. The Waymo AV braked and came to a stop past the crosswalk, but before entering the intersection (as defined in Arizona). As the Waymo AV came to a stop, a van approached from behind and made contact with the rear of the Waymo AV. At the time of the impact, the Waymo AVs Level 4 ADS was engaged in autonomous mode. Both vehicles sustained damage, and the passenger in the Waymo AV reported a minor injury. 
Waymo is reporting this crash under Request No. 1 of Standing General Order 2021-01 because a vehicle involved was towed away. Waymo may supplement or correct its reporting with additional information as it may become available.", 
30270-6878,1,Waymo LLC,5-Day,,,DEC-2023,SADHW2S13M1, ,N/A,Jaguar,I-Pace, ,2021, ,2bc386425b4790d,102570, ,None,5th Generation, , ,5th Generation, , ,Version 8, , ,, ,Y,,, ,Y,Yes (specify below),ADOT,Yes,ADS,Waymo LLC, , ,Y, , , , , ,,DEC-2023, ,DEC-2023,10:27, ,d00fab0f8ffb207,[MAY CONTAIN PERSONALLY IDENTIFIABLE INFORMATION], ,[MAY CONTAIN PERSONALLY IDENTIFIABLE INFORMATION], ,[MAY CONTAIN PERSONALLY IDENTIFIABLE INFORMATION], ,Phoenix, ,AZ ,[MAY CONTAIN PERSONALLY IDENTIFIABLE INFORMATION], ,Intersection,Dry,No Unusual Conditions,35, ,Daylight,Y, , , , , , , ,,Pickup Truck,No Injuries Reported,Yes,"Other, see Narrative",No,No, , ,Y, , ,Y, , , , , ,Proceeding Straight,No,Yes,No Passengers in Vehicle,23, , , ,Y, , ,Y, , , , , , , ,Y, ,Y,Y, , ,Yes,Phoenix Police Department, ,Yes,[MAY CONTAIN PERSONALLY IDENTIFIABLE INFORMATION], ,,Y,,Y,Yes, ,"On December [XXX], 2023 at 10:27 AM PT a Waymo Autonomous Vehicle (Waymo AV) operating in Phoenix, Arizona was in a collision involving a pickup truck being towed on [XXX] at [XXX]. 
The Waymo AV was traveling eastbound on [XXX] in the left lane, with a center left turn lane to the adjacent left, and one lane to the right. The Waymo AV approached a pickup truck being towed backwards and at an angle. The truck towing the pickup truck was traveling straight in the middle turn lane, also traveling eastbound on [XXX], and the pickup truck being towed was partially in the same lane as the Waymo AV and partially in the middle turn lane. As the Waymo AV and combination vehicle approached [XXX], the front left of the Waymo AV made contact with the pickup truck being towed. At the time of the impact, the Waymo AVs Level 4 ADS was engaged in autonomous mode. The Waymo AV and the pickup truck sustained damage. Several minutes prior, a second collision occurred between another Waymo AV and the pickup being towed, which will be included in the monthly submission. 
Waymo is reporting this crash under Request No. 1 of Standing General Order 2021-01 because a vehicle involved was towed away as a result of the crash. Waymo may supplement or correct its reporting with additional information as it may become available.", 
30531-6863,1,Transdev Alternative Services,Monthly,11,2023,DEC-2023,SADHW2S19M1, ,N/A,Jaguar,I-Pace, ,2021, ,0d3e2d7733ecaee,53528, ,In-Vehicle (Commercial / Test),5th Generation, , ,5th Generation, , ,Version 8, , ,Waymo LLC, , ,,, ,Y,No,,Yes,ADS,Waymo LLC, , ,Y, , , , , ,,NOV-2023, ,NOV-2023,04:06, ,8298ed805404448,[MAY CONTAIN PERSONALLY IDENTIFIABLE INFORMATION], ,[MAY CONTAIN PERSONALLY IDENTIFIABLE INFORMATION], ,[MAY CONTAIN PERSONALLY IDENTIFIABLE INFORMATION], ,Austin, ,TX ,[MAY CONTAIN PERSONALLY IDENTIFIABLE INFORMATION], ,Intersection,Dry,No Unusual Conditions,30, ,Dark - Lighted,Y, , , , , , , ,,Pickup Truck,No Injuries Reported,Yes,Proceeding Straight,No,No, , , , , , , , ,Y, , ,Stopped,No,No,Yes,0, ,Y, , , , , , , , , , , , ,Y, ,Y,Y, , ,No,, ,Yes,, ,, ,, ,Yes, ,"On November [XXX], 2023 at 4:06 AM PT a Waymo Autonomous Vehicle (""Waymo AV"") operating in Austin, Texas was in a collision involving a pickup truck on [XXX] at [XXX].
The Waymo AV was traveling southbound on [XXX] and stopped at a red light on [XXX], preparing to make a right turn onto southbound [XXX].  A pickup truck approached from behind and made contact with the rear of the Waymo AV.  At the time of the impact, the Waymo AV's Level 4 ADS was engaged in autonomous mode, and a test driver was present (in the driver's seating position). Both vehicles sustained damage.
Transdev Alternative Services is reporting this crash under Request No. 2 of Standing General Order 2021-01.  Transdev may supplement or correct its reporting in the future.  This report is a duplicate of report ID 30270-6853-1.", 
30270-6854,1,Waymo LLC,Monthly,11,2023,DEC-2023,SADHW2S10M1, ,N/A,Jaguar,I-Pace, ,2021, ,81a0d3e9200c69c,77212, ,None,5th Generation, , ,5th Generation, , ,Version 8, , ,, ,Y,,, ,Y,Yes (specify below),ADOT,Yes,ADS,Waymo LLC, , ,Y, , , , , ,,NOV-2023, ,NOV-2023,21:36, ,e338e867dca2386,[MAY CONTAIN PERSONALLY IDENTIFIABLE INFORMATION], ,[MAY CONTAIN PERSONALLY IDENTIFIABLE INFORMATION], ,[MAY CONTAIN PERSONALLY IDENTIFIABLE INFORMATION], ,Tempe, ,AZ ,[MAY CONTAIN PERSONALLY IDENTIFIABLE INFORMATION], ,Parking Lot,Dry,No Unusual Conditions,15, ,Dark - Lighted,Y, , , , , , , ,,"Other, see Narrative",No Injuries Reported,Yes,"Other, see Narrative",Not Applicable,Not Applicable, , , , , , , , , , ,Y,Proceeding Straight,No,No,Yes,10, , , , , , , ,Y, , , , , , ,Y, ,Y,Y, , ,No,, ,Yes,, ,, ,, ,Yes, ,"On November [XXX], 2023 at 8:36 PM PT a Waymo Autonomous Vehicle (Waymo AV) operating in Tempe, Arizona was in a collision involving an automatic gate at [XXX].
The Waymo AV was traveling northbound through a parking lot at an apartment complex, heading toward [XXX]. An automatic gate was closing as the Waymo AV approached, and the gate made contact with the rear side sensors of the Waymo AV. At the time of the impact, the Waymo AVs Level 4 ADS was engaged in autonomous mode. The Waymo AV sustained damage.
Waymo is reporting this crash under Request No. 2 of Standing General Order 2021-01. Waymo may supplement or correct its reporting with additional information as it may become available.", 
988-6859,1,PACCAR Incorporated,Monthly,12,2023,DEC-2023,1XPBD49X6PD, ,[MAY CONTAIN PERSONALLY IDENTIFIABLE INFORMATION],Peterbilt,579, ,2023, ,eef7ddcb9ef4832,83468, ,In-Vehicle (Commercial / Test),"[REDACTED, MAY CONTAIN CONFIDENTIAL BUSINESS INFORMATION]", ,Y,, , ,, , ,"Aurora Operations, Inc.", , ,,, ,Y,No,,Yes,ADS,"Aurora Operations, Inc.", , ,Y, ,Y, , , ,,NOV-2023, ,DEC-2023,09:56, ,460289782aa5d13,[MAY CONTAIN PERSONALLY IDENTIFIABLE INFORMATION], ,[MAY CONTAIN PERSONALLY IDENTIFIABLE INFORMATION], ,[MAY CONTAIN PERSONALLY IDENTIFIABLE INFORMATION], ,Ranger, ,TX ,[MAY CONTAIN PERSONALLY IDENTIFIABLE INFORMATION], ,Highway / Freeway,Wet,No Unusual Conditions,75, ,Daylight, , , , ,Y, , , ,,Pickup Truck,No Injuries Reported,Yes,Lane / Road Departure,Unknown,Unknown, , ,Y, , , , , , , , ,Proceeding Straight,No,No,Yes,67, , , , , , , , ,Y, , , , , ,Y, ,Y,Y, , ,No,, ,Yes,, ,, ,, ,Yes, ,"Reference: Aurora Operations, Inc. NHTSA-Provided Report # 30530-6818-1
This incident occurred near Ranger, TX on [XXX]  approximately 9:56 am CT on November [XXX], 2023. The Aurora vehicle was operating in autonomy at the time. Conditions were overcast, with light rain. As the Aurora vehicle was driving in its lane at 67 mph, a Ford pick-up truck overtaking the Aurora vehicle in the rightmost lane at approximately 80 mph appears to have hydroplaned, lost control, and hit the passenger-side rear portion of the trailer. 
Before the collision, the Aurora Driver detected the pick-up truck's encroachment into the Aurora vehicle's lane and initiated a nudge to the left to provide space. This was insufficient to completely avoid the collision, and the pickup truck made contact with the passenger side rear of the trailer. The Aurora Driver detected the collision and made the decision to initiate an incident response, but before it could execute that response, the Vehicle Operator took over control of the system and proceeded in manual. The Vehicle Operator received the notification that a collision had been detected and was initiating an incident response. The Vehicle Operator did not visually observe the collision and therefore assumed the reaction of the Aurora Driver to be a software anomaly worth escalated attention, rather than the correct detection of a collision and thus reported the incident through our escalated annotation protocol, rather than through our incident response protocols. We identified the incident at approximately 8:45 am CT on December [XXX], 2023 through a review of our data logs.
At this time, we are not aware of any injuries and, from camera footage, the pick-up truck also appears to have left the scene of the incident. There is also no indication of any cargo or major trailer damage.", 
30270-6853,1,Waymo LLC,Monthly,11,2023,DEC-2023,SADHW2S19M1, ,N/A,Jaguar,I-Pace, ,2021, ,0d3e2d7733ecaee,53528, ,In-Vehicle (Commercial / Test),5th Generation, , ,5th Generation, , ,Version 8, , ,Transdev Alternative Services, , ,,, ,Y,No,,Yes,ADS,Waymo LLC, , ,Y, , , , , ,,NOV-2023, ,NOV-2023,04:06, ,8298ed805404448,[MAY CONTAIN PERSONALLY IDENTIFIABLE INFORMATION], ,[MAY CONTAIN PERSONALLY IDENTIFIABLE INFORMATION], ,[MAY CONTAIN PERSONALLY IDENTIFIABLE INFORMATION], ,Austin, ,TX ,[MAY CONTAIN PERSONALLY IDENTIFIABLE INFORMATION], ,Intersection,Dry,No Unusual Conditions,30, ,Dark - Lighted,Y, , , , , , , ,,Pickup Truck,No Injuries Reported,Yes,Proceeding Straight,No,No, , , , , , , , ,Y, , ,Stopped,No,No,Yes,0, ,Y, , , , , , , , , , , , ,Y, ,Y,Y, , ,No,, ,Yes,, ,, ,, ,Yes, ,"On November [XXX], 2023 at 4:06 AM PT a Waymo Autonomous Vehicle (Waymo AV) operating in Austin, Texas was in a collision involving a pickup truck on [XXX] at [XXX].
The Waymo AV was traveling southbound on [XXX] and stopped at a red light on [XXX], preparing to make a right turn onto southbound [XXX]. A pickup truck approached from behind and made contact with the rear of the Waymo AV. At the time of the impact, the Waymo AVs Level 4 ADS was engaged in autonomous mode, and a test driver was present (in the drivers seating position). Both vehicles sustained damage.
Waymo is reporting this crash under Request No. 2 of Standing General Order 2021-01. Waymo may supplement or correct its reporting with additional information as it may become available.", 
30270-6838,1,Waymo LLC,Monthly,11,2023,DEC-2023,SADHW2S19M1, ,N/A,Jaguar,I-Pace, ,2021, ,fcda46c5029adeb,52707, ,None,5th Generation ADS, , ,5th Generation ADS, , ,Version 8, , ,, ,Y,,, ,Y,Yes (specify below),ADOT,Yes,ADS,Waymo LLC, , ,Y, , , , , ,,NOV-2023, ,NOV-2023,10:09, ,fbd3aaf3ba0e312,[MAY CONTAIN PERSONALLY IDENTIFIABLE INFORMATION], ,[MAY CONTAIN PERSONALLY IDENTIFIABLE INFORMATION], ,[MAY CONTAIN PERSONALLY IDENTIFIABLE INFORMATION], ,Tempe, ,AZ ,[MAY CONTAIN PERSONALLY IDENTIFIABLE INFORMATION], ,Parking Lot,Dry,No Unusual Conditions,5, ,Daylight,Y, , , , , , , ,,"Other, see Narrative",No Injuries Reported,Yes,"Other, see Narrative",Not Applicable,Not Applicable, , , , , , , , , , ,Y,Proceeding Straight,No,No,No Passengers in Vehicle,2, , , ,Y, , ,Y, , ,Y, , , , ,Y, ,Y,Y, , ,No,, ,Yes,, ,, ,, ,Yes, ,"On November [XXX] , 2023 at 10:09 AM PT a Waymo Autonomous Vehicle (Waymo AV) operating in Tempe, Arizona was in a collision involving a chain in a parking lot at [XXX].
The Waymo AV was traveling in a parking lot at [XXX] when it made contact with a hanging chain separating a section of the parking lot. At the time of the impact, the Waymo AVs Level 4 ADS was engaged in autonomous mode. The Waymo AV sustained damage.
Waymo is reporting this crash under Request No. 2 of Standing General Order 2021-01. Waymo may supplement or correct its reporting with additional information as it may become available.", 
30530-6818,1,"Aurora Operations, Inc.",Monthly,12,2023,DEC-2023,1XPBD49X6PD, ,N/A,Peterbilt,579, ,2023, ,eef7ddcb9ef4832,83468, ,In-Vehicle (Commercial / Test),"[REDACTED, MAY CONTAIN CONFIDENTIAL BUSINESS INFORMATION]", ,Y,, , ,, , ,PACCAR Incorporated, , ,,, ,Y,No,,Yes,ADS,"Aurora Operations, Inc.", , ,Y, ,Y, , , ,,NOV-2023, ,DEC-2023,09:56, ,460289782aa5d13,[MAY CONTAIN PERSONALLY IDENTIFIABLE INFORMATION], ,[MAY CONTAIN PERSONALLY IDENTIFIABLE INFORMATION], ,[MAY CONTAIN PERSONALLY IDENTIFIABLE INFORMATION], ,Ranger, ,TX ,[MAY CONTAIN PERSONALLY IDENTIFIABLE INFORMATION], ,Highway / Freeway,Wet,No Unusual Conditions,75, ,Daylight, , , , ,Y, , , ,,Pickup Truck,No Injuries Reported,Yes,Lane / Road Departure,Unknown,Unknown, , ,Y, , , , , , , , ,Proceeding Straight,No,No,Yes,67, , , , , , , , ,Y, , , , , ,Y, ,Y,Y, , ,No,, ,Yes,, ,, ,, ,Yes, ,"This incident occurred near Ranger, TX on [XXX] at approximately 9:56 am CT on Nov. [XXX], 2023. The Aurora vehicle was operating in autonomy at the time. Conditions were overcast, with light rain. As the Aurora vehicle was driving in its lane at 67 mph, a Ford pick-up truck overtaking the Aurora vehicle in the rightmost lane at approximately 80 mph appears to have hydroplaned, lost control, and hit the passenger-side rear portion of the trailer. Before the collision, the Aurora Driver detected the pick-up trucks encroachment into the Aurora vehicles lane and initiated a nudge to the left to provide space. This was insufficient to completely avoid the collision, and the pick-up truck made contact with the passenger side rear of the trailer. The Aurora Driver detected the collision and made the decision to initiate an incident response, but before it could execute that response, the Vehicle Operator took over control of the system and proceeded in manual. The Vehicle Operator received the notification that a collision had been detected and was initiating an incident response. The Vehicle Operator did not visually observe the collision and therefore assumed the reaction of the Aurora Driver to be a software anomaly worth escalated attention, rather than the correct detection of a collision and thus reported the incident through our escalated annotation protocol, rather than through our incident response protocols. We identified the incident at approximately 8:45 am CT on December [XXX], 2023, through a review of our data logs. 
At this time, we are not aware of any injuries and, from camera footage, the pick-up truck also appears to have left the scene of the incident. There is also no indication of any cargo or major trailer damage.", 
30490-6821,1,"Beep, Inc.",Monthly,11,2023,DEC-2023,VG9A2CB2CJV, ,[MAY CONTAIN PERSONALLY IDENTIFIABLE INFORMATION],Navya,ARMA, ,2020, ,166df047b432dec,,Y,In-Vehicle (Commercial / Test),7.3.1, , ,,Y, ,7.3.1, , ,NAVYA Inc., , ,Other Federal Exemption or Exception (specify below),NHTSA BOX-7 , , ,No,,Yes,ADS,Beep Inc., , ,Y,Y,Y, , , ,,NOV-2023, ,NOV-2023,11:02, ,528bba0c1e9460a,[MAY CONTAIN PERSONALLY IDENTIFIABLE INFORMATION], ,[MAY CONTAIN PERSONALLY IDENTIFIABLE INFORMATION], ,[MAY CONTAIN PERSONALLY IDENTIFIABLE INFORMATION], ,Orlando, ,FL ,[MAY CONTAIN PERSONALLY IDENTIFIABLE INFORMATION], ,Intersection,Dry,No Unusual Conditions,25, ,Daylight,Y, , , , , , , ,,Bus,No Injuries Reported,Yes,Making Right Turn,No,No, , , , , , ,Y,Y, , , ,Making Left Turn,No,Yes,Yes,6, , , ,Y, , ,Y, , , , , , ,Y,Y, ,Y, , , ,Yes,Orlando Police Department, ,Yes,[MAY CONTAIN PERSONALLY IDENTIFIABLE INFORMATION], ,[MAY CONTAIN PERSONALLY IDENTIFIABLE INFORMATION], ,,Y,Yes, ,"At approximately 11:02 a.m. on Saturday, November [XXX], 2023, at [XXX] near [XXX] in the City of Orlando, a Beep-operated autonomous shuttle (P139) was involved in a collision with a City of Orlando LYNX bus resulting in moderate damage to the shuttle and minor damage to the Lynx bus. There were no injuries reported. Local police responded to the scene and conducted a traffic investigation. The Beep shuttle was towed from the scene for transport to the maintenance facility. The LYNX bus did not require towing and drove from the scene.
Monthly update to previously submitted report 30490-6590-1.", 
669-6808,1,Hyundai Motor America,5-Day,,,DEC-2023,KMHCBACB9H1, ,N/A,Hyundai,IONIQ 5, ,2022, ,e3e4516cdf04334,609, ,In-Vehicle (Commercial / Test),"[REDACTED, MAY CONTAIN CONFIDENTIAL BUSINESS INFORMATION]", ,Y,"[REDACTED, MAY CONTAIN CONFIDENTIAL BUSINESS INFORMATION]", ,Y,"[REDACTED, MAY CONTAIN CONFIDENTIAL BUSINESS INFORMATION]", ,Y,Motional, , ,Part 591 Exemption granted by permission letter from NHTSA,, , ,Yes (specify below),Nevada,Yes,ADS,Motional, , , , , , , ,Y,Notice from operating entity,DEC-2023, ,DEC-2023,13:24, ,670484ffbbaf0e4,[MAY CONTAIN PERSONALLY IDENTIFIABLE INFORMATION], ,[MAY CONTAIN PERSONALLY IDENTIFIABLE INFORMATION], ,[MAY CONTAIN PERSONALLY IDENTIFIABLE INFORMATION], ,Las Vegas, ,NV ,[MAY CONTAIN PERSONALLY IDENTIFIABLE INFORMATION], ,Intersection,Dry,No Unusual Conditions,15, ,Daylight,Y, , , , , , , ,,SUV,No Injuries Reported,Yes,Making Right Turn,No,No, , ,Y, , ,Y, , , , , ,Proceeding Straight,No,Yes,Yes,0, , , , , , , ,Y,Y, , , , , , , ,Y, , , ,No,, ,Yes,, ,, ,, ,"[REDACTED, MAY CONTAIN CONFIDENTIAL BUSINESS INFORMATION]",Y,"According to the notice received from Motional, including video evidence of the incident, the test vehicle was traveling in autonomous mode [REDACTED, MAY CONTAIN CONFIDENTIAL BUSINESS INFORMATION] (a two-lane road with traffic in two directions), heading toward [REDACTED, MAY CONTAIN CONFIDENTIAL BUSINESS INFORMATION]. The test vehicle braked as it began to pass the exit driveway of a parking garage that perpendicularly intersects the eastbound lane of [REDACTED, MAY CONTAIN CONFIDENTIAL BUSINESS INFORMATION].  The braking occurred upon approach of a black SUV traveling north, quickly exiting the garage driveway toward [REDACTED, MAY CONTAIN CONFIDENTIAL BUSINESS INFORMATION].  The involved SUV failed to stop at a stop sign at the garage exit.  After passing the stop sign the SUV appeared to decelerate but may not have come to a complete stop before traversing the crosswalk and entering [REDACTED, MAY CONTAIN CONFIDENTIAL BUSINESS INFORMATION]. The SUV then entered [REDACTED, MAY CONTAIN CONFIDENTIAL BUSINESS INFORMATION] and struck the rear right side of the vehicle causing damage to the panel and rear bumper of the Motional vehicle.  The Motional vehicle was towed from the scene as a precaution despite being drivable. No injuries were reported, and law enforcement was not involved.  It is Hyundai's understanding that Motional is has submitted a new report of this incident under current SGO requirements [REDACTED, MAY CONTAIN CONFIDENTIAL BUSINESS INFORMATION].  Hyundai is providing its own incident report in cooperation with SGO requirements and joint information-sharing efforts with Motional.",Y
30410-6792,1,Motional,1-Day,,,DEC-2023,KMHCBACB9H1, ,N/A,Hyundai,Ioniq 5, ,2022, ,e3e4516cdf04334,609, ,In-Vehicle (Commercial / Test),"[REDACTED, MAY CONTAIN CONFIDENTIAL BUSINESS INFORMATION]", ,Y,"[REDACTED, MAY CONTAIN CONFIDENTIAL BUSINESS INFORMATION]", ,Y,"[REDACTED, MAY CONTAIN CONFIDENTIAL BUSINESS INFORMATION]", ,Y,, ,Y,Part 591 Exemption granted by permission letter from NHTSA,, , ,Yes (specify below),Nevada,Yes,ADS,Motional, , , , ,Y, , , ,,DEC-2023, ,DEC-2023,13:24, ,670484ffbbaf0e4,[MAY CONTAIN PERSONALLY IDENTIFIABLE INFORMATION], ,[MAY CONTAIN PERSONALLY IDENTIFIABLE INFORMATION], ,[MAY CONTAIN PERSONALLY IDENTIFIABLE INFORMATION], ,Las Vegas, ,NV ,[MAY CONTAIN PERSONALLY IDENTIFIABLE INFORMATION], ,Intersection,Dry,No Unusual Conditions,15, ,Daylight,Y, , , , , , , ,,SUV,No Injuries Reported,Yes,Making Right Turn,No,No, , ,Y, , ,Y, , , , , ,Proceeding Straight,No,Yes,Yes,0, , , , , , , ,Y,Y, , , , , , , ,Y, , , ,No,, ,Yes,, ,, ,, ,"[REDACTED, MAY CONTAIN CONFIDENTIAL BUSINESS INFORMATION]",Y,"The Motional vehicle was traveling in autonomous mode [REDACTED, MAY CONTAIN CONFIDENTIAL BUSINESS INFORMATION] (a two-lane road with traffic in two directions), heading toward [REDACTED, MAY CONTAIN CONFIDENTIAL BUSINESS INFORMATION].  The Motional vehicle braked as it began to pass the exit driveway of a parking garage that perpendicularly intersects the eastbound lane of [REDACTED, MAY CONTAIN CONFIDENTIAL BUSINESS INFORMATION]. The braking occurred when the Motional vehicle perceived a black SUV traveling north, quickly exiting the garage driveway toward [REDACTED, MAY CONTAIN CONFIDENTIAL BUSINESS INFORMATION].  That SUV had not stopped at a stop sign at the garage exit.  Instead, after passing the stop sign the SUV  slowed but may not have come to a complete stop before traversing the crosswalk and entering [REDACTED, MAY CONTAIN CONFIDENTIAL BUSINESS INFORMATION].  The SUV then entered [REDACTED, MAY CONTAIN CONFIDENTIAL BUSINESS INFORMATION] and struck and damaged the rear right side panel and rear bumper of the Motional vehicle. Although driveable, the Motional vehicle was towed from the scene as a precaution.  No injuries were reported, and law enforcement was not involved.",Y
30270-6765,1,Waymo LLC,5-Day,,,DEC-2023,SADHW2S17M1, ,N/A,Jaguar,I-Pace, ,2021, ,babd9e394701cba,86018, ,None,5th Generation, , ,5th Generation, , ,Version 8, , ,, ,Y,,, ,Y,Yes (specify below),ADOT,Yes,ADS,Waymo LLC, , ,Y, , , , , ,,NOV-2023, ,NOV-2023,17:40, ,94b0ffeeebb0686,[MAY CONTAIN PERSONALLY IDENTIFIABLE INFORMATION], ,[MAY CONTAIN PERSONALLY IDENTIFIABLE INFORMATION], ,[MAY CONTAIN PERSONALLY IDENTIFIABLE INFORMATION], ,Scottsdale, ,AZ ,[MAY CONTAIN PERSONALLY IDENTIFIABLE INFORMATION], ,Intersection,Wet,No Unusual Conditions,45, ,Dark - Lighted, , , , ,Y, , , ,,Passenger Car,No Injuries Reported,Yes,Proceeding Straight,No,No, , ,Y, , ,Y, , ,Y, , ,Stopped,No,Yes,Yes,0, ,Y, , ,Y, , ,Y, , , , , , ,Y, ,Y,Y, , ,Yes,Scottsdale Police Department, ,Yes,,Y,,Y,,Y,Yes, ,"On November [XXX], 2023 at 5:40 PM PT a Waymo Autonomous Vehicle (Waymo AV) operating in Scottsdale, Arizona was in a collision involving a passenger car on [XXX] and [XXX]. 
The Waymo AV was traveling northbound on [XXX] and was approaching the intersection with [XXX], when it detected an approaching emergency vehicle, which was traveling southbound on [XXX] and approaching the intersection with [XXX]. The Waymo AV braked to a stop soon after passing the nearside crosswalk in an attempt to keep the intersection clear for the emergency vehicle. A passenger vehicle approached from behind and then made contact with the rear of the Waymo AV. At the time of the impact, the Waymo AVs Level 4 ADS was engaged in autonomous mode. Both vehicles sustained damage.
Waymo is reporting this crash under Request No. 1 of Standing General Order 2021-01 because a vehicle involved was towed away. Waymo may supplement or correct its reporting with additional information as it may become available.", 
30270-6668,1,Waymo LLC,Monthly,10,2023,NOV-2023,SADHW2S12M1, ,N/A,Jaguar,I-Pace, ,2023, ,fb102df46e11179,54469, ,None,5th Generation, , ,5th Generation, , ,Version 8, , ,, ,Y,,, ,Y,Yes (specify below),ADOT,Yes,ADS,Waymo LLC, , ,Y, , , , , ,,OCT-2023, ,OCT-2023,11:04, ,e1a078add1d307e,[MAY CONTAIN PERSONALLY IDENTIFIABLE INFORMATION], ,[MAY CONTAIN PERSONALLY IDENTIFIABLE INFORMATION], ,[MAY CONTAIN PERSONALLY IDENTIFIABLE INFORMATION], ,Tempe, ,AZ ,[MAY CONTAIN PERSONALLY IDENTIFIABLE INFORMATION], ,Intersection,Dry,No Unusual Conditions,25, ,Daylight,Y, , , , , , , ,,Passenger Car,No Injuries Reported,Yes,Proceeding Straight,No,No, , , , , , , , ,Y, , ,Making Right Turn,No,No,No Passengers in Vehicle,3, ,Y, , , , , , , , , , , , ,Y, ,Y,Y, , ,No,, ,Yes,, ,, ,, ,Yes, ,"On October [XXX], 2023 at 11:04 AM PT a Waymo Autonomous Vehicle (Waymo AV) operating in Tempe, AZ was in a collision involving a passenger car on [XXX] and [XXX]. 
The Waymo AV was traveling southeast on [XXX] when it slowed to stop for a red traffic light at the intersection with [XXX]. The front of the passenger car that was traveling behind the Waymo AV made contact with the rear of the Wamyo AV. At the time of the impact, the Waymo AVs Level 4 ADS was engaged in autonomous mode. Both vehicles sustained damage.
Waymo is reporting this crash under Request No. 2 of Standing General Order 2021-01.", 