Report ID,Report Version,Reporting Entity,Report Type,Report Month,Report Year,Report Submission Date,VIN,VIN - Unknown,Serial Number,Make,Model,Model - Unknown,Model Year,Model Year - Unknown,Same Vehicle ID,Mileage,Mileage - Unknown,Driver / Operator Type,ADAS/ADS System Version,ADAS/ADS System Version - Unk,ADAS/ADS System Version CBI,ADAS/ADS Hardware Version,ADAS/ADS Hardware Version - Unk,ADAS/ADS Hardware Version CBI,ADAS/ADS Software Version,ADAS/ADS Software Version - Unk,ADAS/ADS Software Version CBI,Other Reporting Entities?,Other Reporting Entities? - Unk,Other Reporting Entities? - NA,Federal Regulatory Exemption?,Other Federal Reg. Exemption,Federal Reg. Exemption - Unk,Federal Reg. Exemption - No,State or Local Permit?,State or Local Permit,ADS Equipped?,Automation System Engaged?,Operating Entity,Operating Entity - Unknown,Source - Complaint/Claim,Source - Telematics,Source - Law Enforcement,Source - Field Report,Source - Testing,Source - Media,Source - Other,Source - Other Text,Incident Date,Incident Date - Unknown,Notice Received Date,Incident Time (24:00),Incident Time - Unknown,Same Incident ID,Latitude,Latitude - Unknown,Longitude,Longitude - Unknown,Address,Address - Unknown,City,City - Unknown,State,Zip Code,Zip Code - Unknown,Roadway Type,Roadway Surface,Roadway Description,Posted Speed Limit (MPH),Posted Speed Limit - Unknown,Lighting,Weather - Clear,Weather - Snow,Weather - Cloudy,Weather - Fog/Smoke,Weather - Rain,Weather - Severe Wind,Weather - Unknown,Weather - Other,Weather - Other Text,Crash With,Highest Injury Severity Alleged,Property Damage?,CP Pre-Crash Movement,CP Any Air Bags Deployed?,CP Was Vehicle Towed?,CP Contact Area - Rear Left,CP Contact Area - Left,CP Contact Area - Front Left,CP Contact Area - Rear,CP Contact Area - Top,CP Contact Area - Front,CP Contact Area - Rear Right,CP Contact Area - Right,CP Contact Area - Front Right,CP Contact Area - Bottom,CP Contact Area - Unknown,SV Pre-Crash Movement,SV Any Air Bags Deployed?,SV Was Vehicle Towed?,SV Were All Passengers Belted?,SV Precrash Speed (MPH),SV Pre-crash Speed - Unknown,SV Contact Area - Rear Left,SV Contact Area - Left,SV Contact Area - Front Left,SV Contact Area - Rear,SV Contact Area - Top,SV Contact Area - Front,SV Contact Area - Rear Right,SV Contact Area - Right,SV Contact Area - Front Right,SV Contact Area - Bottom,SV Contact Area - Unknown,Data Availability - EDR,Data Availability - Police Rpt,Data Availability - Telematics,Data Availability - Complaints,Data Availability - Video,Data Availability - Other,Data Availability - No Data,Data Availability - Unknown,Law Enforcement Investigating?,Investigating Agency,Investigating Agency - Unknown,Rep Ent Or Mfr Investigating?,Investigating Officer Name,Inv. Officer Name - Unknown,Investigating Officer Phone,Inv. Officer Phone - Unknown,Investigating Officer Email,Inv. Officer Email - Unknown,Within ODD?,Within ODD? - CBI,Narrative,Narrative - CBI?
30270-6368,1,Waymo LLC,5-Day,,,SEP-2023,SADHW2S15M1, ,N/A,Jaguar,I-Pace, ,2021, ,a0f5051446d307a,69384, ,None,5th Generation, , ,5th Generation, , ,Version 8, , ,, ,Y,,, ,Y,Yes (specify below),ADOT,Yes,ADS,Waymo LLC, , ,Y, , , , , ,,SEP-2023, ,SEP-2023,17:02, ,fe9c3f8e42bc643,[MAY CONTAIN PERSONALLY IDENTIFIABLE INFORMATION], ,[MAY CONTAIN PERSONALLY IDENTIFIABLE INFORMATION], ,[MAY CONTAIN PERSONALLY IDENTIFIABLE INFORMATION], ,Tempe, ,AZ ,[MAY CONTAIN PERSONALLY IDENTIFIABLE INFORMATION], ,Street,Dry,No Unusual Conditions,25, ,Daylight,Y, , , , , , , ,,Pickup Truck,No Injuries Reported,Yes,Crossing into Opposing Lane,No,No, , , , , , , , ,Y, , ,Proceeding Straight,No,Yes,No Passengers in Vehicle,12, , ,Y, , ,Y, , , , , , , , ,Y, ,Y,Y, , ,Yes,Tempe Police Department, ,Yes,,Y,,Y,,Y,Yes, ,"On September [XXX], 2023 at 5:02 PM PT a Waymo Autonomous Vehicle (Waymo AV) operating in Tempe, Arizona was in a collision involving a pickup truck on [XXX] near [XXX].
The Waymo AV was traveling eastbound on [XXX] toward [XXX] when a pickup truck drove alongside the Waymo AV. The passengers side of the pickup truck made contact with the drivers side of the Waymo AV. The pickup truck had been following and overtaking the Waymo AV for several minutes, and the pickup truck passengers occasionally threw items at the Waymo AV. At the time of the impact, the Waymo AVs Level 4 ADS was engaged in autonomous mode. Both vehicles sustained damage.
Waymo is reporting this crash under Request No. 1 of Standing General Order 2021-01 because a vehicle involved was towed away. Waymo may supplement or correct its reporting with additional information as it may become available.", 
30412-6363,1,Cruise LLC,5-Day,,,SEP-2023,5G21A6P09P4, ,N/A,Cruise,AV, ,2023, ,66456c29dc6d465,5634, ,Remote (Commercial / Test),"[REDACTED, MAY CONTAIN CONFIDENTIAL BUSINESS INFORMATION]", ,Y,"[REDACTED, MAY CONTAIN CONFIDENTIAL BUSINESS INFORMATION]", ,Y,"[REDACTED, MAY CONTAIN CONFIDENTIAL BUSINESS INFORMATION]", ,Y,"General Motors, LLC", , ,,, ,Y,No,,Yes,ADS,Cruise LLC, , ,Y, ,Y, , , ,,SEP-2023, ,SEP-2023,03:49, ,6fcf838ccdcebce,[MAY CONTAIN PERSONALLY IDENTIFIABLE INFORMATION], ,[MAY CONTAIN PERSONALLY IDENTIFIABLE INFORMATION], ,[MAY CONTAIN PERSONALLY IDENTIFIABLE INFORMATION], ,Austin, ,TX ,[MAY CONTAIN PERSONALLY IDENTIFIABLE INFORMATION], ,Intersection,Dry,No Unusual Conditions,30, ,Dark - Lighted,Y, , , , , , , ,,SUV,No Injuries Reported,Yes,Proceeding Straight,Yes,Unknown, , , , , ,Y, , ,Y, , ,Proceeding Straight,No,Yes,No Passengers in Vehicle,3, ,Y, , , , , , , , , , ,Y, ,Y, ,Y,Y, , ,Yes,Austin Police Department, ,Yes,[MAY CONTAIN PERSONALLY IDENTIFIABLE INFORMATION], ,,Y,,Y,"[REDACTED, MAY CONTAIN CONFIDENTIAL BUSINESS INFORMATION]",Y,"A Cruise autonomous vehicle (""AV""), operating in driverless autonomous mode, was traveling westbound on [XXX] between [XXX] and [XXX]. The AV slowed and initiated a left blinker to turn onto [XXX] while yielding to oncoming traffic. At the same time, a blue Mercedes-Benz E-Class approaching from the rear failed to stop behind the AV and made contact with the AV's rear driver side bumper, damaging the rear driver side bumper fascia, rear driver side quarter panel, rear driver side tail light assembly and rear driver side wheel and rotor assembly of the AV. Police were called to the scene. The driver of Mercedes-Benz left the scene without exchanging information. There were no reported injuries and the AV was towed from the scene. [REDACTED, MAY CONTAIN CONFIDENTIAL BUSINESS INFORMATION]",Y
30490-6360,1,"Beep, Inc.",Monthly,8,2023,SEP-2023,VG9A2CB2CJV, ,N/A,Navya,Arma Autonom DL, ,,Y,a7eb56f196c0118,,Y,In-Vehicle (Commercial / Test),,Y, ,,Y, ,,Y, ,NAVYA Inc., , ,Other Federal Exemption or Exception (specify below),Box-7, , ,No,,Yes,ADS,"Beep, Inc.", , , , ,Y, , , ,,AUG-2023, ,AUG-2023,13:54, ,8910341f6eceb78,,Y,,Y,[MAY CONTAIN PERSONALLY IDENTIFIABLE INFORMATION], ,Orlando, ,FL ,[MAY CONTAIN PERSONALLY IDENTIFIABLE INFORMATION], ,Street,Dry,"Other, see Narrative",25, ,Daylight,Y, , , , , , , ,,Bus,No Injuries Reported,No,Merging,Unknown,No, , , , , , ,Y,Y, , , ,Proceeding Straight,No,No,Yes,9, , , ,Y, , , , , , , , , ,Y,Y, ,Y,Y, , ,Yes,Orlando Police Department, ,Yes,[MAY CONTAIN PERSONALLY IDENTIFIABLE INFORMATION], ,,Y,,Y,Yes, ,"At Approximately 12:39 PM, the Beep Command Center (BCC) informed the LYNX dispatch center that another autonomous shuttle operating on the same route (VIN: VG9A2CB2CJV[XXX]) was being taken out of service due to insufficient battery charge to continue operation. The BCC later informed LYNX dispatch at 12:49PM that the second shuttle operating on route, P131, would also be returning to storage after the operator completed its current loop. At Approximately 12:52 PM, P131 approached the [XXX] stop within the designated Bus Rapid Transit (BRT) operating lane. The shuttle remained stopped for approximately two (2) and a half minutes while three (3) passengers alighted, and two (2) additional passengers boarded the shuttle. During that period, approximately two (2) minutes after stopping to service passengers, a LYNX bus pulled behind P131. Approximately thirty (30) seconds later, the LYNX bus exited the BRT lane and proceeded into the public travel lane alongside the BRT lane. As the LYNX bus entered the public travel lane, the safety driver onboard P131 engaged the autonomous drive system, and the shuttle proceeded in the BRT lane. After both vehicles had begun moving, P131 in the BRT lane and the LYNX bus in the public travel lane, the LYNX bus reentered the BRT lane encroaching on the shuttles path. The bus failed to provide adequate clearance and contacted the left front side of P131. Both vehicles stopped in the BRT lane after the collision. 
Within five (5) minutes of the collision, all passengers had safely alighted from the shuttle with no reported injuries and left the scene without giving statements. At approximately 2:20PM, the City of Orlando Police Department (OPD) arrived on scene to investigate the incident. Beep and LYNX supervisors were on scene to support the investigation. OPD collected statements from both the Beep safety driver and LYNX bus driver. The LYNX supervisor provided OPD access to the LYNX bus camera footage on scene, at which point the investigating officer made a verbal indication that the LYNX bus driver appeared to be at fault for the collision. 
Beeps safety driver was subsequently subjected to a standard post-collision drug and alcohol screening. 
1.The safety driver did not exhibit complete situational awareness and per their after-incident interview, failed to notice the bus prior to departing the station. Had the attendant continued to look and check behind/alongside P131 prior to departing the station,
the collision may have been avoided.
2.The safety driver attempted to stop the shuttle by disengaging the ADS using the HMI rather than using the emergency stop button. Use of the emergency stop would have increased the deceleration rate to 5 m/s2, decreasing the stopping distance of the shuttle. However, it is not clear whether use of the emergency stop would have fully avoided the collision given the point at which the LYNX LYMMO bus entered the BRT lane.
3.Deficiencies in the standard operating procedures (SOP) between LYNX and Beep allowed for a bus to be deployed onto the service at the same time as P131. Beep communicated to LYNX that both shuttles were exiting the service area. However, LYNX did not wait for final confirmation that both vehicles had left the route prior to dispatching the LYMMO bus involved in the incident, nor did LYNX notify Beep that a bus had been dispatched.
Additional information available upon request.", 
30270-6338,1,Waymo LLC,Monthly,8,2023,SEP-2023,SADHW2S19M1, ,N/A,Jaguar,I-Pace, ,2021, ,9d9fb23eadb6334,50308, ,None,5th Generation ADS, , ,5th Generation, , ,Version 8, , ,, ,Y,,, ,Y,Yes (specify below),ADOT,Yes,ADS,Waymo LLC, , ,Y, , , , , ,,AUG-2023, ,AUG-2023,19:23, ,f90c1db7893a4db,[MAY CONTAIN PERSONALLY IDENTIFIABLE INFORMATION], ,[MAY CONTAIN PERSONALLY IDENTIFIABLE INFORMATION], ,[MAY CONTAIN PERSONALLY IDENTIFIABLE INFORMATION], ,Phoenix, ,AZ ,[MAY CONTAIN PERSONALLY IDENTIFIABLE INFORMATION], ,Intersection,Dry,No Unusual Conditions,25, ,Dawn / Dusk,Y, , , , , , , ,,SUV,No Injuries Reported,Yes,Proceeding Straight,No,No, , ,Y, , , , , , , , ,Proceeding Straight,No,No,No Passengers in Vehicle,1, , , , , , , , , ,Y, , , , ,Y, ,Y,Y, , ,No,, ,Yes,, ,, ,, ,Yes, ,"On August [XXX], 2023 at 7:23 PM PT a Waymo Autonomous Vehicle (""Waymo AV"") operating in Phoenix, Arizona was in a collision involving an SUV on [XXX] at [XXX].
The Waymo AV was traveling north on [XXX] through the intersection with [XXX]. An SUV traveling West on [XXX] entered the intersection without stopping at the two-way stop sign on [XXX]. The Waymo AV slowed to a stop in the intersection and the front left corner of the SUV made contact with the front right corner of the Waymo AV. 
At the time of the impact, the Waymo AV's Level 4 ADS was engaged in autonomous mode. The Waymo AV sustained damage. 
Waymo is reporting this crash under Request No. 2 of Standing General Order 2021-01. Waymo may supplement or correct its reporting with additional information as it may become available.", 
30270-6337,1,Waymo LLC,Monthly,8,2023,SEP-2023,SADHW2S10M1, ,N/A,Jaguar,I-Pace, ,2021, ,f6ce80fd458f116,63250, ,None,5th Generation ADS, , ,5th Generation, , ,Version 8, , ,, ,Y,,, ,Y,Yes (specify below),ADOT,Yes,ADS,Waymo LLC, , ,Y, , , , , ,,AUG-2023, ,AUG-2023,15:36, ,355de6e32e411be,[MAY CONTAIN PERSONALLY IDENTIFIABLE INFORMATION], ,[MAY CONTAIN PERSONALLY IDENTIFIABLE INFORMATION], ,[MAY CONTAIN PERSONALLY IDENTIFIABLE INFORMATION], ,Mesa, ,AZ ,[MAY CONTAIN PERSONALLY IDENTIFIABLE INFORMATION], ,Street,Dry,No Unusual Conditions,25, ,Daylight,Y, , , , , , , ,,Pickup Truck,No Injuries Reported,Yes,Proceeding Straight,No,No, , , , , ,Y, , , , , ,Parked,No,No,No Passengers in Vehicle,0, , , , ,Y, , , , , , , , , ,Y, ,Y,Y, , ,No,, ,Yes,, ,, ,, ,Yes, ,"On August [XXX], 2023 at 3:36 PM PT a Waymo Autonomous Vehicle (""Waymo AV"") operating in Mesa, Arizona was in a collision involving a pickup truck on [XXX] at [XXX]. 
The Waymo AV was stationary adjacent to the curb on the West side of [XXX]. A pickup truck approached the Waymo from behind and slowed to a stop immediately behind the Waymo. The pickup truck then moved slowly forward until the front of the pickup truck was touching the rear of the Waymo AV. The pickup truck then slowly pushed into the rear of the Waymo AV for a few seconds before reversing, maneuvering around the Waymo AV, and leaving the scene. 
At the time of the impact, the Waymo AV's Level 4 ADS was engaged in autonomous mode. The Waymo AV sustained damage. 
Waymo is reporting this crash under Request No. 2 of Standing General Order 2021-01. Waymo may supplement or correct its reporting with additional information as it may become available.", 
30270-6335,1,Waymo LLC,Monthly,8,2023,SEP-2023,SADHW2S16M1, ,N/A,Jaguar,I-Pace, ,2021, ,dd9c07aaa0d58c4,69522, ,None,5th Generation ADS, , ,5th Generation, , ,Version 8, , ,, ,Y,,, ,Y,Yes (specify below),ADOT,Yes,ADS,Waymo LLC, , ,Y, , , , , ,,AUG-2023, ,AUG-2023,19:12, ,27afc2a81db4aa8,[MAY CONTAIN PERSONALLY IDENTIFIABLE INFORMATION], ,[MAY CONTAIN PERSONALLY IDENTIFIABLE INFORMATION], ,[MAY CONTAIN PERSONALLY IDENTIFIABLE INFORMATION], ,Phoenix, ,AZ ,[MAY CONTAIN PERSONALLY IDENTIFIABLE INFORMATION], ,Street,Dry,No Unusual Conditions,25, ,Daylight,Y, , , , , , , ,,Passenger Car,No Injuries Reported,Yes,Backing,No,No, , , ,Y, , ,Y, , , , ,Parked,No,No,No Passengers in Vehicle,0, , , , , , ,Y, , , , , , , ,Y, ,Y,Y, , ,No,, ,Yes,, ,, ,, ,Yes, ,"On August [XXX], 2023 at 7:12 PM PT a Waymo Autonomous Vehicle (""Waymo"") operating in Phoenix, Arizona was in a collision involving a passenger car on [XXX] at [XXX]. 
The Waymo AV was stationary adjacent to the curb on the south side of [XXX]. A passenger car which had been parked in front of the Waymo AV began reversing and the rear of the passenger car made contact with the front of the Waymo AV. The passenger car then left the scene. At the time of the impact, the Waymo's Level 4 ADS was engaged in autonomous mode. The Waymo AV sustained damage.
Waymo is reporting this crash under Request No. 2 of Standing General Order 2021-01. Waymo may supplement or correct its reporting with additional information as it may become available.", 
540-6310,1,"General Motors, LLC",Monthly,8,2023,SEP-2023,5G21A6P0XP4, ,N/A,Cruise,AV, ,2023, ,ae17dc3a94b6763,6045, ,Remote (Commercial / Test),,Y, ,,Y, ,,Y, ,Cruise LLC, , ,,, ,Y,No,,Yes,ADS,Cruise LLC, , ,Y, ,Y, , , ,,AUG-2023, ,SEP-2023,00:21, ,299b672f88b96f3,[MAY CONTAIN PERSONALLY IDENTIFIABLE INFORMATION], ,[MAY CONTAIN PERSONALLY IDENTIFIABLE INFORMATION], ,[MAY CONTAIN PERSONALLY IDENTIFIABLE INFORMATION], ,Austin, ,TX ,[MAY CONTAIN PERSONALLY IDENTIFIABLE INFORMATION], ,Intersection,Dry,No Unusual Conditions,25, ,Dark - Not Lighted,Y, , , , , , , ,,Pickup Truck,No Injuries Reported,Yes,Proceeding Straight,No,No, , , , , , ,Y, , , , ,Stopped,No,No,Yes,0, ,Y, , , , , , , , , , ,Y, ,Y, ,Y,Y, , ,No,, ,Yes,, ,, ,, ,"Unknown, see Narrative", ,"On September 14, 2023, GM Cruise Holdings LLC (""Cruise"") filed an Incident Report (the ""Report"") under the Second Amended Standing General Order 2021-01, dated April 5, 2023 (the ""Order"") General Motors LLC (GM) manufactured the Cruise-operated motor vehicle involved in the incident summarized in the Incident Report. Because GM is also a Reporting Entity under the Order, GM is submitting a duplicate of the redacted public copy of the Report. GM has selected ""Unknown"" in the ""ADS version"" and ""ODD time"" fields solely to avoid a second submission of nonpublic Cruise CBI GM is in possession of Cruise's responses to these fields, and incorporates Cruise's responses into this submission by reference. GM's submission is based on facts supplied to GM by Cruise. GM has not investigated the alleged incident and currently believes, based on a reasonable inquiry, that it has no independent knowledge of the facts in the Report. (Reference file: 30412-6274-1)", 
540-6305,1,"General Motors, LLC",Monthly,8,2023,SEP-2023,5G21A6P07P4, ,N/A,Cruise,AV, ,2023, ,969075f5d5d82c1,6470, ,Remote (Commercial / Test),,Y, ,,Y, ,,Y, ,Cruise LLC, , ,,, ,Y,No,,Yes,ADS,Cruise LLC, , ,Y, ,Y, , , ,,AUG-2023, ,SEP-2023,23:36, ,b77f65c9bc8eab0,[MAY CONTAIN PERSONALLY IDENTIFIABLE INFORMATION], ,[MAY CONTAIN PERSONALLY IDENTIFIABLE INFORMATION], ,[MAY CONTAIN PERSONALLY IDENTIFIABLE INFORMATION], ,Austin, ,TX ,[MAY CONTAIN PERSONALLY IDENTIFIABLE INFORMATION], ,Street,Dry,No Unusual Conditions,25, ,Dark - Lighted,Y, , , , , , , ,,SUV,No Injuries Reported,Yes,Stopped,No,No, ,Y, , , , , , , , , ,Proceeding Straight,No,No,No Passengers in Vehicle,10, , , , , , , , ,Y, , , ,Y, ,Y, ,Y,Y, , ,No,, ,Yes,, ,, ,, ,"Unknown, see Narrative", ,"On September 14, 2023, GM Cruise Holdings LLC (""Cruise"") filed an Incident Report (the ""Report"") under the Second Amended Standing General Order 2021-01, dated April 5, 2023 (the ""Order"") General Motors LLC (GM) manufactured the Cruise-operated motor vehicle involved in the incident summarized in the Incident Report. Because GM is also a Reporting Entity under the Order, GM is submitting a duplicate of the redacted public copy of the Report. GM has selected ""Unknown"" in the ""ADS version"" and ""ODD time"" fields solely to avoid a second submission of nonpublic Cruise CBI GM is in possession of Cruise's responses to these fields, and incorporates Cruise's responses into this submission by reference. GM's submission is based on facts supplied to GM by Cruise. GM has not investigated the alleged incident and currently believes, based on a reasonable inquiry, that it has no independent knowledge of the facts in the Report. (Reference file: 30412-6273-1)", 
540-6290,1,"General Motors, LLC",5-Day,,,SEP-2023,5G21A6P04P4, ,N/A,Cruise,AV, ,2023, ,eb7f07c4713eac4,11074, ,Remote (Commercial / Test),,Y, ,,Y, ,,Y, ,Cruise LLC, , ,,, ,Y,No,,Yes,ADS,Cruise LLC, , ,Y, ,Y, , , ,,SEP-2023, ,SEP-2023,02:35, ,bf6c4ac7c86369b,[MAY CONTAIN PERSONALLY IDENTIFIABLE INFORMATION], ,[MAY CONTAIN PERSONALLY IDENTIFIABLE INFORMATION], ,[MAY CONTAIN PERSONALLY IDENTIFIABLE INFORMATION], ,Austin, ,TX ,[MAY CONTAIN PERSONALLY IDENTIFIABLE INFORMATION], ,Intersection,Dry,No Unusual Conditions,25, ,Dark - Lighted,Y, , , , , , , ,,SUV,No Injuries Reported,Yes,Proceeding Straight,No,No, , , , , ,Y, , ,Y, , ,Proceeding Straight,Yes,Yes,No Passengers in Vehicle,2, , ,Y, , , , , , , , , ,Y, ,Y, ,Y,Y, , ,No,, ,Yes,, ,, ,, ,"Unknown, see Narrative", ,"On September 14, 2023, GM Cruise Holdings LLC (""Cruise"") filed an Incident Report (the ""Report"") under the Second Amended Standing General Order 2021-01, dated April 5, 2023 (the ""Order"") General Motors LLC (GM) manufactured the Cruise-operated motor vehicle involved in the incident summarized in the Incident Report. Because GM is also a Reporting Entity under the Order, GM is submitting a duplicate of the redacted public copy of the Report. GM has selected ""Unknown"" in the ""ADS version"" and ""ODD time"" fields solely to avoid a second submission of nonpublic Cruise CBI GM is in possession of Cruise's responses to these fields, and incorporates Cruise's responses into this submission by reference. GM's submission is based on facts supplied to GM by Cruise. GM has not investigated the alleged incident and currently believes, based on a reasonable inquiry, that it has no independent knowledge of the facts in the Report. (Reference file: 30412-6262-1)", 
540-6244,1,"General Motors, LLC",5-Day,,,SEP-2023,5G21A6P05P4, ,N/A,Cruise,AV, ,2023, ,b5376354c2df3b6,6913, ,Remote (Commercial / Test),,Y, ,,Y, ,,Y, ,Cruise LLC, , ,,, ,Y,No,,Yes,ADS,Cruise LLC, , ,Y, ,Y, , , ,,SEP-2023, ,SEP-2023,21:42, ,a8c95cceeb75eda,[MAY CONTAIN PERSONALLY IDENTIFIABLE INFORMATION], ,[MAY CONTAIN PERSONALLY IDENTIFIABLE INFORMATION], ,[MAY CONTAIN PERSONALLY IDENTIFIABLE INFORMATION], ,Houston, ,TX ,[MAY CONTAIN PERSONALLY IDENTIFIABLE INFORMATION], ,Street,Dry,No Unusual Conditions,30, ,Dark - Lighted,Y, , , , , , , ,,Passenger Car,No Injuries Reported,Yes,Proceeding Straight,Yes,Yes, , ,Y, , ,Y, , ,Y, , ,Proceeding Straight,No,Yes,No Passengers in Vehicle,1, ,Y, , ,Y, , ,Y, , , , ,Y, ,Y, ,Y,Y, , ,Yes,Houston Police Department, ,Yes,[MAY CONTAIN PERSONALLY IDENTIFIABLE INFORMATION], ,,Y,,Y,"Unknown, see Narrative", ,"On September 12, 2023, GM Cruise Holdings LLC (""Cruise"") filed an Incident Report (the ""Report"") under the Second Amended Standing General Order 2021-01, dated April 5, 2023 (the ""Order"") General Motors LLC (GM) manufactured the Cruise-operated motor vehicle involved in the incident summarized in the Incident Report. Because GM is also a Reporting Entity under the Order, GM is submitting a duplicate of the redacted public copy of the Report. GM has selected ""Unknown"" in the ""ADS version"" and ""ODD time"" fields solely to avoid a second submission of nonpublic Cruise CBI GM is in possession of Cruise's responses to these fields, and incorporates Cruise's responses into this submission by reference. GM's submission is based on facts supplied to GM by Cruise. GM has not investigated the alleged incident and currently believes, based on a reasonable inquiry, that it has no independent knowledge of the facts in the Report. (Reference file: 30412-6242-1).", 
30412-6274,1,Cruise LLC,Monthly,8,2023,SEP-2023,5G21A6P0XP4, ,N/A,Cruise,AV, ,2023, ,ae17dc3a94b6763,6045, ,Remote (Commercial / Test),"[REDACTED, MAY CONTAIN CONFIDENTIAL BUSINESS INFORMATION]", ,Y,"[REDACTED, MAY CONTAIN CONFIDENTIAL BUSINESS INFORMATION]", ,Y,"[REDACTED, MAY CONTAIN CONFIDENTIAL BUSINESS INFORMATION]", ,Y,"General Motors, LLC", , ,,, ,Y,No,,Yes,ADS,Cruise LLC, , ,Y, ,Y, , , ,,AUG-2023, ,AUG-2023,00:21, ,299b672f88b96f3,[MAY CONTAIN PERSONALLY IDENTIFIABLE INFORMATION], ,[MAY CONTAIN PERSONALLY IDENTIFIABLE INFORMATION], ,[MAY CONTAIN PERSONALLY IDENTIFIABLE INFORMATION], ,Austin, ,TX ,[MAY CONTAIN PERSONALLY IDENTIFIABLE INFORMATION], ,Intersection,Dry,No Unusual Conditions,25, ,Dark - Not Lighted,Y, , , , , , , ,,Pickup Truck,No Injuries Reported,Yes,Proceeding Straight,No,No, , , , , , ,Y, , , , ,Stopped,No,No,Yes,0, ,Y, , , , , , , , , , ,Y, ,Y, ,Y,Y, , ,No,, ,Yes,, ,, ,, ,"[REDACTED, MAY CONTAIN CONFIDENTIAL BUSINESS INFORMATION]",Y,"A Cruise autonomous vehicle (""AV""), operating in driverless autonomous mode, was stopped beside the right curb of [XXX] between [XXX] and [XXX]. While the AV remained stopped out of the lane of traffic, a white Ford F-150 traveling behind and to the left of the AV made contact with the AV while attempting to pass to the left, damaging the driver side rear bumper fascia of the AV. The driver of the Ford F-150 left the scene without exchanging information. There were no reported injuries. [REDACTED, MAY CONTAIN CONFIDENTIAL BUSINESS INFORMATION]",Y
30412-6273,1,Cruise LLC,Monthly,8,2023,SEP-2023,5G21A6P07P4, ,N/A,Cruise,AV, ,2023, ,969075f5d5d82c1,6470, ,Remote (Commercial / Test),"[REDACTED, MAY CONTAIN CONFIDENTIAL BUSINESS INFORMATION]", ,Y,"[REDACTED, MAY CONTAIN CONFIDENTIAL BUSINESS INFORMATION]", ,Y,"[REDACTED, MAY CONTAIN CONFIDENTIAL BUSINESS INFORMATION]", ,Y,"General Motors, LLC", , ,,, ,Y,No,,Yes,ADS,Cruise LLC, , ,Y, ,Y, , , ,,AUG-2023, ,AUG-2023,23:36, ,b77f65c9bc8eab0,[MAY CONTAIN PERSONALLY IDENTIFIABLE INFORMATION], ,[MAY CONTAIN PERSONALLY IDENTIFIABLE INFORMATION], ,[MAY CONTAIN PERSONALLY IDENTIFIABLE INFORMATION], ,Austin, ,TX ,[MAY CONTAIN PERSONALLY IDENTIFIABLE INFORMATION], ,Street,Dry,No Unusual Conditions,25, ,Dark - Lighted,Y, , , , , , , ,,SUV,No Injuries Reported,Yes,Stopped,No,No, ,Y, , , , , , , , , ,Proceeding Straight,No,No,No Passengers in Vehicle,10, , , , , , , , ,Y, , , ,Y, ,Y, ,Y,Y, , ,No,, ,Yes,, ,, ,, ,"[REDACTED, MAY CONTAIN CONFIDENTIAL BUSINESS INFORMATION]",Y,"A Cruise autonomous vehicle (""AV""), operating in driverless autonomous mode, was traveling eastbound on [XXX] between [XXX] and [XXX] when the AV approached a black Toyota Highlander that was stopped to the right of the AV in a curbside parking spot on [XXX]. As the AV passed the Toyota Highlander, a passenger of the Toyota Highlander opened their rear driver side door, making contact with the AV. This caused damage to the AV's front passenger side radar assembly. The parties exchanged information and there were no reported injuries. [REDACTED, MAY CONTAIN CONFIDENTIAL BUSINESS INFORMATION]",Y
30412-6262,1,Cruise LLC,5-Day,,,SEP-2023,5G21A6P04P4, ,N/A,Cruise,AV, ,2023, ,eb7f07c4713eac4,11074, ,Remote (Commercial / Test),"[REDACTED, MAY CONTAIN CONFIDENTIAL BUSINESS INFORMATION]", ,Y,"[REDACTED, MAY CONTAIN CONFIDENTIAL BUSINESS INFORMATION]", ,Y,"[REDACTED, MAY CONTAIN CONFIDENTIAL BUSINESS INFORMATION]", ,Y,"General Motors, LLC", , ,,, ,Y,No,,Yes,ADS,Cruise LLC, , ,Y, ,Y, , , ,,SEP-2023, ,SEP-2023,02:35, ,bf6c4ac7c86369b,[MAY CONTAIN PERSONALLY IDENTIFIABLE INFORMATION], ,[MAY CONTAIN PERSONALLY IDENTIFIABLE INFORMATION], ,[MAY CONTAIN PERSONALLY IDENTIFIABLE INFORMATION], ,Austin, ,TX ,[MAY CONTAIN PERSONALLY IDENTIFIABLE INFORMATION], ,Intersection,Dry,No Unusual Conditions,25, ,Dark - Lighted,Y, , , , , , , ,,SUV,No Injuries Reported,Yes,Proceeding Straight,No,No, , , , , ,Y, , ,Y, , ,Proceeding Straight,Yes,Yes,No Passengers in Vehicle,2, , ,Y, , , , , , , , , ,Y, ,Y, ,Y,Y, , ,No,, ,Yes,, ,, ,, ,"[REDACTED, MAY CONTAIN CONFIDENTIAL BUSINESS INFORMATION]",Y,"A Cruise autonomous vehicle (""AV""), operating in driverless autonomous mode, was at a complete stop in response to a four-way stop on northbound [XXX] at the intersection with [XXX]. As the AV was proceeding after clearing the intersection, a Chevrolet Tahoe traveling eastbound on [XXX] failed to stop, entered the intersection, and made contact with the AV, damaging the driver side front and rear passenger side doors, driver side front quarter panel, lower driver side B-Pillar and front driver side door sill of the AV. The parties exchanged information. There were no reported injuries and the AV was towed from the scene. [REDACTED, MAY CONTAIN CONFIDENTIAL BUSINESS INFORMATION]",Y