Report ID,Report Version,Reporting Entity,Report Type,Report Month,Report Year,Report Submission Date,VIN,VIN - Unknown,Serial Number,Make,Model,Model - Unknown,Model Year,Model Year - Unknown,Same Vehicle ID,Mileage,Mileage - Unknown,Driver / Operator Type,ADAS/ADS System Version,ADAS/ADS System Version - Unk,ADAS/ADS System Version CBI,ADAS/ADS Hardware Version,ADAS/ADS Hardware Version - Unk,ADAS/ADS Hardware Version CBI,ADAS/ADS Software Version,ADAS/ADS Software Version - Unk,ADAS/ADS Software Version CBI,Other Reporting Entities?,Other Reporting Entities? - Unk,Other Reporting Entities? - NA,Federal Regulatory Exemption?,Other Federal Reg. Exemption,Federal Reg. Exemption - Unk,Federal Reg. Exemption - No,State or Local Permit?,State or Local Permit,ADS Equipped?,Automation System Engaged?,Operating Entity,Operating Entity - Unknown,Source - Complaint/Claim,Source - Telematics,Source - Law Enforcement,Source - Field Report,Source - Testing,Source - Media,Source - Other,Source - Other Text,Incident Date,Incident Date - Unknown,Notice Received Date,Incident Time (24:00),Incident Time - Unknown,Same Incident ID,Latitude,Latitude - Unknown,Longitude,Longitude - Unknown,Address,Address - Unknown,City,City - Unknown,State,Zip Code,Zip Code - Unknown,Roadway Type,Roadway Surface,Roadway Description,Posted Speed Limit (MPH),Posted Speed Limit - Unknown,Lighting,Weather - Clear,Weather - Snow,Weather - Cloudy,Weather - Fog/Smoke,Weather - Rain,Weather - Severe Wind,Weather - Unknown,Weather - Other,Weather - Other Text,Crash With,Highest Injury Severity Alleged,Property Damage?,CP Pre-Crash Movement,CP Any Air Bags Deployed?,CP Was Vehicle Towed?,CP Contact Area - Rear Left,CP Contact Area - Left,CP Contact Area - Front Left,CP Contact Area - Rear,CP Contact Area - Top,CP Contact Area - Front,CP Contact Area - Rear Right,CP Contact Area - Right,CP Contact Area - Front Right,CP Contact Area - Bottom,CP Contact Area - Unknown,SV Pre-Crash Movement,SV Any Air Bags Deployed?,SV Was Vehicle Towed?,SV Were All Passengers Belted?,SV Precrash Speed (MPH),SV Pre-crash Speed - Unknown,SV Contact Area - Rear Left,SV Contact Area - Left,SV Contact Area - Front Left,SV Contact Area - Rear,SV Contact Area - Top,SV Contact Area - Front,SV Contact Area - Rear Right,SV Contact Area - Right,SV Contact Area - Front Right,SV Contact Area - Bottom,SV Contact Area - Unknown,Data Availability - EDR,Data Availability - Police Rpt,Data Availability - Telematics,Data Availability - Complaints,Data Availability - Video,Data Availability - Other,Data Availability - No Data,Data Availability - Unknown,Law Enforcement Investigating?,Investigating Agency,Investigating Agency - Unknown,Rep Ent Or Mfr Investigating?,Investigating Officer Name,Inv. Officer Name - Unknown,Investigating Officer Phone,Inv. Officer Phone - Unknown,Investigating Officer Email,Inv. Officer Email - Unknown,Within ODD?,Within ODD? - CBI,Narrative,Narrative - CBI?
30412-5288,2,Cruise LLC,10-Day Update,,,APR-2023,5G21A6P09P4, ,N/A,Cruise,AV, ,2023, ,66456c29dc6d465,4131, ,Remote (Commercial / Test),"[REDACTED, MAY CONTAIN CONFIDENTIAL BUSINESS INFORMATION]", ,Y,, , ,, , ,, , ,,, , ,,,Yes,ADS,Cruise LLC, , ,Y, ,Y, , , ,,APR-2023, ,APR-2023,03:15, ,f33492b4c98bb33,[MAY CONTAIN PERSONALLY IDENTIFIABLE INFORMATION], ,[MAY CONTAIN PERSONALLY IDENTIFIABLE INFORMATION], ,[MAY CONTAIN PERSONALLY IDENTIFIABLE INFORMATION], ,Austin, ,TX ,[MAY CONTAIN PERSONALLY IDENTIFIABLE INFORMATION], ,Street,Dry,No Unusual Conditions,25, ,Dark - Lighted,Y, , , , , , , ,,Passenger Car,No Injuries Reported,Yes,Stopped,No,Yes, ,Y, , , , , , , , , ,Proceeding Straight,No,No,No Passengers in Vehicle,9, , , , , , , , ,Y,Y, , ,Y, ,Y, ,Y,Y, , ,No,, ,Yes,, ,, ,, ,"[REDACTED, MAY CONTAIN CONFIDENTIAL BUSINESS INFORMATION]",Y,"There are no updates related to this incident since the original submission on April 16, 2023. Cruise autonomous vehicle (""Cruise AV 1""), operating in driverless autonomous mode, was stopped for a passenger drop-off beside the right curb of [XXX] between [XXX] and [XXX]. One of the passengers of Cruise AV 1 opened the driver side rear passenger door into the lane of traffic as another Cruise AV (""Cruise AV 2""), operating in driverless autonomous mode, was passing by Cruise AV 1 in the lane of traffic on [XXX]. The door of the Cruise AV 1 made contact with Cruise AV 2 as Cruise AV 2 was passing. The contact caused damage to the left rear door of Cruise AV 1 and to the front passenger side mirror, front passenger side sensor, front passenger side fender, and front and rear passenger side door of Cruise AV 2. There were no reported injuries. Cruise AV 1 was towed from the scene.
Although this contact was a single incident, we are reporting the incident in two separate SGO reports because it involved two Cruise AVs. Cruise AV 1 is the ""subject vehicle"" of CruiseLLC-30412-5287-1 and CruiseLLC-30412-5287-2. Cruise AV 2 is the ""subject vehicle"" of CruiseLLC-30412-5288-1 and CruiseLLC-30412-5288-2. [REDACTED, MAY CONTAIN CONFIDENTIAL BUSINESS INFORMATION]",Y
30412-5287,2,Cruise LLC,10-Day Update,,,APR-2023,5G21A6P03N4, ,N/A,Cruise,AV, ,2022, ,8aae92901672e74,4743, ,Remote (Commercial / Test),"[REDACTED, MAY CONTAIN CONFIDENTIAL BUSINESS INFORMATION]", ,Y,, , ,, , ,, , ,,, , ,,,Yes,ADS,Cruise LLC, , ,Y, ,Y, , , ,,APR-2023, ,APR-2023,03:15, ,157c3bf1bb69649,[MAY CONTAIN PERSONALLY IDENTIFIABLE INFORMATION], ,[MAY CONTAIN PERSONALLY IDENTIFIABLE INFORMATION], ,[MAY CONTAIN PERSONALLY IDENTIFIABLE INFORMATION], ,Austin, ,TX ,[MAY CONTAIN PERSONALLY IDENTIFIABLE INFORMATION], ,Street,Dry,No Unusual Conditions,25, ,Dark - Lighted,Y, , , , , , , ,,Passenger Car,No Injuries Reported,Yes,Proceeding Straight,No,No, , , , , , , ,Y,Y, , ,Stopped,No,Yes,"No, see Narrative",0, , ,Y, , , , , , , , , ,Y, ,Y, ,Y,Y, , ,No,, ,Yes,, ,, ,, ,"[REDACTED, MAY CONTAIN CONFIDENTIAL BUSINESS INFORMATION]",Y,"There are no updates related to this incident since the original submission on April 16, 2023. A Cruise autonomous vehicle (""Cruise AV 1""), operating in driverless autonomous mode, was stopped for a passenger drop-off beside the right curb of [XXX] between [XXX] and [XXX]. One of the passengers of Cruise AV 1 opened the driver side rear passenger door into the lane of traffic as another Cruise AV (""Cruise AV 2""), operating in driverless autonomous mode, was passing by Cruise AV 1 in the lane of traffic on [XXX]. The door of the Cruise AV 1 made contact with Cruise AV 2 as Cruise AV 2 was passing. The contact caused damage to the left rear door of Cruise AV 1 and to the front passenger side mirror, front passenger side sensor, front passenger side fender, and front and rear passenger side door of Cruise AV 2. There were no reported injuries. Cruise AV 1 was towed from the scene.
Although this contact was a single incident, we are reporting the incident in two separate SGO reports because it involved two Cruise AVs. Cruise AV 1 is the ""subject vehicle"" of CruiseLLC-30412-5287-1 and CruiseLLC-30412-5287-2. Cruise AV 2 is the ""subject vehicle"" of CruiseLLC-30412-5288-1 and CruiseLLC-30412-5288-2. [REDACTED, MAY CONTAIN CONFIDENTIAL BUSINESS INFORMATION]",Y
30531-5336,1,Transdev Alternative Services,Monthly,3,2023,APR-2023,SADHW2S10M1, ,N/A,Jaguar,I-Pace, ,2021, ,4d3dc5f194fb109,61708, ,In-Vehicle (Commercial / Test),5th Generation ADS, , ,, , ,, , ,, , ,,, , ,,,Yes,ADS,Waymo LLC, , ,Y, , , , , ,,MAR-2023, ,MAR-2023,13:35, ,91bc2053ec7b4b5,[MAY CONTAIN PERSONALLY IDENTIFIABLE INFORMATION], ,[MAY CONTAIN PERSONALLY IDENTIFIABLE INFORMATION], ,[MAY CONTAIN PERSONALLY IDENTIFIABLE INFORMATION], ,Tempe, ,AZ ,[MAY CONTAIN PERSONALLY IDENTIFIABLE INFORMATION], ,Intersection,Dry,No Unusual Conditions,35, ,Daylight,Y, , , , , , , ,,Passenger Car,No Injuries Reported,Yes,Making Right Turn,No,No, , , , , , , , ,Y, , ,Making Right Turn,No,No,Yes,2, , , , ,Y, , , , , , , , , ,Y, ,Y,Y, , ,No,, ,Yes,, ,, ,, ,Yes, ,"On March [XXX], 2023 at 1:35 PM PST a Waymo Autonomous Vehicle (""Waymo AV"") operating in Tempe, Arizona was in a collision involving a passenger car on [XXX] and [XXX].
While attempting a right turn in autonomous mode from westbound [XXX] onto northbound [XXX], the Waymo AV was yielding to traffic approaching from the left. As the Waymo AV attempted to proceed, the test driver transitioned to manual mode and brought the Waymo AV to a stop. A passenger car behind the Waymo AV proceeded forward and made contact with the rear of the Waymo AV. At the time of the impact, the Waymo AV's Level 4 ADS was not engaged and a test driver was operating the Waymo AV in manual mode. The Waymo AV and the passenger vehicle sustained damage.
Transdev Alternative Services is reporting this crash under Request no. 2 of Standing General Order 2021-01.  Transdev may supplement or correct its reporting with additional information as it may become available.  This is a duplicate of 30270-5326-1.", 
30531-5331,1,Transdev Alternative Services,Monthly,3,2023,APR-2023,SADHW2S12M1, ,N/A,Jaguar,I-Pace, ,2021, ,11bc4fb24b37091,44094, ,In-Vehicle (Commercial / Test),5th Generation ADS, , ,, , ,, , ,, , ,,, , ,,,Yes,ADS,Waymo LLC, , ,Y, , , , , ,,MAR-2023, ,MAR-2023,19:00, ,2d4a3a2b53be493,[MAY CONTAIN PERSONALLY IDENTIFIABLE INFORMATION], ,[MAY CONTAIN PERSONALLY IDENTIFIABLE INFORMATION], ,[MAY CONTAIN PERSONALLY IDENTIFIABLE INFORMATION], ,Tempe, ,AZ ,[MAY CONTAIN PERSONALLY IDENTIFIABLE INFORMATION], ,Street,Dry,No Unusual Conditions,40, ,Dark - Lighted,Y, , , , , , , ,,Passenger Car,Minor,Unknown,Proceeding Straight,No,No, , ,Y, , ,Y, , ,Y, , ,Proceeding Straight,No,No,Yes,1, ,Y, , ,Y, , ,Y, , , , , , ,Y, ,Y,Y, , ,Yes,Tempe Police Department, ,Yes,[MAY CONTAIN PERSONALLY IDENTIFIABLE INFORMATION], ,[MAY CONTAIN PERSONALLY IDENTIFIABLE INFORMATION], ,[MAY CONTAIN PERSONALLY IDENTIFIABLE INFORMATION], ,Yes, ,"On March [XXX], 2023 at 7:00 PM PST a Waymo Autonomous Vehicle (""Waymo AV"") operating in Tempe, Arizona was in a collision involving a passenger vehicle on [XXX] near [XXX].
The Waymo AV was traveling southbound on [XXX] behind traffic that was backed up from the intersection with [XXX].  As the Waymo AV was accelerating from a stop, a passenger vehicle approached the Waymo AV from behind and made contact with the rear of the Waymo AV.  At the time of the impact, the Waymo AV's Level 4 ADS was engaged in autonomous mode, and. a test driver was present (in the driver's seating position).  The Waymo AV test driver reported having a minor injury and the passenger vehicle left the scene.
Transdev Alternative Services is reporting this crash under Request no. 2 of Standing General Order 2021-01.  Transdev may supplement or correct its reporting with additional information as it may become available.  This report is a duplicate of 30270-5324-1.", 
30270-5324,1,Waymo LLC,Monthly,3,2023,APR-2023,SADHW2S12M1, ,N/A,Jaguar,I-Pace, ,2021, ,11bc4fb24b37091,44094, ,In-Vehicle (Commercial / Test),5th Generation ADS, , ,, , ,, , ,, , ,,, , ,,,Yes,ADS,Waymo LLC, , ,Y, , , , , ,,MAR-2023, ,MAR-2023,19:00, ,2d4a3a2b53be493,[MAY CONTAIN PERSONALLY IDENTIFIABLE INFORMATION], ,[MAY CONTAIN PERSONALLY IDENTIFIABLE INFORMATION], ,[MAY CONTAIN PERSONALLY IDENTIFIABLE INFORMATION], ,Tempe, ,AZ ,[MAY CONTAIN PERSONALLY IDENTIFIABLE INFORMATION], ,Street,Dry,No Unusual Conditions,40, ,Dark - Lighted,Y, , , , , , , ,,Passenger Car,Minor,Unknown,Proceeding Straight,No,No, , ,Y, , ,Y, , ,Y, , ,Proceeding Straight,No,No,Yes,1, ,Y, , ,Y, , ,Y, , , , , , ,Y, ,Y,Y, , ,Yes,Tempe Police Department, ,Yes,[MAY CONTAIN PERSONALLY IDENTIFIABLE INFORMATION], ,[MAY CONTAIN PERSONALLY IDENTIFIABLE INFORMATION], ,[MAY CONTAIN PERSONALLY IDENTIFIABLE INFORMATION], ,Yes, ,"On March [XXX], 2023 at 7:00 PM PST a Waymo Autonomous Vehicle (Waymo AV) operating in Tempe, Arizona was in a collision involving a passenger vehicle on [XXX] near [XXX].
The Waymo AV was traveling southbound on [XXX] behind traffic that was backed up from the intersection with [XXX]. As the Waymo AV was accelerating from a stop, a passenger vehicle approached the Waymo AV from behind and made contact with the rear of the Waymo AV. At the time of the impact, the Waymo AVs Level 4 ADS was engaged in autonomous mode, and a test driver was present (in the drivers seating position). The Waymo AV test driver reported having a minor injury and the passenger vehicle left the scene.
Waymo is reporting this crash under Request No. 2 of Standing General Order 2021-01. Waymo may supplement or correct its reporting with additional information as it may become available.", 
30270-5326,1,Waymo LLC,Monthly,3,2023,APR-2023,SADHW2S10M1, ,N/A,Jaguar,I-Pace, ,2021, ,4d3dc5f194fb109,61708, ,In-Vehicle (Commercial / Test),5th Generation ADS, , ,, , ,, , ,, , ,,, , ,,,Yes,ADS,Waymo LLC, , ,Y, , , , , ,,MAR-2023, ,MAR-2023,13:35, ,91bc2053ec7b4b5,[MAY CONTAIN PERSONALLY IDENTIFIABLE INFORMATION], ,[MAY CONTAIN PERSONALLY IDENTIFIABLE INFORMATION], ,[MAY CONTAIN PERSONALLY IDENTIFIABLE INFORMATION], ,Tempe, ,AZ ,[MAY CONTAIN PERSONALLY IDENTIFIABLE INFORMATION], ,Intersection,Dry,No Unusual Conditions,35, ,Daylight,Y, , , , , , , ,,Passenger Car,No Injuries Reported,Yes,Making Right Turn,No,No, , , , , , , , ,Y, , ,Making Right Turn,No,No,Yes,2, , , , ,Y, , , , , , , , , ,Y, ,Y,Y, , ,No,, ,Yes,, ,, ,, ,Yes, ,"On March [XXX], 2023 at 1:35 PM PST a Waymo Autonomous Vehicle (Waymo AV) operating in Tempe, Arizona was in a collision involving a passenger car on [XXX] and [XXX].
While attempting a right turn in autonomous mode from westbound [XXX] onto northbound [XXX], the Waymo AV was yielding to traffic approaching from the left. As the Waymo AV attempted to proceed, the test driver transitioned to manual mode and brought the Waymo AV to a stop. A passenger car behind the Waymo AV proceeded forward and made contact with the rear of the Waymo AV. At the time of the impact, the Waymo AVs Level 4 ADS was not engaged and a test driver was operating the Waymo AV in manual mode. The Waymo AV and the passenger vehicle sustained damage.
Waymo is reporting this crash under Request No. 2 of Standing General Order 2021-01. Waymo may supplement or correct its reporting with additional information as it may become available.", 
30792-4714,1,WeRide Corp,Monthly,1,2023,APR-2023,1N4CZ1CV2PC, ,n/a,Nissan,Leaf SV Plus, ,2023, ,caa76225bb77e79,868, ,In-Vehicle (Commercial / Test),Level 4, , ,, , ,, , ,, , ,,, , ,,,Yes,ADS,WeRide Corp, , ,Y, , ,Y, , ,,DEC-2022, ,DEC-2022,16:31, ,72519d84cb48f6e,[MAY CONTAIN PERSONALLY IDENTIFIABLE INFORMATION], ,[MAY CONTAIN PERSONALLY IDENTIFIABLE INFORMATION], ,[MAY CONTAIN PERSONALLY IDENTIFIABLE INFORMATION], ,Las Vegas, ,NV ,[MAY CONTAIN PERSONALLY IDENTIFIABLE INFORMATION], ,Intersection,Dry,No Unusual Conditions,30, ,Dawn / Dusk,Y, , , , , , , ,,SUV,No Injuries Reported,Yes,Making Right Turn,No,No, , ,Y, , , , , , , , ,Making Right Turn,No,No,Yes,0, , , , ,Y, , , , , , , , , ,Y, ,Y, , , ,No,, ,Yes,, ,, ,, ,Yes, ,"At  4:31pm on 12/[XXX]/2023 a Weride safety officer operating a Weride L4 autonomous vehicle (car 1) was in autonomous mode traveling South Bound [XXX] and was stopped at the right turn lane for a red traffic light towards [XXX].  While the light was still red, our vehicle slowly moved forward and then yielded for incoming cross traffic. While yielding, the rear vehicle (car 2) behind us accelerated and collided with our vehicle (car 1). The safety driver then disengaged the vehicle as a precautionary measure (car 1) and moved over to examine the minor rear-end collision situation and exchange information with car 2 driver. Since the damage to weride car was minimal, it was driven back in manual mode.", 
30270-5319,1,Waymo LLC,Monthly,3,2023,APR-2023,SADHW2S16M1, ,N/A,Jaguar,I-Pace, ,2021, ,dd9c07aaa0d58c4,38196, ,None,5th Generation ADS, , ,, , ,, , ,, , ,,, , ,,,Yes,ADS,Waymo LLC, , ,Y, , , , , ,,MAR-2023, ,MAR-2023,12:03, ,2b877b899692cdd,[MAY CONTAIN PERSONALLY IDENTIFIABLE INFORMATION], ,[MAY CONTAIN PERSONALLY IDENTIFIABLE INFORMATION], ,[MAY CONTAIN PERSONALLY IDENTIFIABLE INFORMATION], ,Phoenix, ,AZ ,[MAY CONTAIN PERSONALLY IDENTIFIABLE INFORMATION], ,Street,Dry,No Unusual Conditions,25, ,Daylight,Y, , , , , , , ,,Heavy Truck,No Injuries Reported,Yes,Backing,No,No, , , , , , ,Y, , , , ,Stopped,No,No,No Passengers in Vehicle,0, , , ,Y, , , , , , , , , , ,Y, ,Y,Y, , ,No,, ,Yes,, ,, ,, ,Yes, ,"On March [XXX], 2023 at 12:03 PM PST a Waymo Autonomous Vehicle (Waymo AV) operating in Phoenix, Arizona was in a collision involving a heavy truck on [XXX] between [XXX] and [XXX].
The Waymo AV was traveling southbound on [XXX] when it approached a heavy truck and trailer that was positioning to reverse perpendicularly across [XXX] to back into an adjacent driveway. The Waymo AV stopped and the truck and trailer began reversing across [XXX]. The rear passengers side corner of the truck then made contact with the front drivers side corner of the stationary Waymo AV. At the time of the impact, the Waymo AVs Level 4 ADS was engaged in autonomous mode. The Waymo AV sustained damage.
Waymo is reporting this crash under Request No. 2 of Standing General Order 2021-01. Waymo may supplement or correct its reporting with additional information as it may become available.", 
988-5310,1,PACCAR Incorporated,Monthly,4,2023,APR-2023,1XPBD49X2PD, ,[MAY CONTAIN PERSONALLY IDENTIFIABLE INFORMATION],Peterbilt,579, ,2022, ,266606b641b9c42,31279, ,In-Vehicle (Commercial / Test),"[REDACTED, MAY CONTAIN CONFIDENTIAL BUSINESS INFORMATION]", ,Y,, , ,, , ,, , ,,, , ,,,Yes,"Unknown, see Narrative","Aurora Operations, Inc.", , ,Y, ,Y, , , ,,MAR-2023, ,MAR-2023,8:01, ,5e8ac7239468e4d,[MAY CONTAIN PERSONALLY IDENTIFIABLE INFORMATION], ,[MAY CONTAIN PERSONALLY IDENTIFIABLE INFORMATION], ,[MAY CONTAIN PERSONALLY IDENTIFIABLE INFORMATION], ,Weatherford, ,TX ,[MAY CONTAIN PERSONALLY IDENTIFIABLE INFORMATION], ,Highway / Freeway,Dry,No Unusual Conditions,70, ,Daylight, , ,Y, , , , , ,,Passenger Car,No Injuries Reported,Yes,Lane / Road Departure,No,No, , , , , , ,Y, , , , ,Lane / Road Departure,No,No,Unknown,65, , , ,Y, , , , , , , , ,Y, ,Y, ,Y,Y, , ,Yes,Weatherford Police Dept, ,Yes,,Y,,Y,,Y,Yes, ,"At 8:01 AM CDT on 3/[XXX]/23, an Aurora Class 8 truck was traveling westbound in autonomy mode on [XXX]
near [XXX] when a passing vehicle encroached on the Aurora trucks lane. The Aurora truck nudged right for the
vehicle encroaching on the lane. This vehicle continued to veer toward Aurora's truck at over 65 miles per hour,
causing a collision. Aurora disengaged autonomy before impact and pulled to the shoulder along with the involved
vehicle. Both vehicles were able to be driven from the scene, and there were no reported injuries.", 
540-5297,1,"General Motors, LLC",1-Day,,,APR-2023,5G21A6P09P4, ,N/A,Cruise,AV, ,2023, ,66456c29dc6d465,4131, ,Remote (Commercial / Test),,Y, ,, , ,, , ,, , ,,, , ,,,Yes,ADS,Cruise LLC, , ,Y, ,Y, , , ,,APR-2023, ,APR-2023,03:15, ,f33492b4c98bb33,[MAY CONTAIN PERSONALLY IDENTIFIABLE INFORMATION], ,[MAY CONTAIN PERSONALLY IDENTIFIABLE INFORMATION], ,[MAY CONTAIN PERSONALLY IDENTIFIABLE INFORMATION], ,Austin, ,TX ,[MAY CONTAIN PERSONALLY IDENTIFIABLE INFORMATION], ,Street,Dry,No Unusual Conditions,25, ,Dark - Lighted,Y, , , , , , , ,,Passenger Car,No Injuries Reported,Yes,Stopped,No,Yes, ,Y, , , , , , , , , ,Proceeding Straight,No,No,No Passengers in Vehicle,9, , , , , , , , ,Y,Y, , ,Y, ,Y, ,Y,Y, , ,No,, ,Yes,, ,, ,, ,"Unknown, see Narrative", ,"On April 16, 2023, GM Cruise Holdings LLC (""Cruise"") filed an Incident Report (the ""Report"") under the Standing General Order 2021-01 dated June 29, 2021 (the ""Order""). General Motors LLC (GM) manufactured the Cruise-operated motor vehicle involved in the incident summarized in the Incident Report. Because GM is also a Reporting Entity under the Order, GM is submitting a duplicate of the redacted public copy of the Report. GM has selected ""Unknown"" in the ""ADS version"" and ""ODD time"" fields solely to avoid a second submission of nonpublic Cruise CBI GM is in possession of Cruise's responses to these fields, and incorporates Cruise's responses into this submission by reference. GM's submission is based on facts supplied to GM by Cruise. GM has not investigated the alleged incident and currently believes, based on a reasonable inquiry, that it has no independent knowledge of the facts in the Report. (Reference file:30412-5288-1)", 
540-5296,1,"General Motors, LLC",1-Day,,,APR-2023,5G21A6P03N4, ,N/A,Cruise,AV, ,2022, ,8aae92901672e74,4743, ,Remote (Commercial / Test),,Y, ,, , ,, , ,, , ,,, , ,,,Yes,ADS,Cruise LLC, , ,Y, ,Y, , , ,,APR-2023, ,APR-2023,03:15, ,157c3bf1bb69649,[MAY CONTAIN PERSONALLY IDENTIFIABLE INFORMATION], ,[MAY CONTAIN PERSONALLY IDENTIFIABLE INFORMATION], ,[MAY CONTAIN PERSONALLY IDENTIFIABLE INFORMATION], ,Austin, ,TX ,[MAY CONTAIN PERSONALLY IDENTIFIABLE INFORMATION], ,Street,Dry,No Unusual Conditions,25, ,Dark - Lighted,Y, , , , , , , ,,Passenger Car,No Injuries Reported,Yes,Proceeding Straight,No,No, , , , , , , ,Y,Y, , ,Stopped,No,Yes,"No, see Narrative",0, , ,Y, , , , , , , , , ,Y, ,Y, ,Y,Y, , ,No,, ,Yes,, ,, ,, ,"Unknown, see Narrative", ,"On April 16, 2023, GM Cruise Holdings LLC (""Cruise"") filed an Incident Report (the ""Report"") under the Standing General Order 2021-01 dated June 29, 2021 (the ""Order""). General Motors LLC (GM) manufactured the Cruise-operated motor vehicle involved in the incident summarized in the Incident Report. Because GM is also a Reporting Entity under the Order, GM is submitting a duplicate of the redacted public copy of the Report. GM has selected ""Unknown"" in the ""ADS version"" and ""ODD time"" fields solely to avoid a second submission of nonpublic Cruise CBI GM is in possession of Cruise's responses to these fields, and incorporates Cruise's responses into this submission by reference. GM's submission is based on facts supplied to GM by Cruise. GM has not investigated the alleged incident and currently believes, based on a reasonable inquiry, that it has no independent knowledge of the facts in the Report. (Reference file:30412-5287-1)", 
30412-5288,1,Cruise LLC,1-Day,,,APR-2023,5G21A6P09P4, ,N/A,Cruise,AV, ,2023, ,66456c29dc6d465,4131, ,Remote (Commercial / Test),"[REDACTED, MAY CONTAIN CONFIDENTIAL BUSINESS INFORMATION]", ,Y,, , ,, , ,, , ,,, , ,,,Yes,ADS,Cruise LLC, , ,Y, ,Y, , , ,,APR-2023, ,APR-2023,03:15, ,f33492b4c98bb33,[MAY CONTAIN PERSONALLY IDENTIFIABLE INFORMATION], ,[MAY CONTAIN PERSONALLY IDENTIFIABLE INFORMATION], ,[MAY CONTAIN PERSONALLY IDENTIFIABLE INFORMATION], ,Austin, ,TX ,[MAY CONTAIN PERSONALLY IDENTIFIABLE INFORMATION], ,Street,Dry,No Unusual Conditions,25, ,Dark - Lighted,Y, , , , , , , ,,Passenger Car,No Injuries Reported,Yes,Stopped,No,Yes, ,Y, , , , , , , , , ,Proceeding Straight,No,No,No Passengers in Vehicle,9, , , , , , , , ,Y,Y, , ,Y, ,Y, ,Y,Y, , ,No,, ,Yes,, ,, ,, ,"[REDACTED, MAY CONTAIN CONFIDENTIAL BUSINESS INFORMATION]",Y,"A Cruise autonomous vehicle (""Cruise AV 1""), operating in driverless autonomous mode, was stopped for a passenger drop-off beside the right curb of [XXX] between [XXX] and [XXX]. One of the passengers of Cruise AV 1 opened the driver side rear passenger door into the lane of traffic as another Cruise AV (""Cruise AV 2""), operating in driverless autonomous mode, was passing by Cruise AV 1 in the lane of traffic on [XXX]. The door of the Cruise AV 1 made contact with Cruise AV 2 as Cruise AV 2 was passing. The contact caused damage to the left rear door of Cruise AV 1 and to the front passenger side mirror, front passenger side sensor, front passenger side fender, and front and rear passenger side door of Cruise AV 2. There were no reported injuries. Cruise AV 1 was towed from the scene.
Although this contact was a single incident, we are reporting the incident in two separate SGO reports because it involved two Cruise AVs. Cruise AV 1 is the ""subject vehicle"" of CruiseLLC-30412-5287-1. Cruise AV 2 is the ""subject vehicle"" of CruiseLLC-30412-5288-1. [REDACTED, MAY CONTAIN CONFIDENTIAL BUSINESS INFORMATION]",Y
30412-5287,1,Cruise LLC,1-Day,,,APR-2023,5G21A6P03N4, ,N/A,Cruise,AV, ,2022, ,8aae92901672e74,4743, ,Remote (Commercial / Test),"[REDACTED, MAY CONTAIN CONFIDENTIAL BUSINESS INFORMATION]", ,Y,, , ,, , ,, , ,,, , ,,,Yes,ADS,Cruise LLC, , ,Y, ,Y, , , ,,APR-2023, ,APR-2023,03:15, ,157c3bf1bb69649,[MAY CONTAIN PERSONALLY IDENTIFIABLE INFORMATION], ,[MAY CONTAIN PERSONALLY IDENTIFIABLE INFORMATION], ,[MAY CONTAIN PERSONALLY IDENTIFIABLE INFORMATION], ,Austin, ,TX ,[MAY CONTAIN PERSONALLY IDENTIFIABLE INFORMATION], ,Street,Dry,No Unusual Conditions,25, ,Dark - Lighted,Y, , , , , , , ,,Passenger Car,No Injuries Reported,Yes,Proceeding Straight,No,No, , , , , , , ,Y,Y, , ,Stopped,No,Yes,"No, see Narrative",0, , ,Y, , , , , , , , , ,Y, ,Y, ,Y,Y, , ,No,, ,Yes,, ,, ,, ,"[REDACTED, MAY CONTAIN CONFIDENTIAL BUSINESS INFORMATION]",Y,"A Cruise autonomous vehicle (""Cruise AV 1""), operating in driverless autonomous mode, was stopped for a passenger drop-off beside the right curb of [XXX] between [XXX] and [XXX]. One of the passengers of Cruise AV 1 opened the driver side rear passenger door into the lane of traffic as another Cruise AV (""Cruise AV 2""), operating in driverless autonomous mode, was passing by Cruise AV 1 in the lane of traffic on [XXX]. The door of the Cruise AV 1 made contact with Cruise AV 2 as Cruise AV 2 was passing. The contact caused damage to the left rear door of Cruise AV 1 and to the front passenger side mirror, front passenger side sensor, front passenger side fender, and front and rear passenger side door of Cruise AV 2. There were no reported injuries. Cruise AV 1 was towed from the scene.
Although this contact was a single incident, we are reporting the incident in two separate SGO reports because it involved two Cruise AVs. Cruise AV 1 is the ""subject vehicle"" of CruiseLLC-30412-5287-1. Cruise AV 2 is the ""subject vehicle"" of CruiseLLC-30412-5288-1. [REDACTED, MAY CONTAIN CONFIDENTIAL BUSINESS INFORMATION]",Y