Report ID,Report Version,Reporting Entity,Report Type,Report Month,Report Year,Report Submission Date,VIN,VIN - Unknown,Serial Number,Make,Model,Model - Unknown,Model Year,Model Year - Unknown,Same Vehicle ID,Mileage,Mileage - Unknown,Driver / Operator Type,ADAS/ADS System Version,ADAS/ADS System Version - Unk,ADAS/ADS System Version CBI,ADAS/ADS Hardware Version,ADAS/ADS Hardware Version - Unk,ADAS/ADS Hardware Version CBI,ADAS/ADS Software Version,ADAS/ADS Software Version - Unk,ADAS/ADS Software Version CBI,Other Reporting Entities?,Other Reporting Entities? - Unk,Other Reporting Entities? - NA,Federal Regulatory Exemption?,Other Federal Reg. Exemption,Federal Reg. Exemption - Unk,Federal Reg. Exemption - No,State or Local Permit?,State or Local Permit,ADS Equipped?,Automation System Engaged?,Operating Entity,Operating Entity - Unknown,Source - Complaint/Claim,Source - Telematics,Source - Law Enforcement,Source - Field Report,Source - Testing,Source - Media,Source - Other,Source - Other Text,Incident Date,Incident Date - Unknown,Notice Received Date,Incident Time (24:00),Incident Time - Unknown,Same Incident ID,Latitude,Latitude - Unknown,Longitude,Longitude - Unknown,Address,Address - Unknown,City,City - Unknown,State,Zip Code,Zip Code - Unknown,Roadway Type,Roadway Surface,Roadway Description,Posted Speed Limit (MPH),Posted Speed Limit - Unknown,Lighting,Weather - Clear,Weather - Snow,Weather - Cloudy,Weather - Fog/Smoke,Weather - Rain,Weather - Severe Wind,Weather - Unknown,Weather - Other,Weather - Other Text,Crash With,Highest Injury Severity Alleged,Property Damage?,CP Pre-Crash Movement,CP Any Air Bags Deployed?,CP Was Vehicle Towed?,CP Contact Area - Rear Left,CP Contact Area - Left,CP Contact Area - Front Left,CP Contact Area - Rear,CP Contact Area - Top,CP Contact Area - Front,CP Contact Area - Rear Right,CP Contact Area - Right,CP Contact Area - Front Right,CP Contact Area - Bottom,CP Contact Area - Unknown,SV Pre-Crash Movement,SV Any Air Bags Deployed?,SV Was Vehicle Towed?,SV Were All Passengers Belted?,SV Precrash Speed (MPH),SV Pre-crash Speed - Unknown,SV Contact Area - Rear Left,SV Contact Area - Left,SV Contact Area - Front Left,SV Contact Area - Rear,SV Contact Area - Top,SV Contact Area - Front,SV Contact Area - Rear Right,SV Contact Area - Right,SV Contact Area - Front Right,SV Contact Area - Bottom,SV Contact Area - Unknown,Data Availability - EDR,Data Availability - Police Rpt,Data Availability - Telematics,Data Availability - Complaints,Data Availability - Video,Data Availability - Other,Data Availability - No Data,Data Availability - Unknown,Law Enforcement Investigating?,Investigating Agency,Investigating Agency - Unknown,Rep Ent Or Mfr Investigating?,Investigating Officer Name,Inv. Officer Name - Unknown,Investigating Officer Phone,Inv. Officer Phone - Unknown,Investigating Officer Email,Inv. Officer Email - Unknown,Within ODD?,Within ODD? - CBI,Narrative,Narrative - CBI?
30270-4906,2,Waymo LLC,10-Day Update,,,FEB-2023,SADHW2S16M1, ,N/A,Jaguar,I-Pace, ,2021, ,539ccc1f53d0028,47034, ,In-Vehicle (Commercial / Test),5th Generation ADS, , ,, , ,, , ,, , ,,, , ,,,Yes,ADS,Waymo LLC, , ,Y, , , , , ,,FEB-2023, ,FEB-2023,13:08, ,5ab71fb3ca70aad,[MAY CONTAIN PERSONALLY IDENTIFIABLE INFORMATION], ,[MAY CONTAIN PERSONALLY IDENTIFIABLE INFORMATION], ,[MAY CONTAIN PERSONALLY IDENTIFIABLE INFORMATION], ,Tempe, ,AZ ,[MAY CONTAIN PERSONALLY IDENTIFIABLE INFORMATION], ,Highway / Freeway,Dry,No Unusual Conditions,65, ,Daylight,Y, , , , , , , ,,Passenger Car,No Injuries Reported,Yes,Proceeding Straight,No,No, , ,Y, , ,Y, , ,Y, , ,Proceeding Straight,No,Yes,Yes,13, ,Y, , ,Y, , ,Y, , , , , , ,Y, ,Y,Y, , ,Unknown,,Y,Yes,,Y,,Y,,Y,Yes, ,"Other than removing the time zone from the narrative below and correcting the total number of lanes on the highway, the content of this report is unchanged from the initial report submitted on February 19, 2023 [REDACTED, MAY CONTAIN CONFIDENTIAL BUSINESS INFORMATION]. 
On February [XXX], 2023 at 1:08 PM PST a Waymo Autonomous Vehicle (Waymo AV) operating in Tempe, AZ was in a collision involving a Passenger Car on [XXX] near [XXX] ([XXX]).
The Waymo AV was traveling in the second lane from the right (lane 5 out of 6 lanes) in the eastbound direction of [XXX] when it started to decelerate in response to slow traffic ahead in the AVs lane. A passenger vehicle approached the Waymo AV from behind and made contact with the rear of the Waymo AV. At the time of the impact, the Waymo AVs Level 4 ADS was not engaged and a test driver was operating the Waymo AV in manual mode. The Waymo AV sustained damage. The other vehicle left the scene without exchanging information.
Waymo is reporting this crash under Request No. 1 of Standing General Order 2021-01 because a vehicle involved was towed away. Waymo may supplement or correct its reporting with additional information as it may become available.", 
30531-4907,1,Transdev Alternative Services,1-Day,,,FEB-2023,SADHW2S16M1, ,N/A,Jaguar,I-Pace, ,2021, ,539ccc1f53d0028,47034, ,In-Vehicle (Commercial / Test),5th Generation ADS, , ,, , ,, , ,, , ,,, , ,,,Yes,ADS,Waymo LLC, , ,Y, , , , , ,,FEB-2023, ,FEB-2023,13:08, ,5ab71fb3ca70aad,[MAY CONTAIN PERSONALLY IDENTIFIABLE INFORMATION], ,[MAY CONTAIN PERSONALLY IDENTIFIABLE INFORMATION], ,[MAY CONTAIN PERSONALLY IDENTIFIABLE INFORMATION], ,Tempe, ,AZ ,[MAY CONTAIN PERSONALLY IDENTIFIABLE INFORMATION], ,Highway / Freeway,Dry,No Unusual Conditions,65, ,Daylight,Y, , , , , , , ,,Passenger Car,No Injuries Reported,Yes,Proceeding Straight,No,No, , ,Y, , ,Y, , ,Y, , ,Proceeding Straight,No,Yes,Yes,13, ,Y, , ,Y, , ,Y, , , , , , ,Y, ,Y,Y, , ,Unknown,,Y,Yes,,Y,,Y,,Y,Yes, ,"On February [XXX], 2023 at 1:08 PM PST a Waymo Autonomous Vehicle (""Waymo AV"") operating in Tempe, AZ was in a collision involving a Passenger Car on [XXX] near [XXX] ([XXX]).
The Waymo AV was traveling in the second lane from the right (lane 4 out of 5 lanes) in the eastbound direction of [XXX] when it started to decelerate in response to slow traffic ahead in the AV's lane.  A passenger vehicle approached the Waymo AV from behind and made contact with the rear of the Waymo AV.  At the time of the impact, the Waymo AV's Level 4 ADS was not engaged and a test driver was operating the Waymo AV in manual mode.  The Waymo AV sustained damage.  The other vehicle left the scene without exchanging information.
Transdev Alternative Services is reporting this crash under Request No. 1 of Standing General Order 2021-01 because a vehicle involved was towed away.  Transdev may supplement or correct its reporting with additional information as it may become available.  This report is a duplicate of Report ID: 30270-4906-1", 
30270-4906,1,Waymo LLC,1-Day,,,FEB-2023,SADHW2S16M1, ,N/A,Jaguar,I-Pace, ,2021, ,539ccc1f53d0028,47034, ,In-Vehicle (Commercial / Test),5th Generation ADS, , ,, , ,, , ,, , ,,, , ,,,Yes,ADS,Waymo LLC, , ,Y, , , , , ,,FEB-2023, ,FEB-2023,13:08, ,5ab71fb3ca70aad,[MAY CONTAIN PERSONALLY IDENTIFIABLE INFORMATION], ,[MAY CONTAIN PERSONALLY IDENTIFIABLE INFORMATION], ,[MAY CONTAIN PERSONALLY IDENTIFIABLE INFORMATION], ,Tempe, ,AZ ,[MAY CONTAIN PERSONALLY IDENTIFIABLE INFORMATION], ,Highway / Freeway,Dry,No Unusual Conditions,65, ,Daylight,Y, , , , , , , ,,Passenger Car,No Injuries Reported,Yes,Proceeding Straight,No,No, , ,Y, , ,Y, , ,Y, , ,Proceeding Straight,No,Yes,Yes,13, ,Y, , ,Y, , ,Y, , , , , , ,Y, ,Y,Y, , ,Unknown,,Y,Yes,,Y,,Y,,Y,Yes, ,"On February [XXX], 2023 at 1:08 PM PST a Waymo Autonomous Vehicle (Waymo AV) operating in Tempe, AZ was in a collision involving a Passenger Car on [XXX] near [XXX] ([XXX]).
The Waymo AV was traveling in the second lane from the right (lane 4 out of 5 lanes) in the eastbound direction of [XXX] when it started to decelerate in response to slow traffic ahead in the AVs lane. A passenger vehicle approached the Waymo AV from behind and made contact with the rear of the Waymo AV. At the time of the impact, the Waymo AVs Level 4 ADS was not engaged and a test driver was operating the Waymo AV in manual mode. The Waymo AV sustained damage. The other vehicle left the scene without exchanging information.
Waymo is reporting this crash under Request No. 1 of Standing General Order 2021-01 because a vehicle involved was towed away. Waymo may supplement or correct its reporting with additional information as it may become available. This report was submitted from the Pacific time zone on the required date.", 
30690-4793,1,Robotic Research,Monthly,1,2023,FEB-2023,1L90LL122MT, ,[MAY CONTAIN PERSONALLY IDENTIFIABLE INFORMATION],Local Motors,2.0, ,2018, ,a58d95ed6f929ea,280, ,Consumer,77106, , ,, , ,, , ,, , ,,, , ,,,Yes,ADS,, , , , ,Y, , , ,,JAN-2023, ,JAN-2023,11:01, ,b60e02de2f46f8f,[MAY CONTAIN PERSONALLY IDENTIFIABLE INFORMATION], ,[MAY CONTAIN PERSONALLY IDENTIFIABLE INFORMATION], ,[MAY CONTAIN PERSONALLY IDENTIFIABLE INFORMATION], ,Peachtree Corners, ,GA ,[MAY CONTAIN PERSONALLY IDENTIFIABLE INFORMATION], ,Street,Dry,No Unusual Conditions,30, ,Daylight, , ,Y, , , , , ,,Other Fixed Object,No Injuries Reported,Yes,,,, , , , , , , , , , , ,Proceeding Straight,No,No,Yes,9, , , , , , , , , ,Y, , , , , , ,Y,Y, , ,No,, ,Yes,, ,, ,, ,Yes, ,"On January [XXX], 2023, RRAI received a support request through their Customer Support Portal from Beep, Inc., the owner of the vehicle, regarding their Olli 2.0 vehicle bumping into the curb in Peachtree Corners, GA. At 11:01 am, while running the normal route, the Olli contacted the adjacent curb on the front right side, causing tie rod and cosmetic damage. No one was injured and the only damage was to the vehicle itself. The customer contacted RRAI through the client support portal shortly after the incident. No injuries occurred, there were no passengers besides the safety operator, no other vehicles were involved, and no emergency systems were engaged.
Olli 2.0 (S/N 2-18) is an 8-passenger shuttle that is no longer manufactured. The vehicle manufacturer, Local Motors, dissolved in 2022. Local Motors contracted RRAI to install autonomy kits for several Olli shuttles during the period of 2018 - 2020. RRAI provided some support for initial site deployment and ensured customer safety operators were trained on the autonomy system. Since the Local Motors dissolution in 2022, almost all Olli vehicles have been decommissioned.
To date, we have concluded the following:
1. There were no updates or alterations made by RRAI in the months prior to Jan [XXX]. In previous operations, including the immediately preceding operations on January 20th, 2023, Olli 2-18 ran the route as normal with no anomalies. There were no software updates or other system changes before it was run again on January [XXX], 2023, the date of curb contact.
2. The root cause of the curb contact was a communication error with the HD Map registration module. HD Map registration utilizes real-time lidar and positioning data and compares that to a-priori HD maps stored within the autonomy system. A communication problem occurred between the computer running the map registration software and the computer running the navigation algorithms. The cause for the communication problem has been identified and a fix has been implemented to prevent the issue from happening again (see below).
3. Steering was out of calibration. It was noted through data collection that the steering was out of calibration at time of incident. The autonomy system was attempting to correct this issue, but the vehicular steering system could not achieve the required turn radius. This is a vehicular maintenance concern managed by the customer.
It was determined that the HD map registration issue had not been observed during autonomous operations in the previous four years. The solution to prevent further occurrences includes:
1. Implementing a self-diagnostic routine upon system boot, which ensures the communication connection is established. If the connection is not established, this diagnostic will prevent the vehicle from driving autonomously. 
2. Updating the error checks to ensure that during run time, the vehicle will come to a controlled stop in event of a communication problem.  
3. Working with the customer to recalibrate the steering, and assisting in reviewing customer's vehicle maintenance checks for steering calibration if necessary.
4. Continuing to review data to determine other concerns or improvements.", 
30610-4810,2,"Zoox, Inc.",10-Day Update,,,FEB-2023,5TDDCRFHXGS, ,N/A,Toyota,Highlander, ,2016, ,5e28e7f4219df90,89119, ,In-Vehicle (Commercial / Test),66.23.02.05, , ,, , ,, , ,, , ,,, , ,,,Yes,ADS,Zoox, , ,Y, ,Y, , , ,,FEB-2023, ,FEB-2023,13:50, ,28aee38d1d3ed89,[MAY CONTAIN PERSONALLY IDENTIFIABLE INFORMATION], ,[MAY CONTAIN PERSONALLY IDENTIFIABLE INFORMATION], ,[MAY CONTAIN PERSONALLY IDENTIFIABLE INFORMATION], ,Paradise, ,NV ,[MAY CONTAIN PERSONALLY IDENTIFIABLE INFORMATION], ,Intersection,Dry,No Unusual Conditions,45, ,Daylight,Y, , , , , , , ,,Non-Motorist: Cyclist,Minor,Yes,"Other, see Narrative",,, , , , , , , , , , , ,Merging,No,No,Yes,0, ,Y, , , , , , , , , , , , ,Y, ,Y,Y, , ,No,, ,No,, ,, ,, ,Yes, ,"A Zoox vehicle in autonomy was stopped in a merge lane yielding and waiting for cross traffic when a bicyclist approached the side of the vehicle on a parallel path and made a gesture to the driver. When the Zoox vehicle began to move and had reached approximately 5mph, the cyclist changed trajectory towards the Zoox vehicle, which braked, and the cyclist made low speed contact with the rear of the Zoox vehicle. The cyclist reported no injury at the scene, but later followed up with an email stating he was sore. Police were not called, contact information was exchanged, and the cyclist rode away. This 10-Day update provides complete information for this incident.", 
30270-4882,1,Waymo LLC,Monthly,1,2023,FEB-2023,2C4RC1K74HR, ,N/A,Chrysler,Pacifica, ,2017, ,27c58a6d27dde97,64430, ,None,4th Generation ADS, , ,, , ,, , ,, , ,,, , ,,,Yes,ADS,Waymo LLC, , ,Y, , , , , ,,JAN-2023, ,JAN-2023,13:53, ,34eb0b5b2852fc9,[MAY CONTAIN PERSONALLY IDENTIFIABLE INFORMATION], ,[MAY CONTAIN PERSONALLY IDENTIFIABLE INFORMATION], ,[MAY CONTAIN PERSONALLY IDENTIFIABLE INFORMATION], ,Chandler, ,AZ ,[MAY CONTAIN PERSONALLY IDENTIFIABLE INFORMATION], ,Intersection,Dry,No Unusual Conditions,25, ,Daylight,Y, , , , , , , ,,Pickup Truck,No Injuries Reported,Yes,Proceeding Straight,No,No, , , , , , , , ,Y, , ,Making Right Turn,No,No,No Passengers in Vehicle,0, ,Y, , , , , , , , , , , , ,Y, ,Y,Y, , ,No,, ,Yes,, ,, ,, ,Yes, ,"On January [XXX], 2023 at 1:53 PM PST a Waymo Autonomous Vehicle (Waymo AV) operating in Chandler, Arizona was in a collision involving a pickup truck on [XXX] and [XXX].
While attempting a right turn from [XXX] onto [XXX], the Waymo AV was stopped at a stop sign while yielding to traffic approaching from the left. A truck that had previously been stopped behind the Waymo AV proceeded forward and made contact with the rear of the Waymo AV. At the time of the impact, the Waymo AVs Level 4 ADS was engaged in autonomous mode. The Waymo AV sustained damage.
Waymo is reporting this crash under Request No. 2 of Standing General Order 2021-01. Waymo may supplement or correct its reporting with additional information as it may become available.", 
30270-4880,1,Waymo LLC,Monthly,1,2023,FEB-2023,SADHW2S1XM1, ,N/A,Jaguar,I-Pace, ,2021, ,f5166bf634e8c45,26717, ,None,5th Generation ADS, , ,, , ,, , ,, , ,,, , ,,,Yes,ADS,Waymo LLC, , ,Y, , , , , ,,JAN-2023, ,JAN-2023,17:36, ,c945bf9a7866541,[MAY CONTAIN PERSONALLY IDENTIFIABLE INFORMATION], ,[MAY CONTAIN PERSONALLY IDENTIFIABLE INFORMATION], ,[MAY CONTAIN PERSONALLY IDENTIFIABLE INFORMATION], ,Phoenix, ,AZ ,[MAY CONTAIN PERSONALLY IDENTIFIABLE INFORMATION], ,Parking Lot,Dry,No Unusual Conditions,5, ,Dark - Lighted,Y, , , , , , , ,,First Responder Vehicle,No Injuries Reported,Yes,Backing,No,No, , , , , , , ,Y, , , ,Stopped,No,No,No Passengers in Vehicle,0, ,Y, , , , , , , , , , , , ,Y, ,Y,Y, , ,No,, ,No,, ,, ,, ,Yes, ,"On January [XXX], 2023 at 5:36 PM PST a Waymo Autonomous Vehicle (Waymo AV) operating in Phoenix, Arizona was in a collision involving a tow truck in a parking lot near [XXX] and [XXX].
While the Waymo AV stopped in a parking lot in autonomous mode, a tow truck approached from behind the Waymo and attempted to complete a multi-point turn. While performing a multi-point turn, the tow truck reversed into the rear left sensor of the Waymo AV. At the time of the impact, the Waymo AVs Level 4 ADS was engaged in autonomous mode. The Waymo sustained damage.
Waymo is reporting this crash under Request No. 2 of Standing General Order 2021-01. Waymo may supplement or correct its reporting with additional information as it may become available.", 
30391-4811,2,Kodiak Robotics,10-Day Update,,,FEB-2023,1XKYD49XXPJ, ,N/A,Kenworth Motor Truck Co,T680, ,2023, ,2309d0a572da37c,40405, ,In-Vehicle (Commercial / Test),"[REDACTED, MAY CONTAIN CONFIDENTIAL BUSINESS INFORMATION]", ,Y,, , ,, , ,, , ,,, , ,,,Yes,ADS,"Kodiak Robotics, Inc.", , , , , ,Y, , ,,FEB-2023, ,FEB-2023,10:15, ,d1097c7706589a9,[MAY CONTAIN PERSONALLY IDENTIFIABLE INFORMATION], ,[MAY CONTAIN PERSONALLY IDENTIFIABLE INFORMATION], ,[MAY CONTAIN PERSONALLY IDENTIFIABLE INFORMATION], ,Waxahachie, ,TX ,[MAY CONTAIN PERSONALLY IDENTIFIABLE INFORMATION], ,Highway / Freeway,Dry,Work Zone,60, ,Daylight, , ,Y, , , , , ,,SUV,No Injuries Reported,Yes,Lane / Road Departure,Unknown,Yes, , , , , , , , ,Y, , ,Proceeding Straight,No,No,Yes,56, ,Y, , , , , , , , , , , , ,Y, ,Y,Y, , ,Yes,Waxahachie Police Department, ,No,[MAY CONTAIN PERSONALLY IDENTIFIABLE INFORMATION], ,[MAY CONTAIN PERSONALLY IDENTIFIABLE INFORMATION], ,[MAY CONTAIN PERSONALLY IDENTIFIABLE INFORMATION], ,Yes, ,"10-Day Report Update: A police report was issued after the 1-Day SGO incident report was submitted. It determined the driver of the crossover SUV to be at fault and noted that the crossover SUVs driver advised officers that he fell asleep while driving and caused the accident. The content of this incident report is otherwise unchanged from the initial incident report submitted on February 7, 2023 [REDACTED, MAY CONTAIN CONFIDENTIAL BUSINESS INFORMATION].
On Feb [XXX], 2023, at 10:15am CST a Kodiak Robotics autonomous Kenworth Class 8 semi-truck (""Kodiak AV"") traveling northbound on [REDACTED, MAY CONTAIN CONFIDENTIAL BUSINESS INFORMATION] in [REDACTED, MAY CONTAIN CONFIDENTIAL BUSINESS INFORMATION], Texas was rear-ended by a crossover SUV. The Kodiak AV was traveling in the far-right lane of a three-lane portion of [REDACTED, MAY CONTAIN CONFIDENTIAL BUSINESS INFORMATION]. Shortly before making contact, a crossover SUV traveling in the far-left lane abruptly swerved out of its lane, across the center lane, and into the right lane where it collided with the rear left corner of the trailer attached to the Kodiak AV. At the time of the incident, the Kodiak AV was being driven manually by the safety driver who had disengaged the system from autonomous mode approximately 21.5 seconds prior to impact. 
No injuries were reported at the scene. The trailer's impact guard sustained minor damage but was able to drive away from the scene. The crossover SUV sustained damage to its hood and was towed away from the scene. 
Kodiak is reporting this crash under Request No. 1 of the Standing General Order 2021-01 because the crossover SUV required towing. Kodiak may supplement or correct its reporting with additional information as it may become available.",Y
30610-4814,1,"Zoox, Inc.",Monthly,1,2023,FEB-2023,5TDDCRFH1G8, ,N/A,Toyota,Highlander, ,2016, ,7e7d2e10d098731,112547, ,In-Vehicle (Commercial / Test),90.23.01.22, , ,, , ,, , ,, , ,,, , ,,,Yes,ADS,Zoox, , , , ,Y,Y, , ,,JAN-2023, ,JAN-2023,15:00, ,fa6f0b9dcf1eda3,[MAY CONTAIN PERSONALLY IDENTIFIABLE INFORMATION], ,[MAY CONTAIN PERSONALLY IDENTIFIABLE INFORMATION], ,[MAY CONTAIN PERSONALLY IDENTIFIABLE INFORMATION], ,Las Vegas, ,NV ,[MAY CONTAIN PERSONALLY IDENTIFIABLE INFORMATION], ,Street,Dry,No Unusual Conditions,30, ,Daylight,Y, , , , , , , ,,Passenger Car,No Injuries Reported,Yes,Changing Lanes,No,Unknown, , ,Y, , , , , , , , ,Proceeding Straight,No,No,Yes,24, , , , , , , , ,Y, , , , , ,Y, ,Y, , , ,No,, ,No,, ,, ,, ,Yes, ,A Zoox vehicle was proceeding northbound on [XXX] towards [XXX]. when a passenger vehicle (vehicle #2) in the right adjacent lane swerved into the Zoox's vehicle's lane and made contact with the right passenger side door. The other vehicle also made contact with the vehicle in front of them after contacting the Zoox vehicle. There were no injuries and police were not called., 
30410-4799,1,Motional,Monthly,1,2023,FEB-2023,KMHKM4AE7M1, ,N/A,Hyundai,Ioniq 5, ,2021, ,ed2dae19cdf8cb4,3474, ,In-Vehicle (Commercial / Test),"[REDACTED, MAY CONTAIN CONFIDENTIAL BUSINESS INFORMATION]", ,Y,, , ,, , ,, , ,,, , ,,,Yes,ADS,Motional, , , , ,Y, , , ,,JAN-2023, ,JAN-2023,13:17, ,1016e5c64e50462,[MAY CONTAIN PERSONALLY IDENTIFIABLE INFORMATION], ,[MAY CONTAIN PERSONALLY IDENTIFIABLE INFORMATION], ,[MAY CONTAIN PERSONALLY IDENTIFIABLE INFORMATION], ,Las Vegas, ,NV ,[MAY CONTAIN PERSONALLY IDENTIFIABLE INFORMATION], ,Street,Dry,No Unusual Conditions,35, ,Daylight,Y, , , , , , , ,,Passenger Car,No Injuries Reported,Yes,Passing,No,No, , , , , , ,Y, , , , ,Proceeding Straight,No,No,Yes,18, , , ,Y, , , , , , , , , ,Y, , ,Y, , , ,Yes,Las Vegas Metropolitan Police, ,Yes,[MAY CONTAIN PERSONALLY IDENTIFIABLE INFORMATION], ,,Y,,Y,Yes, ,"On Friday, January [XXX], at 1:17 PM PT, a Motional Hyundai Ioniq 5 was operating in autonomous mode with a safety driver at the wheel. The Motional vehicle was [REDACTED, MAY CONTAIN CONFIDENTIAL BUSINESS INFORMATION] in the right lane on [REDACTED, MAY CONTAIN CONFIDENTIAL BUSINESS INFORMATION], preparing to turn right onto [REDACTED, MAY CONTAIN CONFIDENTIAL BUSINESS INFORMATION].  [REDACTED, MAY CONTAIN CONFIDENTIAL BUSINESS INFORMATION] widened to add a right-turn lane, and a bus in front of the Motional vehicle entered that lane.  After the Motional vehicle signaled and began to move toward that lane (but before it left its lane), it detected that the bus was stopping and began to recenter itself in its lane.  At the same time, another vehicle aggressively moved into the Motional vehicles lane from the left without signaling and made contact with the Motional vehicles front driver-side bumper. The safety operator disengaged autonomous mode less than one second before the collision.",Y
30391-4811,1,Kodiak Robotics,1-Day,,,FEB-2023,1XKYD49XXPJ, ,N/A,Kenworth Motor Truck Co,T680, ,2023, ,2309d0a572da37c,40405, ,In-Vehicle (Commercial / Test),"[REDACTED, MAY CONTAIN CONFIDENTIAL BUSINESS INFORMATION]", ,Y,, , ,, , ,, , ,,, , ,,,Yes,ADS,"Kodiak Robotics, Inc.", , , , , ,Y, , ,,FEB-2023, ,FEB-2023,10:15, ,d1097c7706589a9,[MAY CONTAIN PERSONALLY IDENTIFIABLE INFORMATION], ,[MAY CONTAIN PERSONALLY IDENTIFIABLE INFORMATION], ,[MAY CONTAIN PERSONALLY IDENTIFIABLE INFORMATION], ,Waxahachie, ,TX ,[MAY CONTAIN PERSONALLY IDENTIFIABLE INFORMATION], ,Highway / Freeway,Dry,Work Zone,60, ,Daylight, , ,Y, , , , , ,,SUV,No Injuries Reported,Yes,Lane / Road Departure,Unknown,Yes, , , , , , , , ,Y, , ,Proceeding Straight,No,No,Yes,56, ,Y, , , , , , , , , , , , ,Y, ,Y,Y, , ,Yes,Waxahachie Police Department, ,No,[MAY CONTAIN PERSONALLY IDENTIFIABLE INFORMATION], ,[MAY CONTAIN PERSONALLY IDENTIFIABLE INFORMATION], ,[MAY CONTAIN PERSONALLY IDENTIFIABLE INFORMATION], ,Yes, ,"On Feb [XXX], 2023, at 10:15am CST a Kodiak Robotics autonomous Kenworth Class 8 semi-truck (Kodiak AV) traveling northbound on [REDACTED, MAY CONTAIN CONFIDENTIAL BUSINESS INFORMATION] in [REDACTED, MAY CONTAIN CONFIDENTIAL BUSINESS INFORMATION], Texas was rear-ended by a crossover SUV. The Kodiak AV was traveling in the far-right lane of a three-lane portion of [REDACTED, MAY CONTAIN CONFIDENTIAL BUSINESS INFORMATION]. Shortly before making contact, a crossover SUV traveling in the far-left lane abruptly swerved out of its lane, across the center lane, and into the right lane where it collided with the rear left corner of the trailer attached to the Kodiak AV. At the time of the incident, the Kodiak AV was being driven manually by the safety driver who had disengaged the system from autonomous mode approximately 21.5 seconds prior to impact. 
No injuries were reported at the scene. The trailers impact guard sustained minor damage but was able to drive away from the scene. The crossover SUV sustained damage to its hood and was towed away from the scene. 
Kodiak is reporting this crash under Request No. 1 of the Standing General Order 2021-01 because the crossover SUV required towing. Kodiak may supplement or correct its reporting with additional information as it may become available.",Y
30610-4810,1,"Zoox, Inc.",1-Day,,,FEB-2023,5TDDCRFHXGS, ,N/A,Toyota,Highlander, ,2016, ,5e28e7f4219df90,89119, ,In-Vehicle (Commercial / Test),66.23.02.05, , ,, , ,, , ,, , ,,, , ,,,Yes,ADS,Zoox, , ,Y, ,Y, , , ,,FEB-2023, ,FEB-2023,13:50, ,28aee38d1d3ed89,[MAY CONTAIN PERSONALLY IDENTIFIABLE INFORMATION], ,[MAY CONTAIN PERSONALLY IDENTIFIABLE INFORMATION], ,[MAY CONTAIN PERSONALLY IDENTIFIABLE INFORMATION], ,Paradise, ,NV ,[MAY CONTAIN PERSONALLY IDENTIFIABLE INFORMATION], ,Intersection,Dry,No Unusual Conditions,45, ,Daylight,Y, , , , , , , ,,Non-Motorist: Cyclist,Minor,Yes,"Other, see Narrative",,, , , , , , , , , , , ,Merging,No,No,Yes,0, ,Y, , , , , , , , , , , , ,Y, ,Y,Y, , ,No,, ,No,, ,, ,, ,Yes, ,"A Zoox vehicle in autonomy was stopped in a merge lane yielding and waiting for cross traffic when a bicyclist approached the side of the vehicle on a parallel path and made a gesture to the driver. When the Zoox vehicle began to move and had reached approximately 5mph, the cyclist changed trajectory towards the Zoox vehicle, which braked, and the cyclist made low speed contact with the rear of the Zoox vehicle. The cyclist reported no injury at the scene, but later followed up with an email stating he was sore. Police were not called, contact information was exchanged, and the cyclist rode away.", 