Report ID,Report Version,Reporting Entity,Report Type,Report Month,Report Year,Report Submission Date,VIN,VIN - Unknown,Serial Number,Make,Model,Model - Unknown,Model Year,Model Year - Unknown,Same Vehicle ID,Mileage,Mileage - Unknown,Driver / Operator Type,ADAS/ADS System Version,ADAS/ADS System Version - Unk,ADAS/ADS System Version CBI,ADAS/ADS Hardware Version,ADAS/ADS Hardware Version - Unk,ADAS/ADS Hardware Version CBI,ADAS/ADS Software Version,ADAS/ADS Software Version - Unk,ADAS/ADS Software Version CBI,Other Reporting Entities?,Other Reporting Entities? - Unk,Other Reporting Entities? - NA,Federal Regulatory Exemption?,Other Federal Reg. Exemption,Federal Reg. Exemption - Unk,Federal Reg. Exemption - No,State or Local Permit?,State or Local Permit,ADS Equipped?,Automation System Engaged?,Operating Entity,Operating Entity - Unknown,Source - Complaint/Claim,Source - Telematics,Source - Law Enforcement,Source - Field Report,Source - Testing,Source - Media,Source - Other,Source - Other Text,Incident Date,Incident Date - Unknown,Notice Received Date,Incident Time (24:00),Incident Time - Unknown,Same Incident ID,Latitude,Latitude - Unknown,Longitude,Longitude - Unknown,Address,Address - Unknown,City,City - Unknown,State,Zip Code,Zip Code - Unknown,Roadway Type,Roadway Surface,Roadway Description,Posted Speed Limit (MPH),Posted Speed Limit - Unknown,Lighting,Weather - Clear,Weather - Snow,Weather - Cloudy,Weather - Fog/Smoke,Weather - Rain,Weather - Severe Wind,Weather - Unknown,Weather - Other,Weather - Other Text,Crash With,Highest Injury Severity Alleged,Property Damage?,CP Pre-Crash Movement,CP Any Air Bags Deployed?,CP Was Vehicle Towed?,CP Contact Area - Rear Left,CP Contact Area - Left,CP Contact Area - Front Left,CP Contact Area - Rear,CP Contact Area - Top,CP Contact Area - Front,CP Contact Area - Rear Right,CP Contact Area - Right,CP Contact Area - Front Right,CP Contact Area - Bottom,CP Contact Area - Unknown,SV Pre-Crash Movement,SV Any Air Bags Deployed?,SV Was Vehicle Towed?,SV Were All Passengers Belted?,SV Precrash Speed (MPH),SV Pre-crash Speed - Unknown,SV Contact Area - Rear Left,SV Contact Area - Left,SV Contact Area - Front Left,SV Contact Area - Rear,SV Contact Area - Top,SV Contact Area - Front,SV Contact Area - Rear Right,SV Contact Area - Right,SV Contact Area - Front Right,SV Contact Area - Bottom,SV Contact Area - Unknown,Data Availability - EDR,Data Availability - Police Rpt,Data Availability - Telematics,Data Availability - Complaints,Data Availability - Video,Data Availability - Other,Data Availability - No Data,Data Availability - Unknown,Law Enforcement Investigating?,Investigating Agency,Investigating Agency - Unknown,Rep Ent Or Mfr Investigating?,Investigating Officer Name,Inv. Officer Name - Unknown,Investigating Officer Phone,Inv. Officer Phone - Unknown,Investigating Officer Email,Inv. Officer Email - Unknown,Within ODD?,Within ODD? - CBI,Narrative,Narrative - CBI?
30270-9911,1,Waymo LLC,Monthly,1,2025,FEB-2025,SADHW2S10M1, ,N/A,Jaguar,I-PACE, ,2021, ,0576c6b8903f5b8,142897, ,In-Vehicle (Commercial / Test),5th Generation ADS, , ,5th Generation, , ,Version 9, , ,Transdev Alternative Services, , ,,, ,Y,Yes (specify below),"CA DMV, CA PUC",Yes,ADS,Waymo LLC, , ,Y, , , , , ,,JAN-2025, ,JAN-2025,16:41, ,a71893002843d10,[MAY CONTAIN PERSONALLY IDENTIFIABLE INFORMATION], ,[MAY CONTAIN PERSONALLY IDENTIFIABLE INFORMATION], ,[MAY CONTAIN PERSONALLY IDENTIFIABLE INFORMATION], ,Los Angeles, ,CA ,[MAY CONTAIN PERSONALLY IDENTIFIABLE INFORMATION], ,Street,Dry,No Unusual Conditions,35, ,Daylight,Y, , , , , , , ,,SUV,No Injuries Reported,Yes,Proceeding Straight,No,No, , , , , , , , ,Y, , ,Changing Lanes,No,No,Yes,24, ,Y, , , , , , , , , , , , ,Y, ,Y,Y, , ,No,, ,Yes,, ,, ,, ,Yes, ,"On January [XXX], 2025 at 4:41 PM PT a Waymo Autonomous Vehicle (""Waymo AV"") operating in Los Angeles, California was in a collision involving an SUV on [XXX]. 
The Waymo AV was traveling northeast bound on [XXX] in the middle of three lanes when a passenger car in the rightmost lane and in front of the Waymo AV began to change lanes to the middle lane. The test driver of the Waymo AV transitioned to manual mode, and began to change lanes into the leftmost lane to avoid the passenger car ahead. During this lane change maneuver, the rear driver side of the Waymo AV made contact with the front passenger side of an SUV that was traveling in the leftmost lane, positioned slightly behind the Waymo AV. At the time of the impact, the Waymo AV's Level 4 ADS was not engaged and a test driver was operating the Waymo AV in manual mode. The SUV sustained damage.
Waymo is reporting this crash under Request No. 2 of Standing General Order 2021-01. Waymo may supplement or correct its reporting with additional information as it may become available.", 
30270-9910,1,Waymo LLC,Monthly,1,2025,FEB-2025,SADHW2S15R1, ,N/A,Jaguar,I-PACE, ,2024, ,93f1132d3a11ecc,23544, ,None,5th Generation ADS, , ,5th Generation, , ,Version 9, , ,, ,Y,,, ,Y,Yes (specify below),"CA DMV, CA PUC",Yes,ADS,Waymo LLC, ,Y, , , , , , ,,JAN-2025, ,JAN-2025,01:23, ,f645212ba14f9bf,[MAY CONTAIN PERSONALLY IDENTIFIABLE INFORMATION], ,[MAY CONTAIN PERSONALLY IDENTIFIABLE INFORMATION], ,[MAY CONTAIN PERSONALLY IDENTIFIABLE INFORMATION], ,San Francisco, ,CA ,[MAY CONTAIN PERSONALLY IDENTIFIABLE INFORMATION], ,Street,Dry,No Unusual Conditions,15, ,Dark - Lighted,Y, , , , , , , ,,SUV,No Injuries Reported,Yes,Proceeding Straight,No,No, , , , , , , ,Y, , , ,Parked,No,No,"No, see Narrative",0, , ,Y, , , , , , , , , , , ,Y, ,Y,Y, , ,No,, ,Yes,, ,, ,, ,Yes, ,"On January [XXX], 2025 at 1:23 AM PT a Waymo Autonomous Vehicle (""Waymo AV"") operating in San Francisco, California was in a collision involving an SUV on [XXX]. 
The Waymo AV was traveling east on [XXX], then pulled over at the curb for a passenger drop-off. The Waymo AV passenger opened the rear driver side door and was attempting to exit the Waymo AV. An SUV traveling east on [XXX] attempted to pass the Waymo AV on the left, and the passenger side of the SUV made contact with the open back driver side door of the stationary Waymo AV. The passengers in the Waymo AV were not belted at the time of the collision, likely because they were at a drop-off location preparing to exit the Waymo AV. At the time of the impact, the Waymo AV's Level 4 ADS was engaged in autonomous mode. The SUV sustained damage.
Waymo is reporting this crash under Request No. 2 of Standing General Order 2021-01. Waymo may supplement or correct its reporting with additional information as it may become available.", 
30270-9907,1,Waymo LLC,Monthly,1,2025,FEB-2025,SADHW2S18M1, ,N/A,Jaguar,I-PACE, ,2021, ,9b58c96904cb338,158643, ,None,5th Generation ADS, , ,5th Generation, , ,Version 9, , ,, ,Y,,, ,Y,Yes (specify below),"CA DMV, CA PUC",Yes,ADS,Waymo LLC, , ,Y, , , , , ,,JAN-2025, ,JAN-2025,19:44, ,63022700e5986e3,[MAY CONTAIN PERSONALLY IDENTIFIABLE INFORMATION], ,[MAY CONTAIN PERSONALLY IDENTIFIABLE INFORMATION], ,[MAY CONTAIN PERSONALLY IDENTIFIABLE INFORMATION], ,San Francisco, ,CA ,[MAY CONTAIN PERSONALLY IDENTIFIABLE INFORMATION], ,Street,Dry,No Unusual Conditions,25, ,Dark - Lighted,Y, , , , , , , ,,"Other, see Narrative",No Injuries Reported,Yes,"Other, see Narrative",Not Applicable,Not Applicable, , , , , , , , , , ,Y,Proceeding Straight,No,No,Yes,13, , , , , , ,Y, , , , , , , ,Y, ,Y,Y, , ,No,, ,Yes,, ,, ,, ,Yes, ,"On January [XXX], 2025 at 7:44 PM PT a Waymo Autonomous Vehicle (""Waymo AV"") operating in San Francisco, California was in a collision involving a tire on [XXX]. 
The Waymo AV was traveling west in the rightmost lane of [XXX] when a tire that had been rolling south on [XXX] rolled into the middle of the Waymo AVs lane. The front of the Waymo AV then made contact with the tire. At the time of the impact, the Waymo AV's Level 4 ADS was engaged in autonomous mode. The Waymo AV sustained damage.
Waymo is reporting this crash under Request No. 2 of Standing General Order 2021-01. Waymo may supplement or correct its reporting with additional information as it may become available.", 
30270-9900,1,Waymo LLC,Monthly,1,2025,FEB-2025,SADHW2S18R1, ,N/A,Jaguar,I-PACE, ,2024, ,d532e82c07faf0b,22696, ,None,5th Generation ADS, , ,5th Generation, , ,Version 9, , ,, ,Y,,, ,Y,Yes (specify below),"CA DMV, CA PUC",Yes,ADS,Waymo LLC, , ,Y, , , , , ,,JAN-2025, ,JAN-2025,16:52, ,ef4290890970796,[MAY CONTAIN PERSONALLY IDENTIFIABLE INFORMATION], ,[MAY CONTAIN PERSONALLY IDENTIFIABLE INFORMATION], ,[MAY CONTAIN PERSONALLY IDENTIFIABLE INFORMATION], ,San Francisco, ,CA ,[MAY CONTAIN PERSONALLY IDENTIFIABLE INFORMATION], ,Intersection,Dry,No Unusual Conditions,15, ,Daylight,Y, , , , , , , ,,SUV,No Injuries Reported,Yes,Passing,No,No, , , , , , , ,Y, , , ,Stopped,No,No,Yes,0, ,Y, , , , , , , , , , , , ,Y, ,Y,Y, , ,No,, ,Yes,, ,, ,, ,Yes, ,"On January [XXX], 2025 at 4:52 PM PT a Waymo Autonomous Vehicle (""Waymo AV"") operating in San Francisco, California was in a collision involving an SUV on [XXX]. 
The Waymo AV was stopped at a stop sign, yielding to traffic, facing westbound on [XXX]t. An SUV that was traveling directly behind the Waymo AV began to pass the Waymo AV on the left, and the passenger side of the SUV made contact with the rear driver side of the stationary Waymo AV. At the time of the impact, the Waymo AV's Level 4 ADS was engaged in autonomous mode. Both vehicles sustained damage.
Waymo is reporting this crash under Request No. 2 of Standing General Order 2021-01. Waymo may supplement or correct its reporting with additional information as it may become available.", 
30270-9886,1,Waymo LLC,Monthly,1,2025,FEB-2025,SADHW2S18M1, ,N/A,Jaguar,I-PACE, ,2021, ,134676bfb4c7ba4,134200, ,In-Vehicle (Commercial / Test),5th Generation ADS, , ,5th Generation, , ,Version 9, , ,, ,Y,,, ,Y,Yes (specify below),"CA DMV, CA PUC",Yes,ADS,Waymo LLC, , ,Y, , , , , ,,JAN-2025, ,JAN-2025,21:33, ,98c716bb1e4b79b,[MAY CONTAIN PERSONALLY IDENTIFIABLE INFORMATION], ,[MAY CONTAIN PERSONALLY IDENTIFIABLE INFORMATION], ,[MAY CONTAIN PERSONALLY IDENTIFIABLE INFORMATION], ,Los Angeles, ,CA ,[MAY CONTAIN PERSONALLY IDENTIFIABLE INFORMATION], ,Street,Dry,No Unusual Conditions,25, ,Dark - Lighted,Y, , , , , , , ,,"Other, see Narrative",No Injuries Reported,Yes,"Other, see Narrative",Not Applicable,Not Applicable, , , , , , , , , , ,Y,Proceeding Straight,No,No,Yes,17, , , ,Y, ,Y,Y, , ,Y, , , , ,Y, ,Y,Y, , ,No,, ,Yes,, ,, ,, ,Yes, ,"On January[XXX], 2025 at 9:33 PM PT a Waymo Autonomous Vehicle (""Waymo AV"") operating in Los Angeles, California was in a collision involving a fallen utility line on [XXX] near [XXX]. 
The Waymo AV was traveling east on [XXX] when the front of the Waymo AV made contact with a fallen utility line hanging in the travel lane. At the time of the impact, the Waymo AV's Level 4 ADS was engaged in autonomous mode, and a test driver was present in the driver's seating position. The Waymo AV sustained damage.
Waymo is reporting this crash under Request No. 2 of Standing General Order 2021-01. Waymo may supplement or correct its reporting with additional information as it may become available.", 
30270-9987,1,Waymo LLC,1-Day,,,FEB-2025,SADHW2S18M1, ,N/A,Jaguar,I-PACE, ,2021, ,9b58c96904cb338,162334, ,None,5th Generation ADS, , ,5th Generation, , ,Version 9, , ,, ,Y,,, ,Y,Yes (specify below),"CA DMV, CA PUC",Yes,ADS,Waymo LLC, , ,Y, , , , , ,,FEB-2025, ,FEB-2025,12:10, ,45b81f06862d85c,[MAY CONTAIN PERSONALLY IDENTIFIABLE INFORMATION], ,[MAY CONTAIN PERSONALLY IDENTIFIABLE INFORMATION], ,[MAY CONTAIN PERSONALLY IDENTIFIABLE INFORMATION], ,San Francisco, ,CA ,[MAY CONTAIN PERSONALLY IDENTIFIABLE INFORMATION], ,Street,Dry,No Unusual Conditions,25, ,Daylight,Y, , , , , , , ,,Non-Motorist: Cyclist,Minor,Unknown,Proceeding Straight,,, , , , , , , , , , , ,Parked,No,No,"No, see Narrative",0, , ,Y, , , , , , , , , , , ,Y, ,Y, , , ,Yes,SFPD, ,Yes,[MAY CONTAIN PERSONALLY IDENTIFIABLE INFORMATION], ,,Y,,Y,Yes, ,"On February [XXX], 2025 at 12:10 PM PT two Waymo Autonomous Vehicles (Waymo AVs) operating in San Francisco, CA were involved in a collision involving a cyclist on [XXX].
The first Waymo AV was parked at the northwest-bound curb on [XXX] for passenger dropoff. A second Waymo AV (2024 Jaguar I-PACE SADHW2S17R1[XXX], 38,609 miles) was also parked for a separate passenger dropoff, located adjacent to the first Waymo AV with the bicycle lane of northwest-bound [XXX] between the two Waymo AVs. A bicyclist was traveling northwest-bound on [XXX] and approaching the two Waymo AVs from the rear. As the cyclist was passing between the two Waymo AVs, the rear driver side passenger of the first Waymo AV opened the door of the first Waymo AV into the cyclist. The cyclist then fell into the passenger side of the second Waymo AV. At the time of the impact, both Waymo AVs' Level 4 ADS were engaged in autonomous mode. Neither Waymo AV sustained damage. The cyclist was able to move out of the roadway independently and was then transported from the scene in an ambulance. 
Waymo is reporting this crash under Request No. 1 of Standing General Order 2021-01 because an individual involved was transported from the scene to a hospital for medical treatment. Waymo may supplement or correct its reporting with additional information as it may become available.", 
30270-9978,1,Waymo LLC,1-Day,,,FEB-2025,SADHW2S15R1, ,N/A,Jaguar,I-PACE, ,2025, ,22f4a9434bb99b4,25867, ,None,5th Generation ADS, , ,5th Generation, , ,Version 9, , ,, ,Y,,, ,Y,Yes (specify below),"CA DMV, CA PUC",Yes,ADS,Waymo LLC, , ,Y, , , , , ,,FEB-2025, ,FEB-2025,22:49, ,63cb63ad512c4e3,[MAY CONTAIN PERSONALLY IDENTIFIABLE INFORMATION], ,[MAY CONTAIN PERSONALLY IDENTIFIABLE INFORMATION], ,[MAY CONTAIN PERSONALLY IDENTIFIABLE INFORMATION], ,San Francisco, ,CA ,[MAY CONTAIN PERSONALLY IDENTIFIABLE INFORMATION], ,Intersection,Dry,No Unusual Conditions,25, ,Dark - Lighted,Y, , , , , , , ,,SUV,No Injuries Reported,Yes,Making Left Turn,No,No, , ,Y, , , , , , , , ,Making Right Turn,No,Yes,Yes,7, , , ,Y, , , , , , , , , , ,Y, ,Y, , , ,No,, ,Yes,, ,, ,, ,Yes, ,"On February [XXX], 2025 at 10:49 PM PT a Waymo Autonomous Vehicle (Waymo AV) operating in San Francisco, California was in a collision involving an SUV at the intersection of [XXX]. 
The Waymo AV was traveling northeast-bound on [XXX]t and came to a complete stop at the stop sign for its intersection with [XXX]. The Waymo AV began to proceed from the stop sign intending to turn right onto southeast-bound [XXX], and was yielding to a pedestrian crossing [XXX]. At the same time, an SUV was traveling northwest-bound on [XXX]approaching its intersection with [XXX]. As the pedestrian was finishing crossing [XXX] and the ADV was proceeding with its right turn, the SUV proceeded into the intersection without stopping at the stop sign at [XXX], crossed into the lane for southeast-bound traffic on [XXX], and the front driver side of the SUV made contact with the front driver side of the Waymo AV. At the time of the impact, the Waymo AV's Level 4 ADS was engaged in autonomous mode. Both vehicles sustained damage.
Waymo is reporting this crash under Request No. 1 of Standing General Order 2021-01 because a vulnerable road user influenced the driving task of a vehicle involved. Waymo may supplement or correct its reporting with additional information as it may become available.", 
30270-9908,1,Waymo LLC,Monthly,1,2025,FEB-2025,SADHW2S16R1, ,N/A,Jaguar,I-PACE, ,2024, ,615bc6291c257f2,22022, ,None,5th Generation ADS, , ,5th Generation, , ,Version 9, , ,, ,Y,,, ,Y,Yes (specify below),"CA DMV, CA PUC",Yes,ADS,Waymo LLC, , ,Y, , , , , ,,JAN-2025, ,JAN-2025,15:03, ,197d44fcead254c,[MAY CONTAIN PERSONALLY IDENTIFIABLE INFORMATION], ,[MAY CONTAIN PERSONALLY IDENTIFIABLE INFORMATION], ,[MAY CONTAIN PERSONALLY IDENTIFIABLE INFORMATION], ,Los Angeles, ,CA ,[MAY CONTAIN PERSONALLY IDENTIFIABLE INFORMATION], ,Street,Dry,No Unusual Conditions,35, ,Daylight,Y, , , , , , , ,,SUV,No Injuries Reported,Yes,Proceeding Straight,No,No, , , , , ,Y, , , , , ,Stopped,No,No,No Passengers in Vehicle,0, , , , ,Y, , , , , , , , , ,Y, ,Y,Y, , ,No,, ,Yes,, ,, ,, ,Yes, ,"On January [XXX], 2025 at 3:03 PM PT, a Waymo Autonomous Vehicle (""Waymo AV"") operating in Los Angeles, California was in a collision involving an SUV on [XXX]. 
The Waymo AV was traveling north on [XXX] and came to a stop in a queue of traffic. An SUV approached the Waymo AV from behind, and the front of the SUV made contact with the rear of the stationary Waymo AV. At the time of the impact, the Waymo AV's Level 4 ADS was engaged in autonomous mode. The SUV sustained damage.
Waymo is reporting this crash under Request No. 2 of Standing General Order 2021-01. Waymo may supplement or correct its reporting with additional information as it may become available.", 
30270-9906,1,Waymo LLC,Monthly,1,2025,FEB-2025,SADHW2S16R1, ,N/A,Jaguar,I-PACE, ,2024, ,3caa16ede38ed4a,21939, ,None,5th Generation ADS, , ,5th Generation, , ,Version 9, , ,, ,Y,,, ,Y,Yes (specify below),"CA DMV, CA PUC",Yes,ADS,Waymo LLC, , ,Y, , , , , ,,JAN-2025, ,JAN-2025,10:31, ,b9596f2ff2d628c,[MAY CONTAIN PERSONALLY IDENTIFIABLE INFORMATION], ,[MAY CONTAIN PERSONALLY IDENTIFIABLE INFORMATION], ,[MAY CONTAIN PERSONALLY IDENTIFIABLE INFORMATION], ,San Francisco, ,CA ,[MAY CONTAIN PERSONALLY IDENTIFIABLE INFORMATION], ,Parking Lot,Dry,No Unusual Conditions,4, ,"Other, see Narrative",Y, , , , , , , ,,Passenger Car,No Injuries Reported,Yes,Backing,No,No, , , , , , , ,Y, , , ,Proceeding Straight,No,No,No Passengers in Vehicle,3, , ,Y, , , , , , , , , , , ,Y, ,Y,Y, , ,No,, ,Yes,, ,, ,, ,Yes, ,"On January [XXX], 2025 at 10:31 AM PT a Waymo Autonomous Vehicle (""Waymo AV"") operating in San Francisco, California was in a collision involving a passenger car in a parking garage at [XXX]. 
The Waymo AV was traveling in a parking garage off of [XXX] and approached a passenger car that was stopped, facing the wrong direction in the opposing lane of travel. The Waymo AV began to proceed straight, passing the passenger car, when the passenger car began to reverse, maneuvering into the Waymo AV's lane of travel, and the front passenger side of the passenger car made contact with the driver side of the Waymo AV. At the time of the impact, the Waymo AV's Level 4 ADS was engaged in autonomous mode. The passenger car sustained damage.
Waymo is reporting this crash under Request No. 2 of Standing General Order 2021-01. Waymo may supplement or correct its reporting with additional information as it may become available.", 
30270-9878,1,Waymo LLC,Monthly,1,2025,FEB-2025,SADHW2S15R1, ,N/A,Jaguar,I-PACE, ,2024, ,1c0570a2f418be6,3013, ,None,5th Generation ADS, , ,5th Generation, , ,Version 9, , ,, ,Y,,, ,Y,Yes (specify below),"CA DMV, CA PUC",Yes,ADS,Waymo LLC, , ,Y, , , , , ,,JAN-2025, ,JAN-2025,08:00, ,63ce5ba7a04314f,[MAY CONTAIN PERSONALLY IDENTIFIABLE INFORMATION], ,[MAY CONTAIN PERSONALLY IDENTIFIABLE INFORMATION], ,[MAY CONTAIN PERSONALLY IDENTIFIABLE INFORMATION], ,San Francisco, ,CA ,[MAY CONTAIN PERSONALLY IDENTIFIABLE INFORMATION], ,Street,Dry,No Unusual Conditions,25, ,Daylight,Y, , , , , , , ,,Pickup Truck,No Injuries Reported,Yes,Backing,No,No, ,Y, , , , , , , , , ,Parked,No,No,No Passengers in Vehicle,0, , , , , , , , , ,Y, , , , ,Y, ,Y,Y, , ,No,, ,Yes,, ,, ,, ,Yes, ,"On January [XXX], 2025 at 8:00 AM a Waymo Autonomous Vehicle (""Waymo AV"") operating in San Francisco, California was in a collision involving a pickup truck on [XXX].
The Waymo AV was parked at the curb for a passenger pickup facing westbound on [XXX] when a pickup truck reversed out of a garage in front of the Waymo AV. As the pickup truck reversed into the roadway, the driver side of the pickup truck made contact with the front passenger side of the stationary Waymo AV. At the time of the impact, the Waymo AV's Level 4 ADS was engaged in autonomous mode. The pickup truck sustained damage.
Waymo is reporting this crash under Request No. 2 of Standing General Order 2021-01. Waymo may supplement or correct its reporting with additional information as it may become available.", 
30270-9875,1,Waymo LLC,Monthly,1,2025,FEB-2025,SADHW2S14R1, ,N/A,Jaguar,I-PACE, ,2024, ,4428f871e71092a,41402, ,None,5th Generation ADS, , ,5th Generation, , ,Version 9, , ,, ,Y,,, ,Y,Yes (specify below),"CA DMV, CA PUC",Yes,ADS,Waymo LLC, , ,Y, , , , , ,,JAN-2025, ,JAN-2025,15:26, ,7080d83da856b8c,[MAY CONTAIN PERSONALLY IDENTIFIABLE INFORMATION], ,[MAY CONTAIN PERSONALLY IDENTIFIABLE INFORMATION], ,[MAY CONTAIN PERSONALLY IDENTIFIABLE INFORMATION], ,San Francisco, ,CA ,[MAY CONTAIN PERSONALLY IDENTIFIABLE INFORMATION], ,Intersection,Dry,No Unusual Conditions,25, ,Daylight,Y, , , , , , , ,,SUV,No Injuries Reported,Yes,Proceeding Straight,No,No, , , , , , , , ,Y, , ,Stopped,No,No,Yes,0, , , ,Y, , , , , , , , , , ,Y, ,Y,Y, , ,Yes,San Francisco Police Department, ,Yes,[MAY CONTAIN PERSONALLY IDENTIFIABLE INFORMATION], ,[MAY CONTAIN PERSONALLY IDENTIFIABLE INFORMATION], ,,Y,Yes, ,"On January [XXX], 2025 at 3:26 PM PT a Waymo Autonomous Vehicle (""Waymo AV"") operating in San Francisco, California was in a collision involving a SUV at the intersection of [XXX].
The Waymo AV was travelling northeast on [XXX], attempting to make a right turn onto[XXX]. During this turning maneuver, the Waymo AV came to a stop within the intersection, partially oriented within the right and center southeast-bound lanes of [XXX] due to a queue of traffic in the center lane. An SUV travelling in the center lane of [XXX] began proceeding straight, and the driver side of the SUV made contact with the front driver side of the stationary Waymo AV. At the time of the impact, the Waymo AV's Level 4 ADS was engaged in autonomous mode. The Waymo AV sustained damage.
Waymo is reporting this crash under Request No. 2 of Standing General Order 2021-01. Waymo may supplement or correct its reporting with additional information as it may become available.", 
30270-9874,1,Waymo LLC,Monthly,1,2025,FEB-2025,SADHW2S15R1, ,N/A,Jaguar,I-PACE, ,2024, ,e1e1265b959c710,41645, ,None,5th Generation ADS, , ,5th Generation, , ,Version 9, , ,, ,Y,,, ,Y,Yes (specify below),"CA DMV, CA PUC",Yes,ADS,Waymo LLC, , ,Y, , , , , ,,JAN-2025, ,JAN-2025,17:08, ,093aec1cc60c75d,[MAY CONTAIN PERSONALLY IDENTIFIABLE INFORMATION], ,[MAY CONTAIN PERSONALLY IDENTIFIABLE INFORMATION], ,[MAY CONTAIN PERSONALLY IDENTIFIABLE INFORMATION], ,San Francisco, ,CA ,[MAY CONTAIN PERSONALLY IDENTIFIABLE INFORMATION], ,Street,Dry,No Unusual Conditions,25, ,Daylight,Y, , , , , , , ,,Pickup Truck,No Injuries Reported,Yes,Proceeding Straight,No,No, , , , , ,Y, , , , , ,Proceeding Straight,No,No,Yes,4, , , , ,Y, , , , , , , , , ,Y, ,Y,Y, , ,No,, ,Yes,, ,, ,, ,Yes, ,"On January [XXX], 2025 at 5:08 PM PT a Waymo Autonomous Vehicle (""Waymo AV"") operating in San Francisco, California was in a collision involving a pickup truck on [XXX]. 
The Waymo AV was travelling southeast-bound in the rightmost lane of [XXX], stopped in a queue of traffic for the traffic light at [XXX]. When the light turned green, the Waymo AV began to proceed with the queue of traffic through the intersection, and the front of the pickup truck traveling directly behind the Waymo AV made contact with the rear of the Waymo AV. At the time of the impact, the Waymo AV's Level 4 ADS was engaged in autonomous mode. Both vehicles sustained damage.
Waymo is reporting this crash under Request No. 2 of Standing General Order 2021-01. Waymo may supplement or correct its reporting with additional information as it may become available.", 
30270-9873,1,Waymo LLC,Monthly,1,2025,FEB-2025,SADHW2S18M1, ,N/A,Jaguar,I-PACE, ,2021, ,0e27c117ddc79c5,104577, ,None,5th Generation ADS, , ,5th Generation, , ,Version 9, , ,, ,Y,,, ,Y,Yes (specify below),"CA DMV, CA PUC",Yes,ADS,Waymo LLC, , ,Y, , , , , ,,JAN-2025, ,JAN-2025,15:46, ,7039609476ade85,[MAY CONTAIN PERSONALLY IDENTIFIABLE INFORMATION], ,[MAY CONTAIN PERSONALLY IDENTIFIABLE INFORMATION], ,[MAY CONTAIN PERSONALLY IDENTIFIABLE INFORMATION], ,San Francisco, ,CA ,[MAY CONTAIN PERSONALLY IDENTIFIABLE INFORMATION], ,Street,Dry,No Unusual Conditions,25, ,Daylight, , ,Y, , , , , ,,Other Fixed Object,No Injuries Reported,Yes,,,, , , , , , , , , , , ,Proceeding Straight,No,No,Yes,9, , , ,Y, , ,Y, , ,Y, , , , ,Y, ,Y,Y, , ,No,, ,Yes,, ,, ,, ,Yes, ,"On January [XXX], 2025 at 3:46 PM PT a Waymo Autonomous Vehicle (""Waymo AV"") operating in San Francisco, California was in a collision involving a fallen utility line on [XXX]. 
The Waymo AV was traveling north on [XXX] when the front of the Waymo AV made contact with a fallen utility line that was hanging across [XXX]. At the time of the impact, the Waymo AV's Level 4 ADS was engaged in autonomous mode. The Waymo AV sustained damage.
Waymo is reporting this crash under Request No. 2 of Standing General Order 2021-01. Waymo may supplement or correct its reporting with additional information as it may become available.", 
30270-9872,1,Waymo LLC,Monthly,1,2025,FEB-2025,SADHW2S1XR1, ,N/A,Jaguar,I-PACE, ,2024, ,e61c32395715a3f,18047, ,None,5th Generation ADS, , ,5th Generation, , ,Version 9, , ,, ,Y,,, ,Y,Yes (specify below),"CA DMV, CA PUC",Yes,ADS,Waymo LLC, , ,Y, , , , , ,,JAN-2025, ,JAN-2025,08:45, ,5aface9ce63be5a,[MAY CONTAIN PERSONALLY IDENTIFIABLE INFORMATION], ,[MAY CONTAIN PERSONALLY IDENTIFIABLE INFORMATION], ,[MAY CONTAIN PERSONALLY IDENTIFIABLE INFORMATION], ,San Francisco, ,CA ,[MAY CONTAIN PERSONALLY IDENTIFIABLE INFORMATION], ,Street,Dry,No Unusual Conditions,25, ,Daylight,Y, , , , , , , ,,Passenger Car,No Injuries Reported,Yes,Backing,No,No, , , ,Y, , , , , , , ,Parked,No,No,"No, see Narrative",0, , , , , , ,Y, , , , , , , ,Y, ,Y,Y, , ,No,, ,Yes,, ,, ,, ,Yes, ,"On January [XXX], 2025 at  8:45 AM PT a Waymo Autonomous Vehicle (""Waymo AV"") operating in San Francisco, California was in a collision involving a passenger car on [XXX]. 
The Waymo AV was parked at the curb facing northeast on [XXX] for a passenger drop-off when a passenger car directly in front of the Waymo AV began to reverse. The rear of the passenger car made contact with the front of the stationary Waymo AV. The passenger in the Waymo AV was in the process of exiting as the collision occurred and was not belted. At the time of the impact, the Waymo AV's Level 4 ADS was engaged in autonomous mode. The passenger car sustained damage.
Waymo is reporting this crash under Request No. 2 of Standing General Order 2021-01. Waymo may supplement or correct its reporting with additional information as it may become available.", 
30610-9965,1,"Zoox, Inc.",Monthly,1,2025,FEB-2025,5TDDGRFH7KS, ,N/A,Toyota,Highlander, ,2019, ,f22a81759914ade,55086, ,In-Vehicle (Commercial / Test),301.25.01.17, , ,301.25.01.17, , ,301.25.01.17, , ,, ,Y,,, ,Y,Yes (specify below),CA DMV AVT Permit,Yes,ADS,Zoox, , , , ,Y,Y, , ,,JAN-2025, ,JAN-2025,18:12, ,5bc1b9d65a04bdb,[MAY CONTAIN PERSONALLY IDENTIFIABLE INFORMATION], ,[MAY CONTAIN PERSONALLY IDENTIFIABLE INFORMATION], ,[MAY CONTAIN PERSONALLY IDENTIFIABLE INFORMATION], ,San Francisco, ,CA ,[MAY CONTAIN PERSONALLY IDENTIFIABLE INFORMATION], ,Street,Dry,No Unusual Conditions,25, ,Dark - Lighted,Y, , , , , , , ,,Passenger Car,Minor,Yes,Proceeding Straight,No,No, , , , , ,Y, , , , , ,Stopped,No,No,Yes,0, , , , ,Y, , , , , , , , , ,Y, ,Y, , , ,No,, ,No,, ,, ,, ,Yes, ,"A Zoox vehicle (Vehicle 1), operating in autonomous mode, was stopped for a red traffic light on northbound [XXX] in San Francisco. A passenger car (Vehicle 2) was also stopped for the same traffic light directly behind the Zoox vehicle. After a few seconds, the passenger car started to inch forward and rear-ended the stopped Zoox vehicle, and the Zoox vehicle operator then disengaged from autonomy. The Zoox vehicle sustained minor damage to the rear bumper. There were no reported injuries at that time and the police were not called. The Zoox vehicle camera footage shows that the passenger car driver was not looking ahead at the roadway before or at the time of contact. On February 4, 2025, Zoox received notice of an unspecified injury allegation by its vehicle operator.", 