Report ID,Report Version,Reporting Entity,Report Type,Report Month,Report Year,Report Submission Date,VIN,VIN - Unknown,Serial Number,Make,Model,Model - Unknown,Model Year,Model Year - Unknown,Same Vehicle ID,Mileage,Mileage - Unknown,Driver / Operator Type,ADAS/ADS System Version,ADAS/ADS System Version - Unk,ADAS/ADS System Version CBI,ADAS/ADS Hardware Version,ADAS/ADS Hardware Version - Unk,ADAS/ADS Hardware Version CBI,ADAS/ADS Software Version,ADAS/ADS Software Version - Unk,ADAS/ADS Software Version CBI,Other Reporting Entities?,Other Reporting Entities? - Unk,Other Reporting Entities? - NA,Federal Regulatory Exemption?,Other Federal Reg. Exemption,Federal Reg. Exemption - Unk,Federal Reg. Exemption - No,State or Local Permit?,State or Local Permit,ADS Equipped?,Automation System Engaged?,Operating Entity,Operating Entity - Unknown,Source - Complaint/Claim,Source - Telematics,Source - Law Enforcement,Source - Field Report,Source - Testing,Source - Media,Source - Other,Source - Other Text,Incident Date,Incident Date - Unknown,Notice Received Date,Incident Time (24:00),Incident Time - Unknown,Same Incident ID,Latitude,Latitude - Unknown,Longitude,Longitude - Unknown,Address,Address - Unknown,City,City - Unknown,State,Zip Code,Zip Code - Unknown,Roadway Type,Roadway Surface,Roadway Description,Posted Speed Limit (MPH),Posted Speed Limit - Unknown,Lighting,Weather - Clear,Weather - Snow,Weather - Cloudy,Weather - Fog/Smoke,Weather - Rain,Weather - Severe Wind,Weather - Unknown,Weather - Other,Weather - Other Text,Crash With,Highest Injury Severity Alleged,Property Damage?,CP Pre-Crash Movement,CP Any Air Bags Deployed?,CP Was Vehicle Towed?,CP Contact Area - Rear Left,CP Contact Area - Left,CP Contact Area - Front Left,CP Contact Area - Rear,CP Contact Area - Top,CP Contact Area - Front,CP Contact Area - Rear Right,CP Contact Area - Right,CP Contact Area - Front Right,CP Contact Area - Bottom,CP Contact Area - Unknown,SV Pre-Crash Movement,SV Any Air Bags Deployed?,SV Was Vehicle Towed?,SV Were All Passengers Belted?,SV Precrash Speed (MPH),SV Pre-crash Speed - Unknown,SV Contact Area - Rear Left,SV Contact Area - Left,SV Contact Area - Front Left,SV Contact Area - Rear,SV Contact Area - Top,SV Contact Area - Front,SV Contact Area - Rear Right,SV Contact Area - Right,SV Contact Area - Front Right,SV Contact Area - Bottom,SV Contact Area - Unknown,Data Availability - EDR,Data Availability - Police Rpt,Data Availability - Telematics,Data Availability - Complaints,Data Availability - Video,Data Availability - Other,Data Availability - No Data,Data Availability - Unknown,Law Enforcement Investigating?,Investigating Agency,Investigating Agency - Unknown,Rep Ent Or Mfr Investigating?,Investigating Officer Name,Inv. Officer Name - Unknown,Investigating Officer Phone,Inv. Officer Phone - Unknown,Investigating Officer Email,Inv. Officer Email - Unknown,Within ODD?,Within ODD? - CBI,Narrative,Narrative - CBI?
540-6317,1,"General Motors, LLC",Monthly,8,2023,SEP-2023,5G21A6P00P4, ,N/A,Cruise,AV, ,2023, ,ad0c866add9c24e,7593, ,Remote (Commercial / Test),,Y, ,,Y, ,,Y, ,Cruise LLC, , ,,, ,Y,Yes (specify below),CA,Yes,ADS,Cruise LLC, , ,Y, ,Y, , , ,,AUG-2023, ,SEP-2023,08:37, ,d52496957ff39de,[MAY CONTAIN PERSONALLY IDENTIFIABLE INFORMATION], ,[MAY CONTAIN PERSONALLY IDENTIFIABLE INFORMATION], ,[MAY CONTAIN PERSONALLY IDENTIFIABLE INFORMATION], ,San Francisco, ,CA ,[MAY CONTAIN PERSONALLY IDENTIFIABLE INFORMATION], ,Street,Dry,No Unusual Conditions,25, ,Daylight, , ,Y, , , , , ,,Heavy Truck,No Injuries Reported,Yes,Backing,No,No, , , ,Y, , ,Y, , , , ,Stopped,No,No,No Passengers in Vehicle,0, , , , , , ,Y, , ,Y, , ,Y, ,Y, ,Y,Y, , ,No,, ,Yes,, ,, ,, ,"Unknown, see Narrative", ,"On September 14, 2023, GM Cruise Holdings LLC (""Cruise"") filed an Incident Report (the ""Report"") under the Second Amended Standing General Order 2021-01, dated April 5, 2023 (the ""Order"") General Motors LLC (GM) manufactured the Cruise-operated motor vehicle involved in the incident summarized in the Incident Report. Because GM is also a Reporting Entity under the Order, GM is submitting a duplicate of the redacted public copy of the Report. GM has selected ""Unknown"" in the ""ADS version"" and ""ODD time"" fields solely to avoid a second submission of nonpublic Cruise CBI GM is in possession of Cruise's responses to these fields, and incorporates Cruise's responses into this submission by reference. GM's submission is based on facts supplied to GM by Cruise. GM has not investigated the alleged incident and currently believes, based on a reasonable inquiry, that it has no independent knowledge of the facts in the Report. (Reference file: 30412-6277-1)", 
540-6316,1,"General Motors, LLC",Monthly,8,2023,SEP-2023,5G21A6P09N4, ,N/A,Cruise,AV, ,2022, ,cad73f6c6d87ae2,17832, ,Remote (Commercial / Test),,Y, ,,Y, ,,Y, ,Cruise LLC, , ,,, ,Y,Yes (specify below),CA,Yes,ADS,Cruise LLC, , ,Y, ,Y, , , ,,AUG-2023, ,SEP-2023,16:31, ,d01df3691917979,[MAY CONTAIN PERSONALLY IDENTIFIABLE INFORMATION], ,[MAY CONTAIN PERSONALLY IDENTIFIABLE INFORMATION], ,[MAY CONTAIN PERSONALLY IDENTIFIABLE INFORMATION], ,San Francisco, ,CA ,[MAY CONTAIN PERSONALLY IDENTIFIABLE INFORMATION], ,Street,Dry,No Unusual Conditions,25, ,Daylight,Y, , , , , , , ,,Pickup Truck,No Injuries Reported,Yes,Proceeding Straight,No,No, , , , , ,Y, , , , , ,Proceeding Straight,No,No,No Passengers in Vehicle,1, ,Y, , ,Y, , , , , , , ,Y, ,Y, ,Y,Y, , ,No,, ,Yes,, ,, ,, ,"Unknown, see Narrative", ,"On September 14, 2023, GM Cruise Holdings LLC (""Cruise"") filed an Incident Report (the ""Report"") under the Second Amended Standing General Order 2021-01, dated April 5, 2023 (the ""Order"") General Motors LLC (GM) manufactured the Cruise-operated motor vehicle involved in the incident summarized in the Incident Report. Because GM is also a Reporting Entity under the Order, GM is submitting a duplicate of the redacted public copy of the Report. GM has selected ""Unknown"" in the ""ADS version"" and ""ODD time"" fields solely to avoid a second submission of nonpublic Cruise CBI GM is in possession of Cruise's responses to these fields, and incorporates Cruise's responses into this submission by reference. GM's submission is based on facts supplied to GM by Cruise. GM has not investigated the alleged incident and currently believes, based on a reasonable inquiry, that it has no independent knowledge of the facts in the Report. (Reference file: 30412-6281-1)", 
540-6315,1,"General Motors, LLC",Monthly,8,2023,SEP-2023,5G21A6P08P4, ,N/A,Cruise,AV, ,2023, ,e8b1d7c6034b84e,7379, ,Remote (Commercial / Test),,Y, ,,Y, ,,Y, ,Cruise LLC, , ,,, ,Y,Yes (specify below),CA,Yes,ADS,Cruise LLC, , ,Y, ,Y, , , ,,AUG-2023, ,SEP-2023,22:55, ,1e597bea8a8f186,[MAY CONTAIN PERSONALLY IDENTIFIABLE INFORMATION], ,[MAY CONTAIN PERSONALLY IDENTIFIABLE INFORMATION], ,[MAY CONTAIN PERSONALLY IDENTIFIABLE INFORMATION], ,San Francisco, ,CA ,[MAY CONTAIN PERSONALLY IDENTIFIABLE INFORMATION], ,Intersection,Dry,No Unusual Conditions,25, ,Dark - Lighted,Y, , , , , , , ,,Heavy Truck,No Injuries Reported,Yes,Proceeding Straight,No,No, , , , , , ,Y, , , , ,Proceeding Straight,No,No,Yes,6, , , , , , ,Y, , ,Y, , ,Y, ,Y, ,Y,Y, , ,Yes,San Francisco Police Department, ,Yes,[MAY CONTAIN PERSONALLY IDENTIFIABLE INFORMATION], ,,Y,,Y,"Unknown, see Narrative", ,"On September 14, 2023, GM Cruise Holdings LLC (""Cruise"") filed an Incident Report (the ""Report"") under the Second Amended Standing General Order 2021-01, dated April 5, 2023 (the ""Order"") General Motors LLC (GM) manufactured the Cruise-operated motor vehicle involved in the incident summarized in the Incident Report. Because GM is also a Reporting Entity under the Order, GM is submitting a duplicate of the redacted public copy of the Report. GM has selected ""Unknown"" in the ""ADS version"" and ""ODD time"" fields solely to avoid a second submission of nonpublic Cruise CBI GM is in possession of Cruise's responses to these fields, and incorporates Cruise's responses into this submission by reference. GM's submission is based on facts supplied to GM by Cruise. GM has not investigated the alleged incident and currently believes, based on a reasonable inquiry, that it has no independent knowledge of the facts in the Report. (Reference file: 30412-6280-1)", 
540-6313,1,"General Motors, LLC",Monthly,8,2023,SEP-2023,5G21A6P0XP4, ,N/A,Cruise,AV, ,2023, ,c4da4bc8f25fc58,12454, ,Remote (Commercial / Test),,Y, ,,Y, ,,Y, ,Cruise LLC, , ,,, ,Y,Yes (specify below),CA,Yes,ADS,Cruise LLC, , ,Y, ,Y, , , ,,AUG-2023, ,SEP-2023,16:45, ,47d9acb9a1f666d,[MAY CONTAIN PERSONALLY IDENTIFIABLE INFORMATION], ,[MAY CONTAIN PERSONALLY IDENTIFIABLE INFORMATION], ,[MAY CONTAIN PERSONALLY IDENTIFIABLE INFORMATION], ,San Francisco, ,CA ,[MAY CONTAIN PERSONALLY IDENTIFIABLE INFORMATION], ,Street,Dry,No Unusual Conditions,25, ,Daylight,Y, , , , , , , ,,Pickup Truck,No Injuries Reported,Yes,Proceeding Straight,No,No,Y,Y, , , , , , , , , ,Stopped,No,No,No Passengers in Vehicle,0, ,Y, , , , , , , , , , ,Y, ,Y, ,Y,Y, , ,No,, ,Yes,, ,, ,, ,"Unknown, see Narrative", ,"On September 14, 2023, GM Cruise Holdings LLC (""Cruise"") filed an Incident Report (the ""Report"") under the Second Amended Standing General Order 2021-01, dated April 5, 2023 (the ""Order"") General Motors LLC (GM) manufactured the Cruise-operated motor vehicle involved in the incident summarized in the Incident Report. Because GM is also a Reporting Entity under the Order, GM is submitting a duplicate of the redacted public copy of the Report. GM has selected ""Unknown"" in the ""ADS version"" and ""ODD time"" fields solely to avoid a second submission of nonpublic Cruise CBI GM is in possession of Cruise's responses to these fields, and incorporates Cruise's responses into this submission by reference. GM's submission is based on facts supplied to GM by Cruise. GM has not investigated the alleged incident and currently believes, based on a reasonable inquiry, that it has no independent knowledge of the facts in the Report. (Reference file: 30412-6278-1)", 
540-6311,1,"General Motors, LLC",Monthly,8,2023,SEP-2023,5G21A6P05P4, ,N/A,Cruise,AV, ,2023, ,009eccb2ce49c6d,6826, ,Remote (Commercial / Test),,Y, ,,Y, ,,Y, ,Cruise LLC, , ,,, ,Y,Yes (specify below),CA,Yes,ADS,Cruise LLC, , ,Y, ,Y, , , ,,AUG-2023, ,SEP-2023,11:59, ,5b390c5a66d9694,[MAY CONTAIN PERSONALLY IDENTIFIABLE INFORMATION], ,[MAY CONTAIN PERSONALLY IDENTIFIABLE INFORMATION], ,[MAY CONTAIN PERSONALLY IDENTIFIABLE INFORMATION], ,San Francisco, ,CA ,[MAY CONTAIN PERSONALLY IDENTIFIABLE INFORMATION], ,Intersection,Dry,No Unusual Conditions,25, ,Daylight,Y, , , , , , , ,,Passenger Car,No Injuries Reported,Yes,Proceeding Straight,No,No, , , , , ,Y, , , , , ,Proceeding Straight,No,No,No Passengers in Vehicle,1, , , , ,Y, , , , , , , ,Y, ,Y, ,Y,Y, , ,No,, ,Yes,, ,, ,, ,"Unknown, see Narrative", ,"On September 14, 2023, GM Cruise Holdings LLC (""Cruise"") filed an Incident Report (the ""Report"") under the Second Amended Standing General Order 2021-01, dated April 5, 2023 (the ""Order"") General Motors LLC (GM) manufactured the Cruise-operated motor vehicle involved in the incident summarized in the Incident Report. Because GM is also a Reporting Entity under the Order, GM is submitting a duplicate of the redacted public copy of the Report. GM has selected ""Unknown"" in the ""ADS version"" and ""ODD time"" fields solely to avoid a second submission of nonpublic Cruise CBI GM is in possession of Cruise's responses to these fields, and incorporates Cruise's responses into this submission by reference. GM's submission is based on facts supplied to GM by Cruise. GM has not investigated the alleged incident and currently believes, based on a reasonable inquiry, that it has no independent knowledge of the facts in the Report. (Reference file: 30412-6279-1)", 
540-6308,1,"General Motors, LLC",Monthly,8,2023,SEP-2023,5G21A6P03P4, ,N/A,Cruise,AV, ,2023, ,4f77fc9ca442498,10356, ,Remote (Commercial / Test),,Y, ,,Y, ,,Y, ,Cruise LLC, , ,,, ,Y,Yes (specify below),CA,Yes,ADS,Cruise LLC, , ,Y, ,Y, , , ,,AUG-2023, ,SEP-2023,10:37, ,4cfdaf92efc44d4,[MAY CONTAIN PERSONALLY IDENTIFIABLE INFORMATION], ,[MAY CONTAIN PERSONALLY IDENTIFIABLE INFORMATION], ,[MAY CONTAIN PERSONALLY IDENTIFIABLE INFORMATION], ,San Francisco, ,CA ,[MAY CONTAIN PERSONALLY IDENTIFIABLE INFORMATION], ,Intersection,Dry,No Unusual Conditions,25, ,Daylight,Y, , , , , , , ,,Heavy Truck,No Injuries Reported,Yes,Proceeding Straight,No,No,Y, , , , , , , , , , ,Stopped,No,No,No Passengers in Vehicle,0, , , , , , , , , ,Y, , ,Y, ,Y, ,Y,Y, , ,Yes,San Francisco Police Department, ,Yes,,Y,,Y,,Y,"Unknown, see Narrative", ,"On September 14, 2023, GM Cruise Holdings LLC (""Cruise"") filed an Incident Report (the ""Report"") under the Second Amended Standing General Order 2021-01, dated April 5, 2023 (the ""Order"") General Motors LLC (GM) manufactured the Cruise-operated motor vehicle involved in the incident summarized in the Incident Report. Because GM is also a Reporting Entity under the Order, GM is submitting a duplicate of the redacted public copy of the Report. GM has selected ""Unknown"" in the ""ADS version"" and ""ODD time"" fields solely to avoid a second submission of nonpublic Cruise CBI GM is in possession of Cruise's responses to these fields, and incorporates Cruise's responses into this submission by reference. GM's submission is based on facts supplied to GM by Cruise. GM has not investigated the alleged incident and currently believes, based on a reasonable inquiry, that it has no independent knowledge of the facts in the Report. (Reference file: 30412-6276-1)", 
540-6307,1,"General Motors, LLC",Monthly,8,2023,SEP-2023,5G21A6P08P4, ,N/A,Cruise,AV, ,2023, ,0ffcaf320d0257f,5564, ,Remote (Commercial / Test),,Y, ,,Y, ,,Y, ,Cruise LLC, , ,,, ,Y,Yes (specify below),CA,Yes,ADS,Cruise LLC, , ,Y, ,Y, , , ,,AUG-2023, ,SEP-2023,23:34, ,6fe6f968f40e80b,[MAY CONTAIN PERSONALLY IDENTIFIABLE INFORMATION], ,[MAY CONTAIN PERSONALLY IDENTIFIABLE INFORMATION], ,[MAY CONTAIN PERSONALLY IDENTIFIABLE INFORMATION], ,San Francisco, ,CA ,[MAY CONTAIN PERSONALLY IDENTIFIABLE INFORMATION], ,Intersection,Dry,No Unusual Conditions,25, ,Dark - Lighted,Y, , , , , , , ,,SUV,No Injuries Reported,Yes,Proceeding Straight,No,No, , , , , , , , ,Y, , ,Stopped,No,No,No Passengers in Vehicle,0, ,Y, , , , , , , , , , ,Y, ,Y, ,Y,Y, , ,Yes,San Francisco Police Department, ,Yes,[MAY CONTAIN PERSONALLY IDENTIFIABLE INFORMATION], ,,Y,,Y,"Unknown, see Narrative", ,"On September 14, 2023, GM Cruise Holdings LLC (""Cruise"") filed an Incident Report (the ""Report"") under the Second Amended Standing General Order 2021-01, dated April 5, 2023 (the ""Order"") General Motors LLC (GM) manufactured the Cruise-operated motor vehicle involved in the incident summarized in the Incident Report. Because GM is also a Reporting Entity under the Order, GM is submitting a duplicate of the redacted public copy of the Report. GM has selected ""Unknown"" in the ""ADS version"" and ""ODD time"" fields solely to avoid a second submission of nonpublic Cruise CBI GM is in possession of Cruise's responses to these fields, and incorporates Cruise's responses into this submission by reference. GM's submission is based on facts supplied to GM by Cruise. GM has not investigated the alleged incident and currently believes, based on a reasonable inquiry, that it has no independent knowledge of the facts in the Report. (Reference file: 30412-6272-1)", 
540-6306,1,"General Motors, LLC",Monthly,8,2023,SEP-2023,5G21A6P05P4, ,N/A,Cruise,AV, ,2023, ,d8c54ca75c4ad96,642, ,Remote (Commercial / Test),,Y, ,,Y, ,,Y, ,Cruise LLC, , ,,, ,Y,Yes (specify below),CA,Yes,ADS,Cruise LLC, , ,Y, ,Y, , , ,,AUG-2023, ,SEP-2023,22:32, ,36eaf89cd2651b4,[MAY CONTAIN PERSONALLY IDENTIFIABLE INFORMATION], ,[MAY CONTAIN PERSONALLY IDENTIFIABLE INFORMATION], ,[MAY CONTAIN PERSONALLY IDENTIFIABLE INFORMATION], ,San Francisco, ,CA ,[MAY CONTAIN PERSONALLY IDENTIFIABLE INFORMATION], ,Street,Dry,No Unusual Conditions,25, ,Dark - Lighted, , ,Y, , , , , ,,Heavy Truck,No Injuries Reported,Yes,Backing,No,No, ,Y, , , , , , , , , ,Stopped,No,No,No Passengers in Vehicle,0, , , , , , ,Y, , ,Y, , ,Y, ,Y, ,Y,Y, , ,No,, ,Yes,, ,, ,, ,"Unknown, see Narrative", ,"On September 14, 2023, GM Cruise Holdings LLC (""Cruise"") filed an Incident Report (the ""Report"") under the Second Amended Standing General Order 2021-01, dated April 5, 2023 (the ""Order"") General Motors LLC (GM) manufactured the Cruise-operated motor vehicle involved in the incident summarized in the Incident Report. Because GM is also a Reporting Entity under the Order, GM is submitting a duplicate of the redacted public copy of the Report. GM has selected ""Unknown"" in the ""ADS version"" and ""ODD time"" fields solely to avoid a second submission of nonpublic Cruise CBI GM is in possession of Cruise's responses to these fields, and incorporates Cruise's responses into this submission by reference. GM's submission is based on facts supplied to GM by Cruise. GM has not investigated the alleged incident and currently believes, based on a reasonable inquiry, that it has no independent knowledge of the facts in the Report. (Reference file: 30412-6275-1)", 
540-6304,1,"General Motors, LLC",Monthly,8,2023,SEP-2023,5G21A6P0XP4, ,N/A,Cruise,AV, ,2023, ,e701c498a606d33,8917, ,Remote (Commercial / Test),,Y, ,,Y, ,,Y, ,Cruise LLC, , ,,, ,Y,Yes (specify below),CA,Yes,ADS,Cruise LLC, , ,Y, ,Y, , , ,,AUG-2023, ,SEP-2023,09:05, ,a031f7256578809,[MAY CONTAIN PERSONALLY IDENTIFIABLE INFORMATION], ,[MAY CONTAIN PERSONALLY IDENTIFIABLE INFORMATION], ,[MAY CONTAIN PERSONALLY IDENTIFIABLE INFORMATION], ,San Francisco, ,CA ,[MAY CONTAIN PERSONALLY IDENTIFIABLE INFORMATION], ,Street,Dry,No Unusual Conditions,25, ,Daylight,Y, , , , , , , ,,Passenger Car,Minor,Yes,Proceeding Straight,No,No, , , , , ,Y, , ,Y, , ,Proceeding Straight,No,No,No Passengers in Vehicle,5, ,Y, , , , , , , , , , ,Y, ,Y, ,Y,Y, , ,No,, ,Yes,, ,, ,, ,"Unknown, see Narrative", ,"On September 14, 2023, GM Cruise Holdings LLC (""Cruise"") filed an Incident Report (the ""Report"") under the Second Amended Standing General Order 2021-01, dated April 5, 2023 (the ""Order"") General Motors LLC (GM) manufactured the Cruise-operated motor vehicle involved in the incident summarized in the Incident Report. Because GM is also a Reporting Entity under the Order, GM is submitting a duplicate of the redacted public copy of the Report. GM has selected ""Unknown"" in the ""ADS version"" and ""ODD time"" fields solely to avoid a second submission of nonpublic Cruise CBI GM is in possession of Cruise's responses to these fields, and incorporates Cruise's responses into this submission by reference. GM's submission is based on facts supplied to GM by Cruise. GM has not investigated the alleged incident and currently believes, based on a reasonable inquiry, that it has no independent knowledge of the facts in the Report. (Reference file: 30412-6167-1)", 
540-6302,1,"General Motors, LLC",Monthly,8,2023,SEP-2023,5G21A6P06P4, ,N/A,Cruise,AV, ,2023, ,060a42f327f5862,5904, ,Remote (Commercial / Test),,Y, ,,Y, ,,Y, ,Cruise LLC, , ,,, ,Y,Yes (specify below),CA,Yes,ADS,Cruise LLC, , ,Y, ,Y, , , ,,AUG-2023, ,SEP-2023,13:47, ,9bbcc8e37f34850,[MAY CONTAIN PERSONALLY IDENTIFIABLE INFORMATION], ,[MAY CONTAIN PERSONALLY IDENTIFIABLE INFORMATION], ,[MAY CONTAIN PERSONALLY IDENTIFIABLE INFORMATION], ,San Francisco, ,CA ,[MAY CONTAIN PERSONALLY IDENTIFIABLE INFORMATION], ,Intersection,Dry,No Unusual Conditions,25, ,Daylight,Y, , , , , , , ,,Passenger Car,No Injuries Reported,Yes,Making U-Turn,No,No, ,Y, , , , , , , , , ,Proceeding Straight,No,No,No Passengers in Vehicle,5, , , , , , , , , ,Y, , ,Y, ,Y, ,Y,Y, , ,No,, ,Yes,, ,, ,, ,"Unknown, see Narrative", ,"On September 14, 2023, GM Cruise Holdings LLC (""Cruise"") filed an Incident Report (the ""Report"") under the Second Amended Standing General Order 2021-01, dated April 5, 2023 (the ""Order"") General Motors LLC (GM) manufactured the Cruise-operated motor vehicle involved in the incident summarized in the Incident Report. Because GM is also a Reporting Entity under the Order, GM is submitting a duplicate of the redacted public copy of the Report. GM has selected ""Unknown"" in the ""ADS version"" and ""ODD time"" fields solely to avoid a second submission of nonpublic Cruise CBI GM is in possession of Cruise's responses to these fields, and incorporates Cruise's responses into this submission by reference. GM's submission is based on facts supplied to GM by Cruise. GM has not investigated the alleged incident and currently believes, based on a reasonable inquiry, that it has no independent knowledge of the facts in the Report. (Reference file: 30412-6269-1)", 
540-6294,2,"General Motors, LLC",Update,,,SEP-2023,5G21A6P03P4, ,N/A,Cruise,AV, ,2023, ,076842eb87a311d,1975, ,Remote (Commercial / Test),,Y, ,,Y, ,,Y, ,Cruise LLC, , ,,, ,Y,Yes (specify below),CA,Yes,ADS,Cruise LLC, , ,Y, ,Y, , , ,,AUG-2023, ,SEP-2023,16:06, ,e96092613d9dd35,[MAY CONTAIN PERSONALLY IDENTIFIABLE INFORMATION], ,[MAY CONTAIN PERSONALLY IDENTIFIABLE INFORMATION], ,[MAY CONTAIN PERSONALLY IDENTIFIABLE INFORMATION], ,San Francisco, ,CA ,[MAY CONTAIN PERSONALLY IDENTIFIABLE INFORMATION], ,Intersection,Dry,No Unusual Conditions,25, ,Daylight,Y, , , , , , , ,,Passenger Car,Minor,Yes,Proceeding Straight,No,No, , , , , , , , ,Y, , ,Making Right Turn,No,No,Yes,1, ,Y, , , , , , , , , , ,Y, ,Y, ,Y,Y, , ,No,, ,Yes,, ,, ,, ,"Unknown, see Narrative", ,"On September 14, 2023, GM Cruise Holdings LLC (""Cruise"") filed an Incident Report (the ""Report"") under the Second Amended Standing General Order 2021-01, dated April 5, 2023 (the ""Order"") General Motors LLC (GM) manufactured the Cruise-operated motor vehicle involved in the incident summarized in the Incident Report. Because GM is also a Reporting Entity under the Order, GM is submitting a duplicate of the redacted public copy of the Report. GM has selected ""Unknown"" in the ""ADS version"" and ""ODD time"" fields solely to avoid a second submission of nonpublic Cruise CBI GM is in possession of Cruise's responses to these fields, and incorporates Cruise's responses into this submission by reference. GM's submission is based on facts supplied to GM by Cruise. GM has not investigated the alleged incident and currently believes, based on a reasonable inquiry, that it has no independent knowledge of the facts in the Report. (Reference file: 30412-6270-1)", 
540-6293,2,"General Motors, LLC",Update,,,SEP-2023,5G21A6P00P4, ,N/A,Cruise,AV, ,2023, ,855beb2ad4ea0c6,8236, ,Remote (Commercial / Test),,Y, ,,Y, ,,Y, ,Cruise LLC, , ,,, ,Y,Yes (specify below),CA,Yes,ADS,Cruise LLC, , ,Y, ,Y, , , ,,AUG-2023, ,SEP-2023,14:53, ,a1a3b76299c95c4,[MAY CONTAIN PERSONALLY IDENTIFIABLE INFORMATION], ,[MAY CONTAIN PERSONALLY IDENTIFIABLE INFORMATION], ,[MAY CONTAIN PERSONALLY IDENTIFIABLE INFORMATION], ,San Francisco, ,CA ,[MAY CONTAIN PERSONALLY IDENTIFIABLE INFORMATION], ,Intersection,Dry,No Unusual Conditions,25, ,Daylight,Y, , , , , , , ,,Pickup Truck,No Injuries Reported,Yes,Proceeding Straight,No,No, , , , , , , , ,Y, , ,Stopped,No,No,No Passengers in Vehicle,0, ,Y, , , , , , , , , , ,Y, ,Y, ,Y,Y, , ,No,, ,Yes,, ,, ,, ,"Unknown, see Narrative", ,"On September 14, 2023, GM Cruise Holdings LLC (""Cruise"") filed an Incident Report (the ""Report"") under the Second Amended Standing General Order 2021-01, dated April 5, 2023 (the ""Order"") General Motors LLC (GM) manufactured the Cruise-operated motor vehicle involved in the incident summarized in the Incident Report. Because GM is also a Reporting Entity under the Order, GM is submitting a duplicate of the redacted public copy of the Report. GM has selected ""Unknown"" in the ""ADS version"" and ""ODD time"" fields solely to avoid a second submission of nonpublic Cruise CBI GM is in possession of Cruise's responses to these fields, and incorporates Cruise's responses into this submission by reference. GM's submission is based on facts supplied to GM by Cruise. GM has not investigated the alleged incident and currently believes, based on a reasonable inquiry, that it has no independent knowledge of the facts in the Report. (Reference file: 30412-6271-1)", 
540-6295,1,"General Motors, LLC",Monthly,8,2023,SEP-2023,5G21A6P05P4, ,N/A,Cruise,AV, ,2023, ,bd9f3f0db6c5776,6133, ,Remote (Commercial / Test),,Y, ,,Y, ,,Y, ,Cruise LLC, , ,,, ,Y,Yes (specify below),CA,Yes,ADS,Cruise LLC, , ,Y, ,Y, , , ,,AUG-2023, ,SEP-2023,20:33, ,dddd801cc7734cb,[MAY CONTAIN PERSONALLY IDENTIFIABLE INFORMATION], ,[MAY CONTAIN PERSONALLY IDENTIFIABLE INFORMATION], ,[MAY CONTAIN PERSONALLY IDENTIFIABLE INFORMATION], ,San Francisco, ,CA ,[MAY CONTAIN PERSONALLY IDENTIFIABLE INFORMATION], ,Intersection,Dry,No Unusual Conditions,25, ,Dark - Lighted,Y, , , , , , , ,,Passenger Car,No Injuries Reported,Yes,Proceeding Straight,No,No, , , , , , , , ,Y, , ,Proceeding Straight,No,No,No Passengers in Vehicle,8, , ,Y, , , , , , , , , ,Y, ,Y, ,Y,Y, , ,No,, ,Yes,, ,, ,, ,"Unknown, see Narrative", ,"On September 14, 2023, GM Cruise Holdings LLC (""Cruise"") filed an Incident Report (the ""Report"") under the Second Amended Standing General Order 2021-01, dated April 5, 2023 (the ""Order"") General Motors LLC (GM) manufactured the Cruise-operated motor vehicle involved in the incident summarized in the Incident Report. Because GM is also a Reporting Entity under the Order, GM is submitting a duplicate of the redacted public copy of the Report. GM has selected ""Unknown"" in the ""ADS version"" and ""ODD time"" fields solely to avoid a second submission of nonpublic Cruise CBI GM is in possession of Cruise's responses to these fields, and incorporates Cruise's responses into this submission by reference. GM's submission is based on facts supplied to GM by Cruise. GM has not investigated the alleged incident and currently believes, based on a reasonable inquiry, that it has no independent knowledge of the facts in the Report. (Reference file: 30412-6268-1)", 
540-6294,1,"General Motors, LLC",Monthly,8,2023,SEP-2023,5G21A6P03P4, ,N/A,Cruise,AV, ,2023, ,076842eb87a311d,1975, ,Remote (Commercial / Test),,Y, ,,Y, ,,Y, ,Cruise LLC, , ,,, ,Y,Yes (specify below),CA,Yes,ADS,Cruise LLC, , ,Y, ,Y, , , ,,AUG-2023, ,SEP-2023,16:06, ,e96092613d9dd35,[MAY CONTAIN PERSONALLY IDENTIFIABLE INFORMATION], ,[MAY CONTAIN PERSONALLY IDENTIFIABLE INFORMATION], ,[MAY CONTAIN PERSONALLY IDENTIFIABLE INFORMATION], ,San Francisco, ,CA ,[MAY CONTAIN PERSONALLY IDENTIFIABLE INFORMATION], ,Intersection,Dry,No Unusual Conditions,25, ,Daylight,Y, , , , , , , ,,Passenger Car,Minor,Yes,Proceeding Straight,No,No, , , , , , , , ,Y, , ,Making Right Turn,No,No,Yes,1, ,Y, , , , , , , , , , ,Y, ,Y, ,Y,Y, , ,No,, ,Yes,, ,, ,, ,"Unknown, see Narrative", ,"On September 15, 2023, GM Cruise Holdings LLC (""Cruise"") filed an Incident Report (the ""Report"") under the Second Amended Standing General Order 2021-01, dated April 5, 2023 (the ""Order"") General Motors LLC (GM) manufactured the Cruise-operated motor vehicle involved in the incident summarized in the Incident Report. Because GM is also a Reporting Entity under the Order, GM is submitting a duplicate of the redacted public copy of the Report. GM has selected ""Unknown"" in the ""ADS version"" and ""ODD time"" fields solely to avoid a second submission of nonpublic Cruise CBI GM is in possession of Cruise's responses to these fields, and incorporates Cruise's responses into this submission by reference. GM's submission is based on facts supplied to GM by Cruise. GM has not investigated the alleged incident and currently believes, based on a reasonable inquiry, that it has no independent knowledge of the facts in the Report. (Reference file: 30412-6270-1)", 